Var1,Var2,Var3
0,0,0
0.005,0.00511747911882294,0.000657972544416591
0.01,0.0102343970483918,0.0013159385949098
0.015,0.015350192660993,0.00197389165762035
0.02,0.0204643049519881,0.00263182523881713
0.025,0.0255761731013334,0.00328973284496131
0.03,0.0306852365350809,0.00394760798277043
0.035,0.0357909349868511,0.00460544415928247
0.04,0.0408927085592729,0.00526323488191996
0.045,0.0459899977853822,0.00592097365855401
0.05,0.0510822436899741,0.00657865399756845
0.055,0.0561688878509009,0.00723626940792384
0.06,0.061249372460309,0.00789381339922158
0.065,0.0663231403858091,0.00855127948176793
0.07,0.071389635231572,0.00920866116663808
0.075,0.0764483013993438,0.00986595196574021
0.08,0.081498584149373,0.0105231453918795
0.085,0.0865399296612448,0.0111802349588221
0.09,0.0915717850946127,0.0118372141813593
0.095,0.0965935986498249,0.0124940765753714
0.1,0.101604819628434,0.0131508156578918
0.105,0.106604898493589,0.0138074249471709
0.11,0.111593286930296,0.01446389796274
0.115,0.116569437905549,0.0151202282254755
0.12,0.121532805728317,0.0157764092576627
0.125,0.126482846109387,0.0164324345830597
0.13,0.131419016221049,0.0170882977269615
0.135,0.136340774756625,0.0177439922162635
0.14,0.141247581989828,0.0183995115795258
0.145,0.14613889983395,0.0190548493470371
0.15,0.15101419190087,0.0197099990508781
0.155,0.155872923559872,0.0203649542249856
0.16,0.160714561996278,0.0210197084052167
0.165,0.165538576269872,0.0216742551294118
0.17,0.170344437373128,0.022328587937459
0.175,0.175131618289219,0.0229827003713577
0.18,0.179899594049811,0.0236365859752822
0.185,0.184647841792631,0.0242902382956456
0.19,0.189375840818806,0.0249436508811633
0.195,0.194083072649964,0.0255968172829171
0.2,0.198769021085088,0.0262497310544181
0.205,0.203433172257127,0.0269023857516711
0.21,0.208075014689344,0.0275547749332376
0.215,0.212694039351409,0.0282068921602999
0.22,0.217289739715214,0.0288587309967241
0.225,0.221861611810427,0.0295102850091241
0.23,0.226409154279752,0.0301615477669248
0.235,0.230931868433911,0.0308125128424258
0.24,0.235429258306331,0.0314631738108646
0.245,0.23990083070753,0.0321135242504801
0.25,0.244346095279206,0.0327635577425759
0.255,0.248764564548004,0.033413267871584
0.26,0.253155753978978,0.0340626482251277
0.265,0.257519182028722,0.0347116923940851
0.27,0.261854370198179,0.0353603939726522
0.275,0.266160843085113,0.0360087465584064
0.28,0.270438128436243,0.0366567437523694
0.285,0.274685757199029,0.0373043791590704
0.29,0.278903263573112,0.0379516463866095
0.295,0.283090185061389,0.0385985390467206
0.3,0.287246062520738,0.039245050754834
0.305,0.291370440212362,0.0398911751301404
0.31,0.295462865851771,0.040536905795653
0.315,0.299522890658375,0.0411822363782708
0.32,0.303550069404703,0.0418271605088415
0.325,0.307543960465222,0.0424716718222242
0.33,0.31150412586477,0.0431157639573526
0.335,0.315430131326585,0.0437594305572973
0.34,0.319321546319925,0.0444026652693287
0.345,0.323177944107285,0.04504546174498
0.35,0.326998901791189,0.0456878136401095
0.355,0.330784000360569,0.0463297146149633
0.36,0.334532824736712,0.0469711583342379
0.365,0.338244963818781,0.0476121384671428
0.37,0.341920010528893,0.0482526486874628
0.375,0.345557561856762,0.0488926826736206
0.38,0.349157218903893,0.0495322341087392
0.385,0.352718586927328,0.0501712966807041
0.39,0.356241275382929,0.0508098640822258
0.395,0.359724897968209,0.0514479300109017
0.4,0.363169072664697,0.0520854881692788
0.405,0.366573421779823,0.0527225322649155
0.41,0.369937571988344,0.0533590560104436
0.415,0.373261154373279,0.0539950531236308
0.42,0.376543804466366,0.0546305173274424
0.425,0.379785162288031,0.0552654423501032
0.43,0.38298487238686,0.0558998219251595
0.435,0.386142583878586,0.0565336497915412
0.44,0.389257950484557,0.0571669196936229
0.445,0.39233063056972,0.0577996253812865
0.45,0.395360287180076,0.0584317606099822
0.455,0.398346588079637,0.0590633191407906
0.46,0.401289205786858,0.0596942947404839
0.465,0.404187817610545,0.0603246811815876
0.47,0.407042105685249,0.0609544722424421
0.475,0.409851757006117,0.061583661707264
0.48,0.41261646346322,0.0622122433662071
0.485,0.415335921875339,0.0628402110154243
0.49,0.418009834023214,0.0634675584571283
0.495,0.420637906682245,0.0640942794996533
0.5,0.423219851654651,0.0647203679575155
0.505,0.425755385801068,0.0653458176514747
0.51,0.428244231071605,0.0659706224085948
0.515,0.430686114536332,0.0665947760623052
0.52,0.433080768415208,0.0672182724524612
0.525,0.43542793010745,0.0678411054254053
0.53,0.43772734222033,0.0684632688340273
0.535,0.439978752597396,0.0690847565378257
0.54,0.442181914346131,0.0697055624029677
0.545,0.444336585865019,0.0703256803023501
0.55,0.44644253087005,0.0709451041156595
0.555,0.44849951842062,0.071563827729433
0.56,0.450507322944866,0.0721818450371183
0.565,0.452465724264395,0.072799149939134
0.57,0.454374507618432,0.0734157363429301
0.575,0.456233463687374,0.0740315981630476
0.58,0.458042388615739,0.074646729321179
0.585,0.459801084034524,0.0752611237462281
0.59,0.461509357082957,0.0758747753743699
0.595,0.463167020429648,0.0764876781491107
0.6,0.464773892293131,0.0770998260213475
0.605,0.466329796461798,0.077711212949428
0.61,0.467834562313225,0.0783218328992099
0.615,0.469288024832877,0.0789316798441208
0.62,0.470690024632211,0.0795407477652178
0.625,0.472040407966149,0.0801490306512462
0.63,0.473339026749942,0.0807565224986995
0.635,0.474585738575406,0.0813632173118785
0.64,0.47578040672654,0.0819691091029503
0.645,0.476922900194519,0.0825741918920075
0.65,0.478013093692059,0.0831784597071273
0.655,0.479050867667157,0.0837819065844303
0.66,0.480036108316203,0.0843845265681394
0.665,0.480968707596457,0.0849863137106387
0.67,0.481848563237898,0.085587262072532
0.675,0.482675578754441,0.0861873657227017
0.68,0.483449663454514,0.0867866187383669
0.685,0.484170732451006,0.0873850152051424
0.69,0.484838706670577,0.0879825492170965
0.695,0.485453512862326,0.0885792148768099
0.7,0.486015083605826,0.0891750062954333
0.705,0.486523357318516,0.0897699175927459
0.71,0.486978278262456,0.0903639428972135
0.715,0.487379796550438,0.0909570763460461
0.72,0.487727868151458,0.0915493120852561
0.725,0.488022454895541,0.0921406442697157
0.73,0.488263524477931,0.092731067063215
0.735,0.488451050462633,0.0933205746385195
0.74,0.488585012285309,0.0939091611774273
0.745,0.488665395255535,0.094496820870827
0.75,0.488692190558412,0.0950835479187546
0.755,0.488665395255535,0.095669336530451
0.76,0.488585012285309,0.0962541809244191
0.765,0.488451050462633,0.096838075328481
0.77,0.488263524477931,0.0974210139798344
0.775,0.488022454895541,0.0980029911251103
0.78,0.487727868151458,0.0985840010204291
0.785,0.487379796550438,0.0991640379314579
0.79,0.486978278262456,0.0997430961334665
0.795,0.486523357318516,0.100321169911384
0.8,0.486015083605826,0.100898253559856
0.805,0.485453512862326,0.1014743413833
0.81,0.484838706670577,0.10204942769596
0.815,0.484170732451006,0.102623506821969
0.82,0.483449663454514,0.103196573095396
0.825,0.482675578754441,0.103768620860309
0.83,0.481848563237898,0.104339644470827
0.835,0.480968707596457,0.104909638291177
0.84,0.480036108316203,0.105478596695752
0.845,0.479050867667157,0.10604651406916
0.85,0.478013093692059,0.106613384806288
0.855,0.476922900194519,0.107179203312348
0.86,0.47578040672654,0.107743964002943
0.865,0.474585738575406,0.10830766130411
0.87,0.473339026749942,0.108870289652386
0.875,0.472040407966149,0.109431843494856
0.88,0.470690024632211,0.10999231728921
0.885,0.469288024832877,0.110551705503798
0.89,0.467834562313225,0.111110002617684
0.895,0.466329796461798,0.111667203120701
0.9,0.464773892293131,0.112223301513505
0.905,0.463167020429648,0.11277829230763
0.91,0.461509357082957,0.11333217002554
0.915,0.459801084034524,0.113884929200686
0.92,0.458042388615739,0.114436564377558
0.925,0.456233463687374,0.11498707011174
0.93,0.454374507618432,0.115536440969961
0.935,0.452465724264395,0.116084671530155
0.94,0.450507322944866,0.116631756381505
0.945,0.44849951842062,0.117177690124506
0.95,0.44644253087005,0.117722467371013
0.955,0.444336585865019,0.118266082744292
0.96,0.442181914346131,0.118808530879081
0.965,0.439978752597396,0.119349806421636
0.97,0.43772734222033,0.119889904029784
0.975,0.43542793010745,0.120428818372981
0.98,0.433080768415208,0.120966544132359
0.985,0.430686114536332,0.121503076000784
0.99,0.428244231071605,0.122038408682901
0.995,0.425755385801068,0.122572536895193
1,0.423219851654651,0.12310545536603
1.005,0.420637906682245,0.123637158835723
1.01,0.418009834023214,0.124167642056573
1.015,0.415335921875339,0.124696899792923
1.02,0.41261646346322,0.125224926821215
1.025,0.409851757006117,0.125751717930035
1.03,0.407042105685249,0.126277267920167
1.035,0.404187817610545,0.126801571604644
1.04,0.401289205786858,0.127324623808802
1.045,0.398346588079637,0.127846419370326
1.05,0.395360287180076,0.128366953139304
1.055,0.39233063056972,0.128886219978278
1.06,0.389257950484557,0.129404214762295
1.065,0.386142583878586,0.129920932378955
1.07,0.38298487238686,0.130436367728463
1.075,0.379785162288031,0.130950515723681
1.08,0.376543804466366,0.131463371290176
1.085,0.373261154373279,0.13197492936627
1.09,0.369937571988344,0.132485184903092
1.095,0.366573421779823,0.132994132864625
1.1,0.363169072664697,0.133501768227759
1.105,0.359724897968209,0.134008085982337
1.11,0.356241275382929,0.134513081131207
1.115,0.352718586927328,0.135016748690272
1.12,0.349157218903893,0.135519083688536
1.125,0.345557561856762,0.136020081168156
1.13,0.341920010528893,0.136519736184487
1.135,0.338244963818781,0.137018043806138
1.14,0.334532824736712,0.137514999115013
1.145,0.330784000360569,0.138010597206363
1.15,0.326998901791189,0.138504833188837
1.155,0.323177944107285,0.138997702184523
1.16,0.319321546319926,0.139489199329004
1.165,0.315430131326585,0.139979319771402
1.17,0.31150412586477,0.140468058674426
1.175,0.307543960465222,0.14095541121442
1.18,0.303550069404703,0.141441372581412
1.185,0.299522890658375,0.141925937979158
1.19,0.295462865851771,0.142409102625194
1.195,0.291370440212362,0.14289086175088
1.2,0.287246062520738,0.143371210601448
1.205,0.283090185061389,0.143850144436049
1.21,0.278903263573112,0.144327658527799
1.215,0.274685757199029,0.144803748163826
1.22,0.270438128436243,0.145278408645319
1.225,0.266160843085113,0.14575163528757
1.23,0.261854370198179,0.146223423420022
1.235,0.257519182028722,0.146693768386319
1.24,0.253155753978978,0.147162665544344
1.245,0.248764564548004,0.147630110266272
1.25,0.244346095279206,0.148096097938612
1.255,0.239900830707531,0.148560623962255
1.26,0.235429258306331,0.149023683752515
1.265,0.230931868433911,0.14948527273918
1.27,0.226409154279752,0.149945386366553
1.275,0.221861611810428,0.150404020093498
1.28,0.217289739715214,0.150861169393485
1.285,0.212694039351409,0.151316829754635
1.29,0.208075014689344,0.151770996679765
1.295,0.203433172257127,0.15222366568643
1.3,0.198769021085088,0.152674832306969
1.305,0.194083072649964,0.153124492088552
1.31,0.189375840818806,0.153572640593216
1.315,0.184647841792631,0.154019273397917
1.32,0.179899594049811,0.15446438609457
1.325,0.17513161828922,0.154907974290092
1.33,0.170344437373128,0.155350033606446
1.335,0.165538576269872,0.155790559680686
1.34,0.160714561996278,0.156229548164998
1.345,0.155872923559872,0.156666994726741
1.35,0.15101419190087,0.157102895048496
1.355,0.14613889983395,0.157537244828101
1.36,0.141247581989828,0.1579700397787
1.365,0.136340774756625,0.158401275628782
1.37,0.13141901622105,0.158830948122222
1.375,0.126482846109388,0.159259053018327
1.38,0.121532805728317,0.159685586091875
1.385,0.116569437905549,0.160110543133155
1.39,0.111593286930296,0.160533919948014
1.395,0.106604898493589,0.160955712357893
1.4,0.101604819628434,0.161375916199871
1.405,0.096593598649825,0.161794527326707
1.41,0.0915717850946129,0.162211541606877
1.415,0.0865399296612448,0.162626954924619
1.42,0.0814985841493732,0.163040763179971
1.425,0.0764483013993436,0.163452962288812
1.43,0.0713896352315722,0.163863548182905
1.435,0.0663231403858091,0.164272516809931
1.44,0.0612493724603089,0.164679864133536
1.445,0.0561688878509009,0.165085586133366
1.45,0.0510822436899742,0.165489678805108
1.455,0.0459899977853822,0.165892138160532
1.46,0.040892708559273,0.166292960227525
1.465,0.0357909349868509,0.166692141050136
1.47,0.030685236535081,0.167089676688611
1.475,0.0255761731013334,0.167485563219434
1.48,0.020464304951988,0.167879796735364
1.485,0.0153501926609932,0.168272373345477
1.49,0.0102343970483918,0.168663289175199
1.495,0.00511747911882334,0.169052540366349
1.5,5.98475326935668e-17,0.169440123077175
1.505,-0.00511747911882278,0.169826033482392
1.51,-0.0102343970483917,0.17021026777322
1.515,-0.0153501926609931,0.170592822157422
1.52,-0.0204643049519879,0.17097369285934
1.525,-0.0255761731013333,0.171352876119935
1.53,-0.0306852365350809,0.17173036819682
1.535,-0.0357909349868512,0.172106165364301
1.54,-0.0408927085592729,0.172480263913412
1.545,-0.0459899977853821,0.172852660151952
1.55,-0.0510822436899737,0.173223350404519
1.555,-0.0561688878509008,0.173592331012551
1.56,-0.0612493724603088,0.173959598334358
1.565,-0.066323140385809,0.17432514874516
1.57,-0.0713896352315719,0.174688978637121
1.575,-0.0764483013993435,0.175051084419388
1.58,-0.0814985841493731,0.175411462518123
1.585,-0.0865399296612447,0.17577010937654
1.59,-0.0915717850946124,0.176127021454938
1.595,-0.0965935986498248,0.176482195230739
1.6,-0.101604819628434,0.176835627198523
1.605,-0.106604898493589,0.177187313870057
1.61,-0.111593286930296,0.177537251774337
1.615,-0.116569437905549,0.177885437457617
1.62,-0.121532805728317,0.178231867483444
1.625,-0.126482846109387,0.178576538432694
1.63,-0.131419016221049,0.178919446903604
1.635,-0.136340774756625,0.179260589511806
1.64,-0.141247581989828,0.17959996289036
1.645,-0.14613889983395,0.179937563689787
1.65,-0.15101419190087,0.180273388578105
1.655,-0.155872923559872,0.180607434240857
1.66,-0.160714561996278,0.180939697381147
1.665,-0.165538576269872,0.181270174719672
1.67,-0.170344437373128,0.181598862994754
1.675,-0.175131618289219,0.181925758962373
1.68,-0.179899594049811,0.182250859396198
1.685,-0.184647841792631,0.182574161087618
1.69,-0.189375840818806,0.182895660845776
1.695,-0.194083072649963,0.183215355497599
1.7,-0.198769021085088,0.183533241887831
1.705,-0.203433172257127,0.183849316879061
1.71,-0.208075014689344,0.184163577351756
1.715,-0.212694039351409,0.184476020204292
1.72,-0.217289739715214,0.184786642352985
1.725,-0.221861611810428,0.18509544073212
1.73,-0.226409154279752,0.18540241229398
1.735,-0.230931868433911,0.185707554008881
1.74,-0.235429258306331,0.186010862865197
1.745,-0.23990083070753,0.186312335869393
1.75,-0.244346095279206,0.18661197004605
1.755,-0.248764564548004,0.186909762437902
1.76,-0.253155753978978,0.187205710105857
1.765,-0.257519182028722,0.187499810129031
1.77,-0.261854370198179,0.187792059604775
1.775,-0.266160843085113,0.188082455648707
1.78,-0.270438128436243,0.188370995394733
1.785,-0.274685757199029,0.188657675995083
1.79,-0.278903263573112,0.188942494620335
1.795,-0.283090185061389,0.189225448459444
1.8,-0.287246062520738,0.18950653471977
1.805,-0.291370440212362,0.189785750627106
1.81,-0.295462865851771,0.190063093425702
1.815,-0.299522890658375,0.190338560378298
1.82,-0.303550069404703,0.190612148766146
1.825,-0.307543960465222,0.190883855889039
1.83,-0.31150412586477,0.191153679065337
1.835,-0.315430131326585,0.191421615631994
1.84,-0.319321546319925,0.191687662944585
1.845,-0.323177944107285,0.191951818377331
1.85,-0.326998901791189,0.192214079323123
1.855,-0.330784000360569,0.192474443193552
1.86,-0.334532824736712,0.192732907418932
1.865,-0.338244963818781,0.192989469448325
1.87,-0.341920010528893,0.193244126749568
1.875,-0.345557561856762,0.193496876809295
1.88,-0.349157218903893,0.193747717132967
1.885,-0.352718586927328,0.193996645244889
1.89,-0.356241275382929,0.194243658688242
1.895,-0.359724897968209,0.194488755025103
1.9,-0.363169072664697,0.194731931836471
1.905,-0.366573421779823,0.194973186722288
1.91,-0.369937571988344,0.195212517301465
1.915,-0.373261154373279,0.195449921211908
1.92,-0.376543804466366,0.195685396110534
1.925,-0.37978516228803,0.195918939673302
1.93,-0.38298487238686,0.196150549595232
1.935,-0.386142583878586,0.196380223590426
1.94,-0.389257950484557,0.196607959392094
1.945,-0.39233063056972,0.196833754752578
1.95,-0.395360287180076,0.197057607443367
1.955,-0.398346588079637,0.197279515255126
1.96,-0.401289205786858,0.197499475997715
1.965,-0.404187817610545,0.197717487500209
1.97,-0.407042105685249,0.197933547610924
1.975,-0.409851757006117,0.198147654197432
1.98,-0.41261646346322,0.198359805146589
1.985,-0.415335921875339,0.19856999836455
1.99,-0.418009834023214,0.198778231776794
1.995,-0.420637906682245,0.198984503328139
2,-0.423219851654651,0.19918881098277
2.005,-0.425755385801068,0.199391152724253
2.01,-0.428244231071605,0.199591526555556
2.015,-0.430686114536332,0.199789930499069
2.02,-0.433080768415208,0.199986362596628
2.025,-0.43542793010745,0.200180820909525
2.03,-0.43772734222033,0.200373303518536
2.035,-0.439978752597396,0.200563808523935
2.04,-0.44218191434613,0.200752334045516
2.045,-0.444336585865019,0.200938878222606
2.05,-0.44644253087005,0.20112343921409
2.055,-0.44849951842062,0.201306015198426
2.06,-0.450507322944866,0.201486604373663
2.065,-0.452465724264395,0.201665204957458
2.07,-0.454374507618432,0.201841815187095
2.075,-0.456233463687374,0.202016433319504
2.08,-0.458042388615739,0.202189057631273
2.085,-0.459801084034524,0.20235968641867
2.09,-0.461509357082957,0.202528317997658
2.095,-0.463167020429648,0.202694950703911
2.1,-0.464773892293131,0.202859582892832
2.105,-0.466329796461798,0.203022212939568
2.11,-0.467834562313224,0.203182839239026
2.115,-0.469288024832877,0.203341460205888
2.12,-0.470690024632211,0.203498074274631
2.125,-0.472040407966149,0.203652679899536
2.13,-0.473339026749942,0.203805275554708
2.135,-0.474585738575406,0.20395585973409
2.14,-0.47578040672654,0.204104430951476
2.145,-0.476922900194519,0.20425098774053
2.15,-0.478013093692059,0.204395528654794
2.155,-0.479050867667157,0.204538052267708
2.16,-0.480036108316203,0.204678557172621
2.165,-0.480968707596457,0.204817041982807
2.17,-0.481848563237898,0.204953505331477
2.175,-0.482675578754441,0.205087945871793
2.18,-0.483449663454514,0.205220362276879
2.185,-0.484170732451006,0.205350753239841
2.19,-0.484838706670577,0.205479117473772
2.195,-0.485453512862326,0.205605453711769
2.2,-0.486015083605826,0.205729760706944
2.205,-0.486523357318516,0.205852037232437
2.21,-0.486978278262456,0.205972282081429
2.215,-0.487379796550438,0.206090494067151
2.22,-0.487727868151458,0.206206672022898
2.225,-0.488022454895541,0.206320814802042
2.23,-0.488263524477931,0.206432921278039
2.235,-0.488451050462633,0.206542990344442
2.24,-0.488585012285309,0.206651020914916
2.245,-0.488665395255535,0.206757011923242
2.25,-0.488692190558412,0.206860962323332
2.255,-0.488665395255535,0.206962871089236
2.26,-0.488585012285309,0.207062737215157
2.265,-0.488451050462633,0.207160559715457
2.27,-0.488263524477931,0.207256337624666
2.275,-0.488022454895541,0.207350069997496
2.28,-0.487727868151458,0.207441755908845
2.285,-0.487379796550438,0.207531394453811
2.29,-0.486978278262456,0.207618984747698
2.295,-0.486523357318516,0.207704525926024
2.3,-0.486015083605826,0.207788017144533
2.305,-0.485453512862326,0.2078694575792
2.31,-0.484838706670577,0.207948846426242
2.315,-0.484170732451006,0.208026182902121
2.32,-0.483449663454514,0.208101466243559
2.325,-0.482675578754441,0.208174695707539
2.33,-0.481848563237898,0.208245870571316
2.335,-0.480968707596457,0.208314990132422
2.34,-0.480036108316203,0.208382053708676
2.345,-0.479050867667157,0.208447060638188
2.35,-0.478013093692059,0.208510010279364
2.355,-0.476922900194519,0.208570902010918
2.36,-0.47578040672654,0.208629735231872
2.365,-0.474585738575406,0.208686509361567
2.37,-0.473339026749942,0.208741223839664
2.375,-0.472040407966149,0.208793878126155
2.38,-0.470690024632211,0.208844471701361
2.385,-0.469288024832877,0.208893004065947
2.39,-0.467834562313225,0.208939474740915
2.395,-0.466329796461798,0.20898388326762
2.4,-0.464773892293131,0.209026229207768
2.405,-0.463167020429648,0.20906651214342
2.41,-0.461509357082957,0.209104731677001
2.415,-0.459801084034524,0.2091408874313
2.42,-0.458042388615739,0.209174979049473
2.425,-0.456233463687374,0.20920700619505
2.43,-0.454374507618432,0.209236968551937
2.435,-0.452465724264395,0.209264865824416
2.44,-0.450507322944866,0.209290697737153
2.445,-0.448499518420621,0.209314464035197
2.45,-0.44644253087005,0.209336164483986
2.455,-0.444336585865019,0.209355798869343
2.46,-0.442181914346131,0.209373366997486
2.465,-0.439978752597396,0.209388868695023
2.47,-0.43772734222033,0.209402303808961
2.475,-0.435427930107451,0.209413672206699
2.48,-0.433080768415208,0.209422973776036
2.485,-0.430686114536332,0.20943020842517
2.49,-0.428244231071605,0.209435376082696
2.495,-0.425755385801068,0.209438476697614
2.5,-0.423219851654651,0.20943951023932
2.505,0.261799387799149,0.209438476697614
2.51,0.261799387799149,0.209435376082696
2.515,0.261799387799149,0.20943020842517
2.52,0.261799387799149,0.209422973776036
2.525,0.261799387799149,0.209413672206699
2.53,0.261799387799149,0.209402303808961
2.535,0.261799387799149,0.209388868695023
2.54,0.261799387799149,0.209373366997486
2.545,0.261799387799149,0.209355798869343
2.55,0.261799387799149,0.209336164483986
2.555,0.261799387799149,0.209314464035197
2.56,0.261799387799149,0.209290697737153
2.565,0.261799387799149,0.209264865824416
2.57,0.261799387799149,0.209236968551937
2.575,0.261799387799149,0.20920700619505
2.58,0.261799387799149,0.209174979049473
2.585,0.261799387799149,0.2091408874313
2.59,0.261799387799149,0.209104731677001
2.595,0.261799387799149,0.20906651214342
2.6,0.261799387799149,0.209026229207768
2.605,0.261799387799149,0.20898388326762
2.61,0.261799387799149,0.208939474740915
2.615,0.261799387799149,0.208893004065947
2.62,0.261799387799149,0.208844471701361
2.625,0.261799387799149,0.208793878126155
2.63,0.261799387799149,0.208741223839664
2.635,0.261799387799149,0.208686509361567
2.64,0.261799387799149,0.208629735231872
2.645,0.261799387799149,0.208570902010918
2.65,0.261799387799149,0.208510010279364
2.655,0.261799387799149,0.208447060638188
2.66,0.261799387799149,0.208382053708676
2.665,0.261799387799149,0.208314990132422
2.67,0.261799387799149,0.208245870571316
2.675,0.261799387799149,0.208174695707539
2.68,0.261799387799149,0.208101466243559
2.685,0.261799387799149,0.208026182902121
2.69,0.261799387799149,0.207948846426242
2.695,0.261799387799149,0.2078694575792
2.7,0.261799387799149,0.207788017144533
2.705,0.261799387799149,0.207704525926024
2.71,0.261799387799149,0.207618984747698
2.715,0.261799387799149,0.207531394453811
2.72,0.261799387799149,0.207441755908845
2.725,0.261799387799149,0.207350069997496
2.73,0.261799387799149,0.207256337624666
2.735,0.261799387799149,0.207160559715457
2.74,0.261799387799149,0.207062737215157
2.745,0.261799387799149,0.206962871089236
2.75,0.261799387799149,0.206860962323332
2.755,0.261799387799149,0.206757011923242
2.76,0.261799387799149,0.206651020914916
2.765,0.261799387799149,0.206542990344442
2.77,0.261799387799149,0.206432921278039
2.775,0.261799387799149,0.206320814802042
2.78,0.261799387799149,0.206206672022898
2.785,0.261799387799149,0.206090494067151
2.79,0.261799387799149,0.205972282081429
2.795,0.261799387799149,0.205852037232438
2.8,0.261799387799149,0.205729760706944
2.805,0.261799387799149,0.205605453711769
2.81,0.261799387799149,0.205479117473772
2.815,0.261799387799149,0.205350753239841
2.82,0.261799387799149,0.205220362276879
2.825,0.261799387799149,0.205087945871793
2.83,0.261799387799149,0.204953505331477
2.835,0.261799387799149,0.204817041982807
2.84,0.261799387799149,0.204678557172621
2.845,0.261799387799149,0.204538052267708
2.85,0.261799387799149,0.204395528654794
2.855,0.261799387799149,0.20425098774053
2.86,0.261799387799149,0.204104430951476
2.865,0.261799387799149,0.20395585973409
2.87,0.261799387799149,0.203805275554708
2.875,0.261799387799149,0.203652679899536
2.88,0.261799387799149,0.203498074274631
2.885,0.261799387799149,0.203341460205888
2.89,0.261799387799149,0.203182839239026
2.895,0.261799387799149,0.203022212939568
2.9,0.261799387799149,0.202859582892832
2.905,0.261799387799149,0.202694950703911
2.91,0.261799387799149,0.202528317997658
2.915,0.261799387799149,0.20235968641867
2.92,0.261799387799149,0.202189057631273
2.925,0.261799387799149,0.202016433319504
2.93,0.261799387799149,0.201841815187095
2.935,0.261799387799149,0.201665204957458
2.94,0.261799387799149,0.201486604373663
2.945,0.261799387799149,0.201306015198426
2.95,0.261799387799149,0.20112343921409
2.955,0.261799387799149,0.200938878222606
2.96,0.261799387799149,0.200752334045516
2.965,0.261799387799149,0.200563808523935
2.97,0.261799387799149,0.200373303518536
2.975,0.261799387799149,0.200180820909525
2.98,0.261799387799149,0.199986362596628
2.985,0.261799387799149,0.199789930499069
2.99,0.261799387799149,0.199591526555556
2.995,0.261799387799149,0.199391152724253
3,0.261799387799149,0.19918881098277
3.005,0.261799387799149,0.198984503328139
3.01,0.261799387799149,0.198778231776794
3.015,0.261799387799149,0.19856999836455
3.02,0.261799387799149,0.198359805146589
3.025,0.261799387799149,0.198147654197432
3.03,0.261799387799149,0.197933547610924
3.035,0.261799387799149,0.197717487500209
3.04,0.261799387799149,0.197499475997715
3.045,0.261799387799149,0.197279515255126
3.05,0.261799387799149,0.197057607443367
3.055,0.261799387799149,0.196833754752578
3.06,0.261799387799149,0.196607959392094
3.065,0.261799387799149,0.196380223590426
3.07,0.261799387799149,0.196150549595232
3.075,0.261799387799149,0.195918939673302
3.08,0.261799387799149,0.195685396110534
3.085,0.261799387799149,0.195449921211908
3.09,0.261799387799149,0.195212517301465
3.095,0.261799387799149,0.194973186722288
3.1,0.261799387799149,0.194731931836471
3.105,0.261799387799149,0.194488755025103
3.11,0.261799387799149,0.194243658688242
3.115,0.261799387799149,0.193996645244889
3.12,0.261799387799149,0.193747717132967
3.125,0.261799387799149,0.193496876809295
3.13,0.261799387799149,0.193244126749568
3.135,0.261799387799149,0.192989469448325
3.14,0.261799387799149,0.192732907418932
3.145,0.261799387799149,0.192474443193552
3.15,0.261799387799149,0.192214079323123
3.155,0.261799387799149,0.191951818377331
3.16,0.261799387799149,0.191687662944585
3.165,0.261799387799149,0.191421615631994
3.17,0.261799387799149,0.191153679065337
3.175,0.261799387799149,0.190883855889039
3.18,0.261799387799149,0.190612148766146
3.185,0.261799387799149,0.190338560378298
3.19,0.261799387799149,0.190063093425702
3.195,0.261799387799149,0.189785750627106
3.2,0.261799387799149,0.18950653471977
3.205,0.261799387799149,0.189225448459444
3.21,0.261799387799149,0.188942494620335
3.215,0.261799387799149,0.188657675995083
3.22,0.261799387799149,0.188370995394733
3.225,0.261799387799149,0.188082455648707
3.23,0.261799387799149,0.187792059604776
3.235,0.261799387799149,0.187499810129031
3.24,0.261799387799149,0.187205710105857
3.245,0.261799387799149,0.186909762437902
3.25,0.261799387799149,0.18661197004605
3.255,0.261799387799149,0.186312335869393
3.26,0.261799387799149,0.186010862865197
3.265,0.261799387799149,0.185707554008881
3.27,0.261799387799149,0.18540241229398
3.275,0.261799387799149,0.18509544073212
3.28,0.261799387799149,0.184786642352985
3.285,0.261799387799149,0.184476020204292
3.29,0.261799387799149,0.184163577351756
3.295,0.261799387799149,0.183849316879061
3.3,0.261799387799149,0.183533241887831
3.305,0.261799387799149,0.183215355497599
3.31,0.261799387799149,0.182895660845776
3.315,0.261799387799149,0.182574161087618
3.32,0.261799387799149,0.182250859396198
3.325,0.261799387799149,0.181925758962373
3.33,0.261799387799149,0.181598862994754
3.335,0.261799387799149,0.181270174719672
3.34,0.261799387799149,0.180939697381147
3.345,0.261799387799149,0.180607434240857
3.35,0.261799387799149,0.180273388578105
3.355,0.261799387799149,0.179937563689787
3.36,0.261799387799149,0.17959996289036
3.365,0.261799387799149,0.179260589511806
3.37,0.261799387799149,0.178919446903604
3.375,0.261799387799149,0.178576538432694
3.38,0.261799387799149,0.178231867483444
3.385,0.261799387799149,0.177885437457617
3.39,0.261799387799149,0.177537251774337
3.395,0.261799387799149,0.177187313870057
3.4,0.261799387799149,0.176835627198523
3.405,0.261799387799149,0.176482195230739
3.41,0.261799387799149,0.176127021454938
3.415,0.261799387799149,0.17577010937654
3.42,0.261799387799149,0.175411462518123
3.425,0.261799387799149,0.175051084419389
3.43,0.261799387799149,0.174688978637121
3.435,0.261799387799149,0.17432514874516
3.44,0.261799387799149,0.173959598334358
3.445,0.261799387799149,0.173592331012551
3.45,0.261799387799149,0.173223350404519
3.455,0.261799387799149,0.172852660151952
3.46,0.261799387799149,0.172480263913412
3.465,0.261799387799149,0.172106165364301
3.47,0.261799387799149,0.17173036819682
3.475,0.261799387799149,0.171352876119935
3.48,0.261799387799149,0.17097369285934
3.485,0.261799387799149,0.170592822157422
3.49,0.261799387799149,0.17021026777322
3.495,0.261799387799149,0.169826033482392
3.5,0.261799387799149,0.169440123077175
3.505,0.261799387799149,0.169052540366349
3.51,0.261799387799149,0.168663289175199
3.515,0.261799387799149,0.168272373345477
3.52,0.261799387799149,0.167879796735364
3.525,0.261799387799149,0.167485563219434
3.53,0.261799387799149,0.167089676688611
3.535,0.261799387799149,0.166692141050136
3.54,0.261799387799149,0.166292960227525
3.545,0.261799387799149,0.165892138160532
3.55,0.261799387799149,0.165489678805108
3.555,0.261799387799149,0.165085586133366
3.56,0.261799387799149,0.164679864133536
3.565,0.261799387799149,0.164272516809931
3.57,0.261799387799149,0.163863548182905
3.575,0.261799387799149,0.163452962288812
3.58,0.261799387799149,0.163040763179971
3.585,0.261799387799149,0.162626954924619
3.59,0.261799387799149,0.162211541606877
3.595,0.261799387799149,0.161794527326707
3.6,0.261799387799149,0.161375916199871
3.605,0.261799387799149,0.160955712357893
3.61,0.261799387799149,0.160533919948014
3.615,0.261799387799149,0.160110543133155
3.62,0.261799387799149,0.159685586091875
3.625,0.261799387799149,0.159259053018327
3.63,0.261799387799149,0.158830948122222
3.635,0.261799387799149,0.158401275628782
3.64,0.261799387799149,0.1579700397787
3.645,0.261799387799149,0.157537244828101
3.65,0.261799387799149,0.157102895048496
3.655,0.261799387799149,0.156666994726741
3.66,0.261799387799149,0.156229548164998
3.665,0.261799387799149,0.155790559680686
3.67,0.261799387799149,0.155350033606446
3.675,0.261799387799149,0.154907974290092
3.68,0.261799387799149,0.15446438609457
3.685,0.261799387799149,0.154019273397917
3.69,0.261799387799149,0.153572640593216
3.695,0.261799387799149,0.153124492088552
3.7,0.261799387799149,0.152674832306969
3.705,0.261799387799149,0.15222366568643
3.71,0.261799387799149,0.151770996679765
3.715,0.261799387799149,0.151316829754635
3.72,0.261799387799149,0.150861169393485
3.725,0.261799387799149,0.150404020093498
3.73,0.261799387799149,0.149945386366553
3.735,0.261799387799149,0.14948527273918
3.74,0.261799387799149,0.149023683752515
3.745,0.261799387799149,0.148560623962255
3.75,0.261799387799149,0.148096097938612
3.755,0.261799387799149,0.147630110266272
3.76,0.261799387799149,0.147162665544344
3.765,0.261799387799149,0.146693768386319
3.77,0.261799387799149,0.146223423420022
3.775,0.261799387799149,0.14575163528757
3.78,0.261799387799149,0.145278408645319
3.785,0.261799387799149,0.144803748163826
3.79,0.261799387799149,0.144327658527799
3.795,0.261799387799149,0.143850144436049
3.8,0.261799387799149,0.143371210601448
3.805,0.261799387799149,0.14289086175088
3.81,0.261799387799149,0.142409102625194
3.815,0.261799387799149,0.141925937979158
3.82,0.261799387799149,0.141441372581412
3.825,0.261799387799149,0.14095541121442
3.83,0.261799387799149,0.140468058674426
3.835,0.261799387799149,0.139979319771402
3.84,0.261799387799149,0.139489199329004
3.845,0.261799387799149,0.138997702184523
3.85,0.261799387799149,0.138504833188837
3.855,0.261799387799149,0.138010597206363
3.86,0.261799387799149,0.137514999115013
3.865,0.261799387799149,0.137018043806138
3.87,0.261799387799149,0.136519736184487
3.875,0.261799387799149,0.136020081168156
3.88,0.261799387799149,0.135519083688536
3.885,0.261799387799149,0.135016748690272
3.89,0.261799387799149,0.134513081131207
3.895,0.261799387799149,0.134008085982337
3.9,0.261799387799149,0.133501768227759
3.905,0.261799387799149,0.132994132864625
3.91,0.261799387799149,0.132485184903092
3.915,0.261799387799149,0.13197492936627
3.92,0.261799387799149,0.131463371290176
3.925,0.261799387799149,0.130950515723681
3.93,0.261799387799149,0.130436367728463
3.935,0.261799387799149,0.129920932378955
3.94,0.261799387799149,0.129404214762295
3.945,0.261799387799149,0.128886219978278
3.95,0.261799387799149,0.128366953139304
3.955,0.261799387799149,0.127846419370326
3.96,0.261799387799149,0.127324623808802
3.965,0.261799387799149,0.126801571604644
3.97,0.261799387799149,0.126277267920167
3.975,0.261799387799149,0.125751717930035
3.98,0.261799387799149,0.125224926821215
3.985,0.261799387799149,0.124696899792923
3.99,0.261799387799149,0.124167642056573
3.995,0.261799387799149,0.123637158835723
4,0.261799387799149,0.12310545536603
4.005,0.261799387799149,0.122572536895193
4.01,0.261799387799149,0.122038408682901
4.015,0.261799387799149,0.121503076000784
4.02,0.261799387799149,0.12096654413236
4.025,0.261799387799149,0.120428818372981
4.03,0.261799387799149,0.119889904029784
4.035,0.261799387799149,0.119349806421636
4.04,0.261799387799149,0.118808530879081
4.045,0.261799387799149,0.118266082744292
4.05,0.261799387799149,0.117722467371013
4.055,0.261799387799149,0.117177690124506
4.06,0.261799387799149,0.116631756381505
4.065,0.261799387799149,0.116084671530155
4.07,0.261799387799149,0.115536440969961
4.075,0.261799387799149,0.11498707011174
4.08,0.261799387799149,0.114436564377558
4.085,0.261799387799149,0.113884929200686
4.09,0.261799387799149,0.11333217002554
4.095,0.261799387799149,0.11277829230763
4.1,0.261799387799149,0.112223301513505
4.105,0.261799387799149,0.111667203120701
4.11,0.261799387799149,0.111110002617684
4.115,0.261799387799149,0.110551705503798
4.12,0.261799387799149,0.10999231728921
4.125,0.261799387799149,0.109431843494856
4.13,0.261799387799149,0.108870289652386
4.135,0.261799387799149,0.10830766130411
4.14,0.261799387799149,0.107743964002943
4.145,0.261799387799149,0.107179203312349
4.15,0.261799387799149,0.106613384806288
4.155,0.261799387799149,0.10604651406916
4.16,0.261799387799149,0.105478596695752
4.165,0.261799387799149,0.104909638291177
4.17,0.261799387799149,0.104339644470827
4.175,0.261799387799149,0.103768620860309
4.18,0.261799387799149,0.103196573095396
4.185,0.261799387799149,0.102623506821969
4.19,0.261799387799149,0.102049427695961
4.195,0.261799387799149,0.101474341383299
4.2,0.261799387799149,0.100898253559856
4.205,0.261799387799149,0.100321169911384
4.21,0.261799387799149,0.0997430961334665
4.215,0.261799387799149,0.099164037931458
4.22,0.261799387799149,0.0985840010204292
4.225,0.261799387799149,0.0980029911251103
4.23,0.261799387799149,0.0974210139798343
4.235,0.261799387799149,0.0968380753284809
4.24,0.261799387799149,0.0962541809244191
4.245,0.261799387799149,0.095669336530451
4.25,0.261799387799149,0.0950835479187546
4.255,0.261799387799149,0.0944968208708271
4.26,0.261799387799149,0.0939091611774274
4.265,0.261799387799149,0.0933205746385195
4.27,0.261799387799149,0.0927310670632151
4.275,0.261799387799149,0.0921406442697156
4.28,0.261799387799149,0.0915493120852561
4.285,0.261799387799149,0.0909570763460461
4.29,0.261799387799149,0.0903639428972135
4.295,0.261799387799149,0.0897699175927459
4.3,0.261799387799149,0.0891750062954333
4.305,0.261799387799149,0.0885792148768099
4.31,0.261799387799149,0.0879825492170966
4.315,0.261799387799149,0.0873850152051425
4.32,0.261799387799149,0.0867866187383669
4.325,0.261799387799149,0.0861873657227017
4.33,0.261799387799149,0.0855872620725321
4.335,0.261799387799149,0.0849863137106387
4.34,0.261799387799149,0.0843845265681394
4.345,0.261799387799149,0.0837819065844303
4.35,0.261799387799149,0.0831784597071274
4.355,0.261799387799149,0.0825741918920075
4.36,0.261799387799149,0.0819691091029503
4.365,0.261799387799149,0.0813632173118785
4.37,0.261799387799149,0.0807565224986995
4.375,0.261799387799149,0.0801490306512462
4.38,0.261799387799149,0.0795407477652178
4.385,0.261799387799149,0.0789316798441209
4.39,0.261799387799149,0.0783218328992099
4.395,0.261799387799149,0.077711212949428
4.4,0.261799387799149,0.0770998260213475
4.405,0.261799387799149,0.0764876781491107
4.41,0.261799387799149,0.07587477537437
4.415,0.261799387799149,0.0752611237462281
4.42,0.261799387799149,0.074646729321179
4.425,0.261799387799149,0.0740315981630476
4.43,0.261799387799149,0.0734157363429301
4.435,0.261799387799149,0.0727991499391341
4.44,0.261799387799149,0.0721818450371184
4.445,0.261799387799149,0.071563827729433
4.45,0.261799387799149,0.0709451041156595
4.455,0.261799387799149,0.0703256803023501
4.46,0.261799387799149,0.0697055624029677
4.465,0.261799387799149,0.0690847565378257
4.47,0.261799387799149,0.0684632688340274
4.475,0.261799387799149,0.0678411054254053
4.48,0.261799387799149,0.0672182724524612
4.485,0.261799387799149,0.0665947760623052
4.49,0.261799387799149,0.0659706224085949
4.495,0.261799387799149,0.0653458176514747
4.5,0.261799387799149,0.0647203679575156
4.505,0.261799387799149,0.0640942794996534
4.51,0.261799387799149,0.0634675584571283
4.515,0.261799387799149,0.0628402110154243
4.52,0.261799387799149,0.0622122433662072
4.525,0.261799387799149,0.061583661707264
4.53,0.261799387799149,0.0609544722424421
4.535,0.261799387799149,0.0603246811815876
4.54,0.261799387799149,0.0596942947404839
4.545,0.261799387799149,0.0590633191407906
4.55,0.261799387799149,0.0584317606099823
4.555,0.261799387799149,0.0577996253812865
4.56,0.261799387799149,0.057166919693623
4.565,0.261799387799149,0.0565336497915412
4.57,0.261799387799149,0.0558998219251596
4.575,0.261799387799149,0.0552654423501032
4.58,0.261799387799149,0.0546305173274424
4.585,0.261799387799149,0.0539950531236309
4.59,0.261799387799149,0.0533590560104436
4.595,0.261799387799149,0.0527225322649155
4.6,0.261799387799149,0.0520854881692789
4.605,0.261799387799149,0.0514479300109017
4.61,0.261799387799149,0.0508098640822258
4.615,0.261799387799149,0.0501712966807041
4.62,0.261799387799149,0.0495322341087393
4.625,0.261799387799149,0.0488926826736206
4.63,0.261799387799149,0.0482526486874628
4.635,0.261799387799149,0.0476121384671429
4.64,0.261799387799149,0.046971158334238
4.645,0.261799387799149,0.0463297146149634
4.65,0.261799387799149,0.0456878136401095
4.655,0.261799387799149,0.04504546174498
4.66,0.261799387799149,0.0444026652693287
4.665,0.261799387799149,0.0437594305572973
4.67,0.261799387799149,0.0431157639573526
4.675,0.261799387799149,0.0424716718222243
4.68,0.261799387799149,0.0418271605088416
4.685,0.261799387799149,0.0411822363782708
4.69,0.261799387799149,0.0405369057956529
4.695,0.261799387799149,0.0398911751301404
4.7,0.261799387799149,0.039245050754834
4.705,0.261799387799149,0.0385985390467206
4.71,0.261799387799149,0.0379516463866096
4.715,0.261799387799149,0.0373043791590705
4.72,0.261799387799149,0.0366567437523694
4.725,0.261799387799149,0.0360087465584065
4.73,0.261799387799149,0.0353603939726522
4.735,0.261799387799149,0.0347116923940851
4.74,0.261799387799149,0.0340626482251277
4.745,0.261799387799149,0.033413267871584
4.75,0.261799387799149,0.0327635577425759
4.755,0.261799387799149,0.0321135242504801
4.76,0.261799387799149,0.0314631738108647
4.765,0.261799387799149,0.0308125128424259
4.77,0.261799387799149,0.0301615477669249
4.775,0.261799387799149,0.029510285009124
4.78,0.261799387799149,0.0288587309967241
4.785,0.261799387799149,0.0282068921602998
4.79,0.261799387799149,0.0275547749332376
4.795,0.261799387799149,0.0269023857516711
4.8,0.261799387799149,0.0262497310544182
4.805,0.261799387799149,0.0255968172829172
4.81,0.261799387799149,0.0249436508811635
4.815,0.261799387799149,0.0242902382956456
4.82,0.261799387799149,0.0236365859752821
4.825,0.261799387799149,0.0229827003713576
4.83,0.261799387799149,0.022328587937459
4.835,0.261799387799149,0.0216742551294117
4.84,0.261799387799149,0.0210197084052167
4.845,0.261799387799149,0.0203649542249857
4.85,0.261799387799149,0.0197099990508782
4.855,0.261799387799149,0.0190548493470371
4.86,0.261799387799149,0.0183995115795258
4.865,0.261799387799149,0.0177439922162634
4.87,0.261799387799149,0.0170882977269615
4.875,0.261799387799149,0.0164324345830598
4.88,0.261799387799149,0.0157764092576627
4.885,0.261799387799149,0.0151202282254755
4.89,0.261799387799149,0.01446389796274
4.895,0.261799387799149,0.013807424947171
4.9,0.261799387799149,0.0131508156578918
4.905,0.261799387799149,0.0124940765753714
4.91,0.261799387799149,0.0118372141813593
4.915,0.261799387799149,0.0111802349588221
4.92,0.261799387799149,0.0105231453918795
4.925,0.261799387799149,0.00986595196574027
4.93,0.261799387799149,0.00920866116663809
4.935,0.261799387799149,0.00855127948176798
4.94,0.261799387799149,0.00789381339922158
4.945,0.261799387799149,0.00723626940792388
4.95,0.261799387799149,0.00657865399756844
4.955,0.261799387799149,0.00592097365855404
4.96,0.261799387799149,0.00526323488191993
4.965,0.261799387799149,0.00460544415928249
4.97,0.261799387799149,0.00394760798277049
4.975,0.261799387799149,0.00328973284496131
4.98,0.261799387799149,0.00263182523881708
4.985,0.261799387799149,0.00197389165762034
4.99,0.261799387799149,0.00131593859490984
4.995,0.261799387799149,0.000657972544416576
5,0.261799387799149,2.56489425829572e-17
5.005,-0.261799387799149,0.000548131879247527
5.01,-0.261799387799149,0.00109518711389042
5.015,-0.261799387799149,0.00164009012712931
5.02,-0.261799387799149,0.00218176747672197
5.025,-0.261799387799149,0.00271914891962813
5.03,-0.261799387799149,0.00325116847349702
5.035,-0.261799387799149,0.00377676547394953
5.04,-0.261799387799149,0.00429488562661315
5.045,-0.261799387799149,0.00480448205286868
5.05,-0.261799387799149,0.00530451632827884
5.055,-0.261799387799149,0.00579395951267335
5.06,-0.261799387799149,0.00627179317087321
5.065,-0.261799387799149,0.00673701038304785
5.07,-0.261799387799149,0.00718861674370717
5.075,-0.261799387799149,0.0076256313483423
5.08,-0.261799387799149,0.00804708776674311
5.085,-0.261799387799149,0.00845203500202951
5.09,-0.261799387799149,0.00883953843445145
5.095,-0.261799387799149,0.0092086807490259
5.1,-0.261799387799149,0.00955856284609517
5.105,-0.261799387799149,0.00988830473390818
5.11,-0.261799387799149,0.0101970464023431
5.115,-0.261799387799149,0.0104839486769099
5.12,-0.261799387799149,0.0107481940521891
5.125,-0.261799387799149,0.0109889875038856
5.13,-0.261799387799149,0.0112055572786937
5.135,-0.261799387799149,0.0113971556611964
5.14,-0.261799387799149,0.0115630597170403
5.145,-0.261799387799149,0.0117025720116537
5.15,-0.261799387799149,0.0118150213037975
5.155,-0.261799387799149,0.0118997632132652
5.16,-0.261799387799149,0.0119561808620732
5.165,-0.261799387799149,0.0119836854885077
5.17,-0.261799387799149,0.0119817170334227
5.175,-0.261799387799149,0.0119497446982103
5.18,-0.261799387799149,0.0118872674738932
5.185,-0.261799387799149,0.0117938146408159
5.19,-0.261799387799149,0.0116689462384424
5.195,-0.261799387799149,0.011512253504797
5.2,-0.261799387799149,0.0113233592851133
5.205,-0.261799387799149,0.0111019184092891
5.21,-0.261799387799149,0.0108476180377741
5.215,-0.261799387799149,0.0105601779755492
5.22,-0.261799387799149,0.0102393509538874
5.225,-0.261799387799149,0.00988492287961858
5.23,-0.261799387799149,0.00949671305165156
5.235,-0.261799387799149,0.00907457434453904
5.24,-0.261799387799149,0.00861839335890745
5.245,-0.261799387799149,0.00812809053859755
5.25,-0.261799387799149,0.00760362025440669
5.255,-0.261799387799149,0.00704497085434432
5.26,-0.261799387799149,0.00645216468035492
5.265,-0.261799387799149,0.00582525805148978
5.27,-0.261799387799149,0.00516434121354551
5.275,-0.261799387799149,0.00446953825521661
5.28,-0.261799387799149,0.00374100699084948
5.285,-0.261799387799149,0.00297893880990702
5.29,-0.261799387799149,0.00218355849329744
5.295,-0.261799387799149,0.00135512399674788
5.3,-0.261799387799149,0.000493926201433478
5.305,-0.261799387799149,-0.000399711367889002
5.31,-0.261799387799149,-0.00132543285696561
5.315,-0.261799387799149,-0.00228285042803822
5.32,-0.261799387799149,-0.00327154463740624
5.325,-0.261799387799149,-0.00429106484417861
5.33,-0.261799387799149,-0.00534092964982195
5.335,-0.261799387799149,-0.00642062736806353
5.34,-0.261799387799149,-0.0075296165246868
5.345,-0.261799387799149,-0.00866732638672999
5.35,-0.261799387799149,-0.00983315752056191
5.355,-0.261799387799149,-0.0110264823782847
5.36,-0.261799387799149,-0.0122466459118861
5.365,-0.261799387799149,-0.0134929662145365
5.37,-0.261799387799149,-0.0147647351883906
5.375,-0.261799387799149,-0.0160612192382484
5.38,-0.261799387799149,-0.0173816599903746
5.385,-0.261799387799149,-0.0187252750357804
5.39,-0.261799387799149,-0.0200912586972282
5.395,-0.261799387799149,-0.0214787828192007
5.4,-0.261799387799149,-0.0228869975800605
5.405,-0.261799387799149,-0.0243150323255941
5.41,-0.261799387799149,-0.0257619964231189
5.415,-0.261799387799149,-0.0272269801353109
5.42,-0.261799387799149,-0.0287090555128926
5.425,-0.261799387799149,-0.0302072773052936
5.43,-0.261799387799149,-0.0317206838883938
5.435,-0.261799387799149,-0.0332482982084296
5.44,-0.261799387799149,-0.0347891287411277
5.445,-0.261799387799149,-0.0363421704651288
5.45,-0.261799387799149,-0.0379064058487326
5.455,-0.261799387799149,-0.0394808058489952
5.46,-0.261799387799149,-0.0410643309221899
5.465,-0.261799387799149,-0.042655932044638
5.47,-0.261799387799149,-0.0442545517428961
5.475,-0.261799387799149,-0.0458591251322904
5.48,-0.261799387799149,-0.0474685809627694
5.485,-0.261799387799149,-0.0490818426710404
5.49,-0.261799387799149,-0.0506978294379582
5.495,-0.261799387799149,-0.0523154572501164
5.5,-0.261799387799149,-0.053933639964596
5.505,-0.261799387799149,-0.0555512903758235
5.51,-0.261799387799149,-0.0571673212834776
5.515,-0.261799387799149,-0.0587806465604007
5.52,-0.261799387799149,-0.0603901822194538
5.525,-0.261799387799149,-0.0619948474782672
5.53,-0.261799387799149,-0.0635935658208283
5.535,-0.261799387799149,-0.065185266054873
5.54,-0.261799387799149,-0.0667688833640196
5.545,-0.261799387799149,-0.0683433603536219
5.55,-0.261799387799149,-0.069907648089302
5.555,-0.261799387799149,-0.0714607071271374
5.56,-0.261799387799149,-0.0730015085344895
5.565,-0.261799387799149,-0.074529034900466
5.57,-0.261799387799149,-0.0760422813350141
5.575,-0.261799387799149,-0.0775402564556653
5.58,-0.261799387799149,-0.0790219833609584
5.585,-0.261799387799149,-0.0804865005895714
5.59,-0.261799387799149,-0.0819328630642256
5.595,-0.261799387799149,-0.0833601430194276
5.6,-0.261799387799149,-0.084767430912128
5.605,-0.261799387799149,-0.086153836314407
5.61,-0.261799387799149,-0.0875184887873011
5.615,-0.261799387799149,-0.0888605387349069
5.62,-0.261799387799149,-0.0901791582379227
5.625,-0.261799387799149,-0.0914735418658071
5.63,-0.261799387799149,-0.0927429074667445
5.635,-0.261799387799149,-0.0939864969346478
5.64,-0.261799387799149,-0.095203576952437
5.645,-0.261799387799149,-0.0963934397108576
5.65,-0.261799387799149,-0.0975554036021353
5.655,-0.261799387799149,-0.0986888138877785
5.66,-0.261799387799149,-0.0997930433398698
5.665,-0.261799387799149,-0.100867492855216
5.67,-0.261799387799149,-0.101911592041748
5.675,-0.261799387799149,-0.102924799776593
5.68,-0.261799387799149,-0.103906604735267
5.685,-0.261799387799149,-0.104856525891472
5.69,-0.261799387799149,-0.105774112986992
5.695,-0.261799387799149,-0.106658946971236
5.7,-0.261799387799149,-0.107510640409989
5.705,-0.261799387799149,-0.10832883786297
5.71,-0.261799387799149,-0.109113216229817
5.715,-0.261799387799149,-0.109863485064171
5.72,-0.261799387799149,-0.110579386855537
5.725,-0.261799387799149,-0.111260697278652
5.73,-0.261799387799149,-0.111907225410101
5.735,-0.261799387799149,-0.112518813911993
5.74,-0.261799387799149,-0.113095339182484
5.745,-0.261799387799149,-0.11363671147302
5.75,-0.261799387799149,-0.114142874972182
5.755,-0.261799387799149,-0.11461380785604
5.76,-0.261799387799149,-0.115049522304977
5.765,-0.261799387799149,-0.115450064486961
5.77,-0.261799387799149,-0.115815514507284
5.775,-0.261799387799149,-0.116145986324814
5.78,-0.261799387799149,-0.116441627634848
5.785,-0.261799387799149,-0.116702619718681
5.79,-0.261799387799149,-0.116929177260027
5.795,-0.261799387799149,-0.117121548128502
5.8,-0.261799387799149,-0.117280013130342
5.805,-0.261799387799149,-0.117404885726644
5.81,-0.261799387799149,-0.117496511719379
5.815,-0.261799387799149,-0.117555268905495
5.82,-0.261799387799149,-0.117581566699458
5.825,-0.261799387799149,-0.117575845724599
5.83,-0.261799387799149,-0.117538577373661
5.835,-0.261799387799149,-0.117470263338999
5.84,-0.261799387799149,-0.11737143511288
5.845,-0.261799387799149,-0.117242653458387
5.85,-0.261799387799149,-0.117084507851436
5.855,-0.261799387799149,-0.116897615894475
5.86,-0.261799387799149,-0.116682622702431
5.865,-0.261799387799149,-0.116440200261508
5.87,-0.261799387799149,-0.116171046761483
5.875,-0.261799387799149,-0.115875885902149
5.88,-0.261799387799149,-0.115555466174583
5.885,-0.261799387799149,-0.115210560117971
5.89,-0.261799387799149,-0.114841963552696
5.895,-0.261799387799149,-0.114450494790468
5.9,-0.261799387799149,-0.114036993822259
5.905,-0.261799387799149,-0.113602321484861
5.91,-0.261799387799149,-0.113147358606868
5.915,-0.261799387799149,-0.112673005134953
5.92,-0.261799387799149,-0.112180179241275
5.925,-0.261799387799149,-0.111669816412909
5.93,-0.261799387799149,-0.111142868524207
5.935,-0.261799387799149,-0.110600302892983
5.94,-0.261799387799149,-0.110043101321479
5.945,-0.261799387799149,-0.109472259123032
5.95,-0.261799387799149,-0.10888878413543
5.955,-0.261799387799149,-0.108293695721907
5.96,-0.261799387799149,-0.107688023760781
5.965,-0.261799387799149,-0.107072807624715
5.97,-0.261799387799149,-0.106449095150626
5.975,-0.261799387799149,-0.105817941601247
5.98,-0.261799387799149,-0.105180408619369
5.985,-0.261799387799149,-0.1045375631758
5.99,-0.261799387799149,-0.103890476512066
5.995,-0.261799387799149,-0.103240223078922
6,-0.261799387799149,-0.102587879471692
6.005,-0.261799387799149,-0.101934523363508
6.01,-0.261799387799149,-0.101281232437495
6.015,-0.261799387799149,-0.100629083318957
6.02,-0.261799387799149,-0.0999791505086099
6.025,-0.261799387799149,-0.0993325053179332
6.03,-0.261799387799149,-0.0986902148076668
6.035,-0.261799387799149,-0.0980533407305186
6.04,-0.261799387799149,-0.0974229384791218
6.045,-0.261799387799149,-0.0968000560402743
6.05,-0.261799387799149,-0.0961857329565005
6.055,-0.261799387799149,-0.0955809992959554
6.06,-0.261799387799149,-0.0949868746316881
6.065,-0.261799387799149,-0.0944043670312745
6.07,-0.261799387799149,-0.0938344720578137
6.075,-0.261799387799149,-0.0932781717832753
6.08,-0.261799387799149,-0.0927364338151708
6.085,-0.261799387799149,-0.0922102103375106
6.09,-0.261799387799149,-0.0917004371669923
6.095,-0.261799387799149,-0.0912080328253521
6.1,-0.261799387799149,-0.0907338976287938
6.105,-0.261799387799149,-0.0902789127953966
6.11,-0.261799387799149,-0.0898439395713798
6.115,-0.261799387799149,-0.0894298183770876
6.12,-0.261799387799149,-0.0890373679735389
6.125,-0.261799387799149,-0.088667384650361
6.13,-0.261799387799149,-0.0883206414359111
6.135,-0.261799387799149,-0.0879978873303657
6.14,-0.261799387799149,-0.0876998465625321
6.145,-0.261799387799149,-0.0874272178711181
6.15,-0.261799387799149,-0.0871806738111678
6.155,-0.261799387799149,-0.0869608600863492
6.16,-0.261799387799149,-0.0867683949077497
6.165,-0.261799387799149,-0.0866038683798178
6.17,-0.261799387799149,-0.0864678419140501
6.175,-0.261799387799149,-0.0863608476710086
6.18,-0.261799387799149,-0.0862833880312147
6.185,-0.261799387799149,-0.0862359350954444
6.19,-0.261799387799149,-0.0862189302149166
6.195,-0.261799387799149,-0.0862327835518389
6.2,-0.261799387799149,-0.0862778736707451
6.205,-0.261799387799149,-0.0863545471610257
6.21,-0.261799387799149,-0.0864631182910267
6.215,-0.261799387799149,-0.086603868694056
6.22,-0.261799387799149,-0.0867770470866083
6.225,-0.261799387799149,-0.0869828690190859
6.23,-0.261799387799149,-0.087221516659263
6.235,-0.261799387799149,-0.0874931386087048
6.24,-0.261799387799149,-0.0877978497523251
6.245,-0.261799387799149,-0.0881357311412289
6.25,-0.261799387799149,-0.0885068299089569
6.255,-0.261799387799149,-0.0889111592212147
6.26,-0.261799387799149,-0.0893486982591347
6.265,-0.261799387799149,-0.0898193922360896
6.27,-0.261799387799149,-0.0903231524480387
6.275,-0.261799387799149,-0.0908598563573597
6.28,-0.261799387799149,-0.0914293477100802
6.285,-0.261799387799149,-0.0920314366863971
6.29,-0.261799387799149,-0.092665900084332
6.295,-0.261799387799149,-0.0933324815363431
6.3,-0.261799387799149,-0.0940308917586794
6.305,-0.261799387799149,-0.0947608088332317
6.31,-0.261799387799149,-0.0955218785216012
6.315,-0.261799387799149,-0.0963137146110767
6.32,-0.261799387799149,-0.0971358992921798
6.325,-0.261799387799149,-0.0979879835674014
6.33,-0.261799387799149,-0.0988694876907333
6.335,-0.261799387799149,-0.0997799016375545
6.34,-0.261799387799149,-0.100718685604411
6.345,-0.261799387799149,-0.101685270538198
6.35,-0.261799387799149,-0.102679058694217
6.355,-0.261799387799149,-0.103699424222566
6.36,-0.261799387799149,-0.104745713782271
6.365,-0.261799387799149,-0.105817247182569
6.37,-0.261799387799149,-0.10691331805069
6.375,-0.261799387799149,-0.108033194525504
6.38,-0.261799387799149,-0.109176119976321
6.385,-0.261799387799149,-0.110341313746156
6.39,-0.261799387799149,-0.111527971918718
6.395,-0.261799387799149,-0.11273526810836
6.4,-0.261799387799149,-0.113962354272221
6.405,-0.261799387799149,-0.115208361543754
6.41,-0.261799387799149,-0.116472401086813
6.415,-0.261799387799149,-0.117753564969468
6.42,-0.261799387799149,-0.119050927056666
6.425,-0.261799387799149,-0.120363543920885
6.43,-0.261799387799149,-0.121690455769848
6.435,-0.261799387799149,-0.123030687390421
6.44,-0.261799387799149,-0.124383249107722
6.445,-0.261799387799149,-0.125747137758528
6.45,-0.261799387799149,-0.127121337678004
6.455,-0.261799387799149,-0.128504821698779
6.46,-0.261799387799149,-0.129896552161391
6.465,-0.261799387799149,-0.131295481935095
6.47,-0.261799387799149,-0.132700555448037
6.475,-0.261799387799149,-0.134110709725765
6.48,-0.261799387799149,-0.135524875437068
6.485,-0.261799387799149,-0.136941977946085
6.49,-0.261799387799149,-0.138360938369684
6.495,-0.261799387799149,-0.13978067463903
6.5,-0.261799387799149,-0.141200102564313
6.505,-0.261799387799149,-0.142618136901588
6.51,-0.261799387799149,-0.144033692420665
6.515,-0.261799387799149,-0.145445684972998
6.52,-0.261799387799149,-0.146853032558519
6.525,-0.261799387799149,-0.148254656390375
6.53,-0.261799387799149,-0.149649481956489
6.535,-0.261799387799149,-0.151036440076936
6.54,-0.261799387799149,-0.152414467956057
6.545,-0.261799387799149,-0.15378251022829
6.55,-0.261799387799149,-0.155139519996685
6.555,-0.261799387799149,-0.156484459863069
6.56,-0.261799387799149,-0.157816302948856
6.565,-0.261799387799149,-0.159134033905488
6.57,-0.261799387799149,-0.160436649913507
6.575,-0.261799387799149,-0.161723161669283
6.58,-0.261799387799149,-0.162992594358412
6.585,-0.261799387799149,-0.164243988614831
6.59,-0.261799387799149,-0.165476401464699
6.595,-0.261799387799149,-0.166688907254118
6.6,-0.261799387799149,-0.167880598559774
6.605,-0.261799387799149,-0.169050587081598
6.61,-0.261799387799149,-0.170198004516574
6.615,-0.261799387799149,-0.17132200341282
6.62,-0.261799387799149,-0.172421758003111
6.625,-0.261799387799149,-0.173496465017014
6.63,-0.261799387799149,-0.174545344470832
6.635,-0.261799387799149,-0.175567640434588
6.64,-0.261799387799149,-0.176562621775278
6.645,-0.261799387799149,-0.177529582875674
6.65,-0.261799387799149,-0.17846784432795
6.655,-0.261799387799149,-0.179376753601467
6.66,-0.261799387799149,-0.180255685684043
6.665,-0.261799387799149,-0.181104043696077
6.67,-0.261799387799149,-0.181921259476934
6.675,-0.261799387799149,-0.182706794142986
6.68,-0.261799387799149,-0.183460138616793
6.685,-0.261799387799149,-0.184180814126868
6.69,-0.261799387799149,-0.184868372677558
6.695,-0.261799387799149,-0.185522397488561
6.7,-0.261799387799149,-0.186142503403654
6.705,-0.261799387799149,-0.186728337268232
6.71,-0.261799387799149,-0.187279578275268
6.715,-0.261799387799149,-0.187795938279376
6.72,-0.261799387799149,-0.188277162078645
6.725,-0.261799387799149,-0.188723027663988
6.73,-0.261799387799149,-0.189133346435739
6.735,-0.261799387799149,-0.189507963387295
6.74,-0.261799387799149,-0.189846757255626
6.745,-0.261799387799149,-0.190149640638491
6.75,-0.261799387799149,-0.190416560078262
6.755,-0.261799387799149,-0.190647496112249
6.76,-0.261799387799149,-0.190842463289508
6.765,-0.261799387799149,-0.191001510154086
6.77,-0.261799387799149,-0.191124719194735
6.775,-0.261799387799149,-0.191212206761144
6.78,-0.261799387799149,-0.191264122946768
6.785,-0.261799387799149,-0.191280651438368
6.79,-0.261799387799149,-0.191262009332418
6.795,-0.261799387799149,-0.191208446918552
6.8,-0.261799387799149,-0.19112024743027
6.805,-0.261799387799149,-0.190997726763149
6.81,-0.261799387799149,-0.19084123316083
6.815,-0.261799387799149,-0.190651146869102
6.82,-0.261799387799149,-0.190427879758417
6.825,-0.261799387799149,-0.190171874915207
6.83,-0.261799387799149,-0.189883606202419
6.835,-0.261799387799149,-0.189563577789679
6.84,-0.261799387799149,-0.189212323653575
6.845,-0.261799387799149,-0.188830407048529
6.85,-0.261799387799149,-0.188418419948799
6.855,-0.261799387799149,-0.187976982462145
6.86,-0.261799387799149,-0.187506742215755
6.865,-0.261799387799149,-0.18700837371502
6.87,-0.261799387799149,-0.186482577675802
6.875,-0.261799387799149,-0.185930080330848
6.88,-0.261799387799149,-0.185351632711047
6.885,-0.261799387799149,-0.184748009902213
6.89,-0.261799387799149,-0.184120010278162
6.895,-0.261799387799149,-0.183468454710804
6.9,-0.261799387799149,-0.182794185758064
6.905,-0.261799387799149,-0.182098066830409
6.91,-0.261799387799149,-0.181380981336805
6.915,-0.261799387799149,-0.180643831810971
6.92,-0.261799387799149,-0.179887539018754
6.925,-0.261799387799149,-0.179113041047544
6.93,-0.261799387799149,-0.178321292378599
6.935,-0.261799387799149,-0.177513262943209
6.94,-0.261799387799149,-0.176689937163637
6.945,-0.261799387799149,-0.175852312979758
6.95,-0.261799387799149,-0.175001400862392
6.955,-0.261799387799149,-0.174138222814269
6.96,-0.261799387799149,-0.173263811359642
6.965,-0.261799387799149,-0.172379208523526
6.97,-0.261799387799149,-0.171485464801575
6.975,-0.261799387799149,-0.170583638121623
6.98,-0.261799387799149,-0.169674792797894
6.985,-0.261799387799149,-0.168759998478938
6.99,-0.261799387799149,-0.16784032909031
6.995,-0.261799387799149,-0.166916861773044
7,-0.261799387799149,-0.165990675818975
7.005,-0.261799387799149,-0.165062851603949
7.01,-0.261799387799149,-0.164134469519981
7.015,-0.261799387799149,-0.163206608907411
7.02,-0.261799387799149,-0.16228034698812
7.025,-0.261799387799149,-0.161356757800841
7.03,-0.261799387799149,-0.160436911139641
7.035,-0.261799387799149,-0.159521871496595
7.04,-0.261799387799149,-0.158612697009717
7.045,-0.261799387799149,-0.157710438417174
7.05,-0.261799387799149,-0.156816138018822
7.055,-0.261799387799149,-0.155930828646079
7.06,-0.261799387799149,-0.155055532641161
7.065,-0.261799387799149,-0.154191260846694
7.07,-0.261799387799149,-0.153339011606674
7.075,-0.261799387799149,-0.152499769779794
7.08,-0.261799387799149,-0.151674505766085
7.085,-0.261799387799149,-0.150864174547844
7.09,-0.261799387799149,-0.150069714745797
7.095,-0.261799387799149,-0.149292047691424
7.1,-0.261799387799149,-0.148532076516355
7.105,-0.261799387799149,-0.147790685259756
7.11,-0.261799387799149,-0.147068737994562
7.115,-0.261799387799149,-0.146367077973434
7.12,-0.261799387799149,-0.145686526795284
7.125,-0.261799387799149,-0.145027883593178
7.13,-0.261799387799149,-0.144391924244428
7.135,-0.261799387799149,-0.143779400603659
7.14,-0.261799387799149,-0.143191039759585
7.145,-0.261799387799149,-0.142627543316257
7.15,-0.261799387799149,-0.142089586699466
7.155,-0.261799387799149,-0.141577818489003
7.16,-0.261799387799149,-0.141092859777431
7.165,-0.261799387799149,-0.140635303555989
7.17,-0.261799387799149,-0.140205714128259
7.175,-0.261799387799149,-0.139804626552152
7.18,-0.261799387799149,-0.139432546110771
7.185,-0.261799387799149,-0.139089947812681
7.19,-0.261799387799149,-0.138777275922065
7.195,-0.261799387799149,-0.138494943519247
7.2,-0.261799387799149,-0.138243332091992
7.205,-0.261799387799149,-0.138022791158016
7.21,-0.261799387799149,-0.137833637919052
7.215,-0.261799387799149,-0.137676156946827
7.22,-0.261799387799149,-0.137550599901258
7.225,-0.261799387799149,-0.137457185281146
7.23,-0.261799387799149,-0.13739609820761
7.235,-0.261799387799149,-0.137367490240475
7.24,-0.261799387799149,-0.137371479227802
7.245,-0.261799387799149,-0.137408149188704
7.25,-0.261799387799149,-0.137477550229557
7.255,-0.261799387799149,-0.137579698493699
7.26,-0.261799387799149,-0.13771457614467
7.265,-0.261799387799149,-0.137882131382987
7.27,-0.261799387799149,-0.138082278496466
7.275,-0.261799387799149,-0.138314897944024
7.28,-0.261799387799149,-0.13857983647288
7.285,-0.261799387799149,-0.138876907269043
7.29,-0.261799387799149,-0.139205890140943
7.295,-0.261799387799149,-0.139566531736005
7.3,-0.261799387799149,-0.139958545789982
7.305,-0.261799387799149,-0.140381613408772
7.31,-0.261799387799149,-0.140835383382456
7.315,-0.261799387799149,-0.141319472531247
7.32,-0.261799387799149,-0.141833466083004
7.325,-0.261799387799149,-0.142376918081941
7.33,-0.261799387799149,-0.142949351828125
7.335,-0.261799387799149,-0.143550260347334
7.34,-0.261799387799149,-0.14417910689081
7.345,-0.261799387799149,-0.144835325464403
7.35,-0.261799387799149,-0.145518321386607
7.355,-0.261799387799149,-0.146227471874913
7.36,-0.261799387799149,-0.146962126659914
7.365,-0.261799387799149,-0.147721608626556
7.37,-0.261799387799149,-0.148505214481892
7.375,-0.261799387799149,-0.149312215448693
7.38,-0.261799387799149,-0.150141857984227
7.385,-0.261799387799149,-0.150993364523483
7.39,-0.261799387799149,-0.151865934246136
7.395,-0.261799387799149,-0.152758743866466
7.4,-0.261799387799149,-0.153670948445468
7.405,-0.261799387799149,-0.154601682224348
7.41,-0.261799387799149,-0.155550059478583
7.415,-0.261799387799149,-0.156515175391702
7.42,-0.261799387799149,-0.157496106947918
7.425,-0.261799387799149,-0.158491913842749
7.43,-0.261799387799149,-0.159501639410708
7.435,-0.261799387799149,-0.160524311569159
7.44,-0.261799387799149,-0.161558943777403
7.445,-0.261799387799149,-0.162604536010055
7.45,-0.261799387799149,-0.163660075743735
7.455,-0.261799387799149,-0.164724538956122
7.46,-0.261799387799149,-0.165796891136358
7.465,-0.261799387799149,-0.166876088305835
7.47,-0.261799387799149,-0.167961078048328
7.475,-0.261799387799149,-0.169050800548486
7.48,-0.261799387799149,-0.170144189637627
7.485,-0.261799387799149,-0.171240173845828
7.49,-0.261799387799149,-0.172337677459265
7.495,-0.261799387799149,-0.17343562158175
7.5,-0.261799387799149,-0.174532925199433
7.505,-0.216725299937294,-0.175628506247606
7.51,-0.215499736097531,-0.176721282678562
7.515,-0.214232661757917,-0.177810173529454
7.52,-0.212924171175392,-0.1788940999891
7.525,-0.211574367595265,-0.179971986462679
7.53,-0.210183363239334,-0.181042761633273
7.535,-0.20875127929189,-0.182105359519204
7.54,-0.207278245883583,-0.183158720526118
7.545,-0.20576440207318,-0.184201792492783
7.55,-0.204209895827205,-0.185233531729574
7.555,-0.202614883997464,-0.186252904048608
7.56,-0.200979532296466,-0.187258885784519
7.565,-0.199304015270739,-0.188250464804868
7.57,-0.197588516272053,-0.189226641509186
7.575,-0.19583322742655,-0.190186429815667
7.58,-0.194038349601794,-0.191128858134537
7.585,-0.19220409237174,-0.192052970327131
7.59,-0.190330673979641,-0.192957826649752
7.595,-0.188418321298888,-0.193842504681352
7.6,-0.186467269791807,-0.194706100234145
7.605,-0.184477763466404,-0.195547728246234
7.61,-0.182450054831084,-0.196366523655389
7.615,-0.180384404847349,-0.197161642253095
7.62,-0.178281082880482,-0.197932261518042
7.625,-0.176140366648227,-0.198677581428231
7.63,-0.173962542167488,-0.199396825250882
7.635,-0.171747903699048,-0.200089240309388
7.64,-0.169496753690327,-0.200754098726538
7.645,-0.167209402716181,-0.201390698143283
7.65,-0.164886169417779,-0.201998362412332
7.655,-0.162527380439543,-0.20257644226591
7.66,-0.16013337036419,-0.203124315956984
7.665,-0.157704481645874,-0.203641389873369
7.67,-0.155241064541457,-0.204127099124068
7.675,-0.152743477039913,-0.204580908097291
7.68,-0.15021208478989,-0.205002310989594
7.685,-0.147647261025444,-0.205390832305622
7.69,-0.145049386489958,-0.205746027327947
7.695,-0.142418849358276,-0.206067482556562
7.7,-0.139756045157053,-0.206354816117573
7.705,-0.137061376683357,-0.206607678140702
7.71,-0.134335253921523,-0.20682575110522
7.715,-0.131578093958306,-0.207008750153975
7.72,-0.128790320896318,-0.207156423375195
7.725,-0.125972365765801,-0.207268552051802
7.73,-0.123124666434736,-0.207344950877977
7.735,-0.120247667517321,-0.207385468142775
7.74,-0.117341820280829,-0.207389985880592
7.745,-0.114407582550885,-0.207358419988361
7.75,-0.111445418615157,-0.20729072030933
7.755,-0.108455799125516,-0.207186870683366
7.76,-0.105439200998664,-0.207046888963725
7.765,-0.10239610731526,-0.206870827000263
7.77,-0.0993270072175757,-0.206658770589121
7.775,-0.0962323958056926,-0.206410839388924
7.78,-0.0931127740322762,-0.206127186803573
7.785,-0.0899686485959437,-0.205807999831758
7.79,-0.0868005318332561,-0.20545349888333
7.795,-0.0836089416093551,-0.205063937562713
7.8,-0.0803944012072793,-0.204639602419582
7.805,-0.0771574392159751,-0.204180812667036
7.81,-0.0738985894170376,-0.203687919867556
7.815,-0.0706183906701998,-0.203161307587055
7.82,-0.0673173867976113,-0.202601391017361
7.825,-0.0639961264669164,-0.202008616567502
7.83,-0.0606551630731724,-0.201383461424203
7.835,-0.0572950546196315,-0.200726433082024
7.84,-0.0539163635974109,-0.200038068843605
7.845,-0.050519656864092,-0.19931893529051
7.85,-0.0471055055212614,-0.198569627725191
7.855,-0.0436744847910315,-0.197790769584626
7.86,-0.0402271738915752,-0.196983011826209
7.865,-0.0367641559116917,-0.196147032286491
7.87,-0.0332860176844433,-0.195283535013418
7.875,-0.0297933496598879,-0.194393249572715
7.88,-0.0262867457769426,-0.1934769303291
7.885,-0.0227668033343991,-0.192535355703046
7.89,-0.0192341228611386,-0.191569327403815
7.895,-0.0156893079855576,-0.190579669639524
7.9,-0.0121329653042456,-0.189567228305032
7.905,-0.00856570424995603,-0.188532870148428
7.91,-0.00498813695887164,-0.187477481916966
7.915,-0.00140087813723572,-0.186401969483273
7.92,0.00219545507265282,-0.185307256952703
7.925,0.00580024322702927,-0.184194285752712
7.93,0.00941286471581607,-0.183064013705152
7.935,0.0130326958982948,-0.181917414082403
7.94,0.0166591112392789,-0.180755474648277
7.945,0.0202914834457492,-0.179579196684632
7.95,0.023929183603906,-0.178389594004661
7.955,0.0275715813166381,-0.177187691953835
7.96,0.0312180448413352,-0.175974526399476
7.965,0.0348679412280422,-0.174751142709965
7.97,0.0385206364579118,-0.173518594724586
7.975,0.0421754955819129,-0.172277943715034
7.98,0.0458318828597797,-0.171030257339593
7.985,0.0494891618991573,-0.169776608591038
7.99,0.0531466957949078,-0.168518074739278
7.995,0.0568038472685499,-0.167255736269806
8,0.0604599788078071,-0.165990675818975
8.005,0.0641144528062032,-0.164723977107188
8.01,0.067766631702708,-0.163456723871013
8.015,0.071415878121368,-0.162189998795312
8.02,0.0750615550109075,-0.160924882446421
8.025,0.0787030257842696,-0.159662452207431
8.03,0.0823396544580399,-0.158403781216631
8.035,0.0859708057917525,-0.157149937310156
8.04,0.0895958454270103,-0.155901981969883
8.045,0.0932141400264293,-0.154660969277608
8.05,0.0968250574123175,-0.153427944876554
8.055,0.100427966705114,-0.152203944941205
8.06,0.104022238461518,-0.150989995156521
8.065,0.107607244812271,-0.1497871097075
8.07,0.111182359599604,-0.148596290280121
8.075,0.114746958514251,-0.147418525074626
8.08,0.118300419232059,-0.146254787832136
8.085,0.121842121550116,-0.145106036875542
8.09,0.125371447522394,-0.143973214165637
8.095,0.128887781594848,-0.142857244373404
8.1,0.132390510739977,-0.141759033969388
8.105,0.135879024590773,-0.140679470331035
8.11,0.139352715574044,-0.139619420868909
8.115,0.142810979043097,-0.138579732172601
8.12,0.146253213409716,-0.137561229177231
8.125,0.149678820275427,-0.136564714351311
8.13,0.153087204562011,-0.135590966906812
8.135,0.156477774641233,-0.134640742032189
8.14,0.159849942463759,-0.133714770149132
8.145,0.16320312368723,-0.132813756193776
8.15,0.166536737803462,-0.131938378923073
8.155,0.169850208264729,-0.131089290247023
8.16,0.17314296260914,-0.130267114587401
8.165,0.176414432585012,-0.129472448263644
8.17,0.179664054274287,-0.128705858906476
8.175,0.182891268214895,-0.127967884899857
8.18,0.186095519522082,-0.127259034851827
8.185,0.189276258008655,-0.126579787094728
8.19,0.192432938304104,-0.12593058921534
8.195,0.195565019972602,-0.12531185761536
8.2,0.198671967629825,-0.12472397710268
8.205,0.20175325105859,-0.124167300513855
8.21,0.204808345323256,-0.12364214836814
8.215,0.207836730882892,-0.123148808553437
8.22,0.210837893703156,-0.122687536044453
8.225,0.213811325366878,-0.122258552653367
8.23,0.216756523183319,-0.121862046813224
8.235,0.219672990296062,-0.121498173394298
8.24,0.222560235789536,-0.121167053553586
8.245,0.225417774794125,-0.120868774617587
8.25,0.228245128589858,-0.120603389998489
8.255,0.231041824708628,-0.12037091914383
8.26,0.233807397034948,-0.120171347519703
8.265,0.236541385905197,-0.120004626627507
8.27,0.239243338205333,-0.119870674054228
8.275,0.241912807467077,-0.119769373556211
8.28,0.244549353962496,-0.11970057517633
8.285,0.24715254479702,-0.119664095394445
8.29,0.249721954000821,-0.119659717310991
8.295,0.252257162618569,-0.119687190863536
8.3,0.254757758797518,-0.119746233076064
8.305,0.257223337873919,-0.119836528340771
8.31,0.259653502457735,-0.119957728732068
8.315,0.262047862515623,-0.120109454352494
8.32,0.264406035452194,-0.120291293710203
8.325,0.266727646189498,-0.120502804127636
8.33,0.269012327244748,-0.12074351218099
8.335,0.271259718806233,-0.121012914170042
8.34,0.273469468807428,-0.121310476617869
8.345,0.27564123299927,-0.121635636799961
8.35,0.277774675020587,-0.121987803302225
8.355,0.279869466466665,-0.122366356607305
8.36,0.281925286955928,-0.122770649708655
8.365,0.283941824194736,-0.123200008751756
8.37,0.285918774040256,-0.123653733701842
8.375,0.287855840561425,-0.124131099037476
8.38,0.28975273609796,-0.124631354469295
8.385,0.291609181317425,-0.125153725683208
8.39,0.293424905270325,-0.125697415107321
8.395,0.295199645443227,-0.12626160270183
8.4,0.296933147809887,-0.126845446771097
8.405,0.298625166880378,-0.127448084797114
8.41,0.300275465748198,-0.128068634293531
8.415,0.30188381613536,-0.128706193679402
8.42,0.303449998435446,-0.129359843171793
8.425,0.304973801754613,-0.130028645696365
8.43,0.306455023950548,-0.130711647815029
8.435,0.307893471669365,-0.131407880669779
8.44,0.309288960380423,-0.132116360941741
8.445,0.310641314409068,-0.132836091824516
8.45,0.311950366967298,-0.133566064010847
8.455,0.313215960182321,-0.13430525669163
8.46,0.314437945123027,-0.135052638566297
8.465,0.315616181824352,-0.135807168863566
8.47,0.316750539309528,-0.136567798371544
8.475,0.317840895610226,-0.137333470476183
8.48,0.318887137784576,-0.138103122207047
8.485,0.319889161933067,-0.138875685289372
8.49,0.320846873212323,-0.139650087201368
8.495,0.321760185846747,-0.140425252235732
8.5,0.322629023138045,-0.141200102564313
8.505,0.323453317472604,-0.141973559304886
8.51,0.324233010326755,-0.142744543588981
8.515,0.324968052269885,-0.143511977629711
8.52,0.325658402965433,-0.14427478578854
8.525,0.326304031169746,-0.145031895639957
8.53,0.326904914728798,-0.145782239032981
8.535,0.327461040572792,-0.146524753148465
8.54,0.327972404708625,-0.14725838155115
8.545,0.328439012210231,-0.14798207523544
8.55,0.3288608772068,-0.148694793663843
8.555,0.329238022868886,-0.149395505797081
8.56,0.329570481392388,-0.150083191114838
8.565,0.329858293980437,-0.15075684062613
8.57,0.330101510823162,-0.151415457868326
8.575,0.330300191075373,-0.152058059893803
8.58,0.330454402832141,-0.152683678243285
8.585,0.330564223102295,-0.153291359904897
8.59,0.330629737779845,-0.153880168257982
8.595,0.330651041613325,-0.154449184000758
8.6,0.330628238173082,-0.154997506060898
8.605,0.330561439816507,-0.155524252488128
8.61,0.330450767651222,-0.156028561327971
8.615,0.330296351496229,-0.156509591475768
8.62,0.330098329841044,-0.156966523510137
8.625,0.329856849802801,-0.157398560505041
8.63,0.32957206708137,-0.15780492881968
8.635,0.329244145912472,-0.158184878865401
8.64,0.328873259018819,-0.158537685848895
8.645,0.328459587559287,-0.158862650490935
8.65,0.32800332107614,-0.159159099719942
8.655,0.327504657440303,-0.159426387339704
8.66,0.326963802794725,-0.159663894670585
8.665,0.326380971495816,-0.159871031163589
8.67,0.325756386052996,-0.160047234986677
8.675,0.325090277066367,-0.160191973582751
8.68,0.324382883162505,-0.16030474419877
8.685,0.323634450928422,-0.160385074385451
8.69,0.322845234843686,-0.160432522467092
8.695,0.322015497210724,-0.160446677981021
8.7,0.321145508083339,-0.16042716208627
8.705,0.320235545193439,-0.16037362794104
8.71,0.31928589387601,-0.160285761048609
8.715,0.318296846992347,-0.160163279571328
8.72,0.317268704851564,-0.160005934612395
8.725,0.316201775130405,-0.159813510465137
8.73,0.315096372791363,-0.15958582482955
8.735,0.313952819999155,-0.159322728995878
8.74,0.312771446035538,-0.159024107995057
8.745,0.311552587212528,-0.158689880715877
8.75,0.310296586783997,-0.15831999998873
8.755,0.309003794855723,-0.157914452635891
8.76,0.307674568293863,-0.157473259488248
8.765,0.306309270631917,-0.156996475368493
8.77,0.304908271976177,-0.156484189040774
8.775,0.303471948909689,-0.155936523126863
8.78,0.302000684394773,-0.155353633988923
8.785,0.300494867674095,-0.154735711578987
8.79,0.298954894170338,-0.154082979255304
8.795,0.297381165384487,-0.153395693565722
8.8,0.295774088792757,-0.152674143998335
8.805,0.294134077742189,-0.151918652699628
8.81,0.292461551344937,-0.151129574160407
8.815,0.290756934371279,-0.150307294869819
8.82,0.289020657141372,-0.149452232937805
8.825,0.287253155415785,-0.148564837686359
8.83,0.285454870284826,-0.147645589209994
8.835,0.283626248056705,-0.146694997905853
8.84,0.281767740144552,-0.145713603973924
8.845,0.279879802952311,-0.144701976887855
8.85,0.277962897759564,-0.143660714836893
8.855,0.27601749060528,-0.142590444139487
8.86,0.274044052170546,-0.141491818629156
8.865,0.27204305766029,-0.140365519013198
8.87,0.270014986684041,-0.139212252204901
8.875,0.267960323135741,-0.138032750629898
8.88,0.265879555072649,-0.136827771507355
8.885,0.263773174593363,-0.1355980961067
8.89,0.261641677714991,-0.134344528980633
8.895,0.259485564249504,-0.133067897175165
8.9,0.257305337679291,-0.131769049417471
8.905,0.255101505031967,-0.130448855282356
8.91,0.252874576754443,-0.129108204338161
8.915,0.250625066586305,-0.12774800527294
8.92,0.24835349143252,-0.126369185001789
8.925,0.246060371235523,-0.124972687756193
8.93,0.243746228846686,-0.123559474156292
8.935,0.241411589897221,-0.122130520266984
8.94,0.239056982668551,-0.120686816638804
8.945,0.236682937962167,-0.119229367334508
8.95,0.234289988969015,-0.117759188942339
8.955,0.231878671138438,-0.116277309576935
8.96,0.229449522046711,-0.114784767868881
8.965,0.227003081265198,-0.113282611943889
8.97,0.224539890228158,-0.111771898392611
8.975,0.222060492100258,-0.110253691232125
8.98,0.219565431643779,-0.108729060860083
8.985,0.217055255085601,-0.107199083002583
8.99,0.214530509983957,-0.105664837656792
8.995,0.211991745095019,-0.104127408029364
9,0.20943951023932,-0.102587879471692
9.005,0.206874356168081,-0.101047338413066
9.01,0.204296834429441,-0.0995068712927689
9.015,0.20170749723464,-0.0979675634921734
9.02,0.199106897324193,-0.0964304982678967
9.025,0.196495587834071,-0.0948967556870547
9.03,0.193874122161942,-0.0933674115656811
9.035,0.191243053833484,-0.0918435364113446
9.04,0.188602936368825,-0.0903261943710218
9.045,0.185954323149113,-0.0888164421852467
9.05,0.183297767283294,-0.0873153281495913
9.055,0.180633821475082,-0.085823891084479
9.06,0.177963037890177,-0.084343159314363
9.065,0.175285968023779,-0.0828741496572745
9.07,0.172603162568392,-0.0814178664257291
9.075,0.16991517128199,-0.079975300439991
9.08,0.167222542856547,-0.0785474280546561
9.085,0.164525824786982,-0.0771352101995238
9.09,0.161825563240548,-0.0757395914356994
9.095,0.159122302926682,-0.0743614990278564
9.1,0.156416586967373,-0.073001842033583
9.105,0.153708956768058,-0.0716615104107001
9.11,0.150999951889093,-0.0703413741434434
9.115,0.148290109917814,-0.0690422823883587
9.12,0.14557996634124,-0.0677650626407669
9.125,0.142870054419432,-0.0665105199226113
9.13,0.140160905059544,-0.0652794359924933
9.135,0.137453046690605,-0.0640725685786758
9.14,0.134747005139042,-0.062890650635807
9.145,0.132043303505009,-0.0617343896261059
9.15,0.129342462039507,-0.0606044668257104
9.155,0.126644998022371,-0.0595015366568807
9.16,0.123951425641113,-0.0584262260467061
9.165,0.12126225587069,-0.0573791338129638
9.17,0.118577996354182,-0.0563608300777173
9.175,0.115899151284456,-0.0553718557092489
9.18,0.113226221286809,-0.0544127217928684
9.185,0.110559703302627,-0.0534839091311204
9.19,0.107900090474113,-0.0525858677738887
9.195,0.105247872030066,-0.0517190165788552
9.2,0.102603533172784,-0.0508837428027519
9.205,0.0999675549660908,-0.0500804017238051
9.21,0.0973404142245262,-0.0493093162957499
9.215,0.0947225834037166,-0.0485707768337494
9.22,0.0921145304919618,-0.0478650407325335
9.225,0.0895167189030676,-0.0471923322170366
9.23,0.0869296073704281,-0.0465528421257732
9.235,0.0843536498424171,-0.0459467277271736
9.24,0.0817892953790795,-0.0453741125690548
9.245,0.0792369880501784,-0.0448350863613784
9.25,0.0766971668345939,-0.0443297048924089
9.255,0.0741702655211277,-0.0438579899783582
9.26,0.0716567126107082,-0.0434199294465616
9.265,0.0691569312200387,-0.0430154771522056
9.27,0.066671338986715,-0.0426445530285905
9.275,0.0642003479758077,-0.0423070431708745
9.28,0.0617443645879763,-0.0420027999532227
9.285,0.0593037894690879,-0.0417316421792396
9.29,0.0568790174214044,-0.0414933552655393
9.295,0.05447043731633,-0.0412876914582733
9.3,0.0520784320087614,-0.0411143700823992
9.305,0.0497033782530417,-0.040973077823447
9.31,0.0473456466205538,-0.0408634690415019
9.315,0.0450056014189681,-0.0407851661170982
9.32,0.042683600613157,-0.0407377598286775
9.325,0.0403799957478107,-0.040720809761243
9.33,0.0380951318717502,-0.0407338447458049
9.335,0.0358293474639806,-0.0407763633291813
9.34,0.0335829743614852,-0.0408478342736957
9.345,0.0313563376887786,-0.0409476970862719
9.35,0.0291497557892485,-0.0410753625764102
9.355,0.0269635401582846,-0.0412302134424882
9.36,0.0247979953782272,-0.0414116048858134
9.365,0.0226534190551355,-0.0416188652518162
9.37,0.0205301017574072,-0.0418512966977546
9.375,0.0184283269562431,-0.0421081758862698
9.38,0.0163483709679946,-0.0423887547041068
9.385,0.014290502898389,-0.0426922610052946
9.39,0.0122549845886471,-0.0430178993780484
9.395,0.0102420705635267,-0.0433648519346393
9.4,0.00825200798126835,-0.0437322791234511
9.405,0.00628503658549133,-0.0441193205624235
9.41,0.00434138865902227,-0.0445250958930575
9.415,0.00242128897969023,-0.0449487056541421
9.42,0.000524954778075576,-0.0453892321743398
9.425,-0.00134740430275573,-0.0458457404827473
9.43,-0.00319558624553668,-0.0463172792365362
9.435,-0.00501939669509712,-0.0468028816647571
9.44,-0.00681864899264583,-0.0473015665273739
9.445,-0.00859316420805992,-0.0478123390885842
9.45,-0.010342771170145,-0.0483341921034636
9.455,-0.0120673064948816,-0.0488661068169614
9.46,-0.013766614611634,-0.04940705397426
9.465,-0.0154405477873332,-0.0499559948415032
9.47,-0.0170889661486143,-0.0505118822358837
9.475,-0.0187117377019091,-0.051073661564075
9.48,-0.0203087383514944,-0.0516402718679813
9.485,-0.0218798519154815,-0.0522106468767746
9.49,-0.0234249701397586,-0.0527837160641803
9.495,-0.0249439927098663,-0.0533584057099674
9.5,-0.0264368272608205,-0.0539336399645961
9.505,-0.0279033893848684,-0.0545083419159725
9.51,-0.0293436026371834,-0.0550814346572556
9.515,-0.0307573985395,-0.0556518423546665
9.52,-0.0321447165816793,-0.0562184913142422
9.525,-0.0335055042212175,-0.0567803110464826
9.53,-0.0348397168806871,-0.0573362353278408
9.535,-0.0361473179431249,-0.0578852032580078
9.54,-0.0374282787453536,-0.0584261603119496
9.545,-0.0386825785692554,-0.0589580593856557
9.55,-0.0399102046309868,-0.0594798618345711
9.555,-0.0411111520681472,-0.059990538503682
9.56,-0.0422854239249056,-0.0604890707482436
9.565,-0.0434330311350792,-0.0609744514441388
9.57,-0.0445539925031855,-0.0614456859868718
9.575,-0.0456483346834565,-0.0619017932782117
9.58,-0.0467160921568385,-0.0623418066995113
9.585,-0.0477573072059649,-0.0627647750707403
9.59,-0.0487720298881279,-0.0631697635942871
9.595,-0.0497603180062446,-0.0635558547825983
9.6,-0.0507222370778266,-0.0639221493687375
9.605,-0.0516578603019698,-0.0642677671989687
9.61,-0.0525672685243634,-0.0645918481064812
9.615,-0.0534505502003346,-0.0648935527653928
9.62,-0.054307801355935,-0.0651720635241907
9.625,-0.055139125547085,-0.0654265852177858
9.63,-0.0559446338167768,-0.0656563459573805
9.635,-0.056724444650361,-0.0658605978973681
9.64,-0.0574786839289182,-0.0660386179785101
9.645,-0.0582074848807314,-0.0661897086466542
9.65,-0.058910988030876,-0.0663131985462871
9.655,-0.0595893411489341,-0.0664084431882366
9.66,-0.0602426991948524,-0.066474825590861
9.665,-0.0608712242629555,-0.0665117568940986
9.67,-0.0614750855241305,-0.0665186769457656
9.675,-0.0620544591661973,-0.0664950548595285
9.68,-0.0626095283324818,-0.0664403895439962
9.685,-0.0631404830586063,-0.0663542102024128
9.69,-0.0636475202075148,-0.0662360768024561
9.695,-0.0641308434027519,-0.0660855805156782
9.7,-0.0645906629600082,-0.0659023441261569
9.705,-0.0650271958169564,-0.0656860224079488
9.71,-0.0654406654613901,-0.06543630247098
9.715,-0.0658313018576894,-0.0651529040750243
9.72,-0.0661993413716303,-0.0648355799114652
9.725,-0.0665450266935553,-0.0644841158525606
9.73,-0.0668686067599308,-0.0640983311679656
9.735,-0.067170336673305,-0.0636780787082983
9.74,-0.0674504776206941,-0.0632232450555677
9.745,-0.0677092967904114,-0.0627337506403178
9.75,-0.067947067287366,-0.0622095498253666
9.755,-0.0681640680468505,-0.0616506309560642
9.76,-0.0683605837468408,-0.0610570163770151
9.765,-0.0685369047188304,-0.0604287624152488
9.77,-0.0686933268572236,-0.0597659593298596
9.775,-0.0688301515273083,-0.0590687312281588
9.78,-0.068947685471836,-0.0583372359484276
9.785,-0.0690462407162297,-0.0575716649093822
9.79,-0.0691261344724462,-0.0567722429265036
9.795,-0.0691876890415173,-0.0559392279954077
9.8,-0.0692312317147948,-0.0550729110424767
9.805,-0.0692570946739245,-0.0541736156429921
9.81,-0.0692656148895763,-0.0532416977070479
9.815,-0.0692571340189548,-0.0522775451335586
9.82,-0.0692319983021181,-0.0512815774326969
9.825,-0.0691905584571313,-0.05025424531714
9.83,-0.0691331695740808,-0.0491960302625209
9.835,-0.0690601910079787,-0.0481074440375273
9.84,-0.0689719862705823,-0.0469890282041011
9.845,-0.0688689229211583,-0.0458413535882411
9.85,-0.0687513724562202,-0.0446650197219279
9.855,-0.068619710198265,-0.0434606542567156
9.86,-0.0684743151835403,-0.0422289123495835
9.865,-0.0683155700488694,-0.0409704760216356
9.87,-0.0681438609175634,-0.0396860534902964
9.875,-0.0679595772844499,-0.0383763784756518
9.88,-0.0677631119000487,-0.0370422094816269
9.885,-0.0675548606539219,-0.0356843290527024
9.89,-0.0673352224572314,-0.0343035430069099
9.895,-0.067104599124531,-0.03290067964586
9.9,-0.0668633952548262,-0.0314765889425815
9.905,-0.0666120181119299,-0.0300321417079784
9.91,-0.0663508775041456,-0.0285682287367171
9.915,-0.0660803856633099,-0.0270857599334
9.92,-0.0658009571232236,-0.0255856634198755
9.925,-0.0655130085975039,-0.0240688846245759
9.93,-0.0652169588568885,-0.0225363853547708
9.935,-0.0649132286060224,-0.0209891428526613
9.94,-0.0646022403597612,-0.0194281488362429
9.945,-0.0642844183190192,-0.0178544085258797
9.95,-0.0639601882461981,-0.0162689396575598
9.955,-0.0636299773402238,-0.0146727714837922
9.96,-0.0632942141112278,-0.0130669437631462
9.965,-0.0629533282549021,-0.0114525057394207
9.97,-0.0626077505265602,-0.00983051511144761
9.975,-0.0622579126149393,-0.00820203699456388
9.98,-0.0619042470157709,-0.00656814287475075
9.985,-0.0615471869051581,-0.00492990955649698
9.99,-0.061187166012786,-0.00328841810540673
9.995,-0.0608246184950043,-0.00164475278660872
10,-0.0604599788078073,-1.28244712914786e-16
