data1,data2,data3,data4
0,1,2,3
0.045003750312526,0.997312330396066,1.99776592715803,2.99537066561909
0.0900075006250521,0.997029221438031,1.9970038077952,2.99400778676555
0.135011250937578,0.996947304285687,1.99652173180078,2.99317842909164
0.180015001250104,0.996943626268157,1.99545723647504,2.9914062885905
0.22501875156263,0.997166520119526,1.99385647155966,2.98881593283319
0.270022501875156,0.997432312439043,1.99262813824479,2.98685763537376
0.315026252187682,0.997545307376693,1.99215635730673,2.98610850972226
0.360030002500208,0.99767426724073,1.99162149501181,2.98525905786707
0.405033752812734,0.997996948343162,1.99030949670991,2.98317549202003
0.45003750312526,0.998038362293785,1.99006532094855,2.98278105937618
0.495041253437786,0.997620849441547,1.99242189330195,2.98657782291233
0.540045003750313,0.99773780337471,1.99307865151072,2.98771395794214
0.585048754062839,0.997807332302241,1.99318839435489,2.98792078362128
0.630052504375365,0.997818569563274,1.99318701045085,2.98792229362063
0.675056254687891,0.997771972494687,1.99312903256661,2.98780966864096
0.720060005000417,0.997675967018614,1.99297743317068,2.98752397940794
0.765063755312943,0.997566354304872,1.99264103549462,2.98692520999304
0.810067505625469,0.997521056266716,1.99202297132986,2.98587796481301
0.855071255937995,0.997606793337576,1.99112713609218,2.98441074799181
0.900075006250521,0.997814835533211,1.9900938733605,2.98275409458246
0.945078756563047,0.998054034449786,1.98919408869637,2.9813297382243
0.990082506875573,0.998132642623332,1.98893017645517,2.98091456788245
1.0350862571881,0.99914309892481,1.9886903742349,2.98085776148738
1.08009000750063,1.00090531899126,1.98818845603267,2.98061832449164
1.12509375781315,1.00213105533639,1.98789652928056,2.98054806899102
1.17009750812568,1.00275871909149,1.98777640477192,2.98056174307508
1.2151012584382,1.00304311806896,1.98772776695438,2.98057776277211
1.26010500875073,1.00315211497767,1.98770447338383,2.98057604090705
1.30510875906326,1.00315877226722,1.98769159984858,2.98055656846165
1.35011250937578,1.00308984438017,1.98768555534021,2.98052251964102
1.39511625968831,1.00295368893162,1.98768783876598,2.98047932644033
1.44012001000083,1.0027561655327,1.98770174758525,2.9804346004787
1.48512376031336,1.00251242245787,1.98772872712658,2.98039602571627
1.53012751062589,1.00225404591011,1.98776498763168,2.98036810401469
1.57513126093841,1.00202776831905,1.98780048564846,2.98034998964883
1.62013501125094,1.00188363020246,1.98782188096224,2.98033640681926
1.66513876156346,1.00185600936,1.9878186869619,2.98032149783533
1.71014251187599,1.00194779525309,1.98778887550358,2.98030282938682
1.75514626218852,1.00212950488744,1.98773955019079,2.98028222465988
1.80015001250104,1.00235485440729,1.98768216974329,2.98026306957485
1.84515376281357,1.0025807551507,1.98762662436818,2.98024720481855
1.89015751312609,1.00277891707761,1.98757835999348,2.98023406799729
1.93516126343862,1.00293660442463,1.9875388418414,2.9802217363536
1.98016501375115,1.00305174550351,1.98750727839479,2.98020815347569
2.02516876406367,1.00312768264681,1.98748202346224,2.98019168817902
2.0701725143762,1.00316976534842,1.98746132483506,2.98017122447318
2.11517626468872,1.00318380967468,1.98744364219505,2.98014616714829
2.16018001500125,1.00317582393071,1.987427722978,2.98011647518526
2.20518376531378,1.00315244507582,1.98741250711857,2.98008265114242
2.2501875156263,1.00312159145685,1.9873969220774,2.98004561953256
2.29519126593883,1.00309279972085,1.98737968863321,2.98000651416481
2.34019501625135,1.0030767121917,1.98735930619811,2.97996647564623
2.38519876656388,1.00308340624776,1.98733435022958,2.97992657690639
2.43020251687641,1.00311981907603,1.9873040476235,2.979887906733
2.47520626718893,1.0031872672049,1.98726884999312,2.97985168286829
2.52021001750146,1.00328047404362,1.98723058778592,2.97981917730541
2.56521376781398,1.00338900473475,1.98719196411204,2.97979135618142
2.61021751812651,1.00350062193456,1.9871555882166,2.97976840406656
2.65522126843904,1.00360486966003,1.9871230815107,2.9797494494242
2.70022501875156,1.00369524724381,1.98709469922971,2.97973267540687
2.74522876906409,1.00376948430202,1.98706952658573,2.97971574693177
2.79023251937661,1.00382853395216,1.98704600158371,2.97969634790354
2.83523626968914,1.00387522229596,1.98702246309874,2.97967264244365
2.88024002000167,1.00391318171523,1.98699753754136,2.97964356090451
2.92524377031419,1.00394624346754,1.98697031895034,2.97960889483004
2.97024752062672,1.0039781668633,1.98694038926155,2.9795692375891
3.01525127093924,1.00401248167885,1.98690775672102,2.97952582549032
3.06025502125177,1.00405225777846,1.98687277965302,2.97948032888011
3.1052587715643,1.00409973239917,1.98683610976101,2.97943462707312
3.15026252187682,1.00415587509801,1.98679864770519,2.97939058250749
3.19526627218935,1.00422009160173,1.9867614709439,2.97934981595089
3.24027002250188,1.00429028298353,1.98672569222644,2.97931348710437
3.2852737728144,1.00436334443461,1.98669224724744,2.97928210721809
3.33027752312693,1.00443596705456,1.98666166990517,2.97925543552564
3.37528127343945,1.0045054420637,1.9866339466893,2.97923251067139
3.42028502375198,1.00457017771192,1.9866085169283,2.97921183004971
3.46528877406451,1.00462980742095,1.98658441904556,2.97919163529629
3.51029252437703,1.00468496277167,1.98656052219179,2.97917022658497
3.55529627468956,1.00473688745424,1.98653576276197,2.9791462301695
3.60030002500208,1.00478705536721,1.98650932552699,2.97911877343215
3.64530377531461,1.00483688145276,1.98648074518656,2.97908755707265
3.69030752562714,1.00488754058892,1.98644993327038,2.97905283809581
3.73531127593966,1.00493986939352,1.98641714877071,2.97901534605885
3.78031502625219,1.00499431869508,1.98638293166337,2.97897615388292
3.82531877656471,1.00505093749488,1.98634801346696,2.9789365205625
3.87032252687724,1.00510938789716,1.98631321386919,2.97889772088655
3.91532627718977,1.005169002901,1.98627933036577,2.9788608780702
3.96033002750229,1.00522889754269,1.98624702968542,2.97882681783598
4.00533377781482,1.00528812788993,1.98621675409778,2.97879596430581
4.05033752812734,1.00534586977912,1.98618865897882,2.97876829580804
4.09534127843987,1.00540157363236,1.9861625961933,2.97874337023137
4.1403450287524,1.00545505413019,1.98613814929662,2.97872041585591
4.18534877906492,1.0055064941614,1.98611471385996,2.9786984691609
4.23035252937745,1.00555637049247,1.98609160495322,2.9786765316639
4.27535627968997,1.00560533008027,1.98606816881303,2.97865371678098
4.3203600300025,1.00565405302249,1.98604387811569,2.97862936421531
4.36536378031503,1.00570313206804,1.98601839752356,2.97860310959419
4.41036753062755,1.00575298622043,1.98599161441255,2.97857490677781
4.45537128094008,1.00580381408106,1.98596363612306,2.97854500707008
4.5003750312526,1.00585558475308,1.98593475887878,2.97851390330317
4.54537878156513,1.00590806055126,1.98590541530321,2.97848224855816
4.59038253187766,1.00596084477762,1.98587610828382,2.97845076033912
4.63538628219018,1.00601344749042,1.98584733951728,2.97842012190304
4.68039003250271,1.0060653612849,1.98581954153916,2.97839089294423
4.72539378281523,1.00611613751207,1.98579302200221,2.97836344122611
4.77039753312776,1.0061654520188,1.98576792782011,2.97833790434491
4.81540128344029,1.00621314980043,1.98574423414519,2.97831418641537
4.86040503375281,1.00625926089277,1.98572175916799,2.97829198871306
4.90540878406534,1.00630398518916,1.98570020123839,2.97827086752509
4.95041253437786,1.00634765018267,1.98567919100395,2.97825030817349
4.99541628469039,1.00639065088153,1.98565834917156,2.97822980243686
5.04042003500292,1.00643338378661,1.98563734052639,2.97820891755779
5.08542378531544,1.00647618645986,1.98561591665905,2.97818734798902
5.13042753562797,1.0065192915584,1.98559394266318,2.9781649448944
5.17543128594049,1.00656280048178,1.98557140603843,2.97814172218303
5.22043503625302,1.00660667808321,1.98554840859818,2.9781178409348
5.26543878656555,1.00665076686378,1.98552514411894,2.97809357631823
5.31044253687807,1.0066948168751,1.98550186579267,2.97806927259494
5.3554462871906,1.00673852611513,1.98547884834342,2.97804529266814
5.40045003750313,1.00678158539138,1.98545634998121,2.97802196888688
5.44545378781565,1.00682372141412,1.98543457915587,2.97799956139066
5.49045753812818,1.00686473233238,1.98541367028239,2.97797822909304
5.5354612884407,1.00690451110597,1.98539367124729,2.97795801649618
5.58046503875323,1.00694305397599,1.98537454371498,2.97793885712858
5.62546878906576,1.00698045362038,1.98535617531753,2.97792059190749
5.67047253937828,1.00701687895726,1.98533840109012,2.97790299861884
5.71547628969081,1.00705254551564,1.98532103033295,2.97788582737229
5.76048004000333,1.00708768145843,1.98530387462682,2.97786883651948
5.80548379031586,1.00712249454921,1.98528677300724,2.97785182406668
5.85048754062839,1.0071571446819,1.98526961115421,2.97783465083127
5.89549129094091,1.00719172529311,1.98525233263965,2.97781725315755
5.94049504125344,1.00722625537652,1.98523494154908,2.97779964462264
5.98549879156596,1.00726068220725,1.98521749697014,2.97778190760636
6.03050254187849,1.00729489347506,1.98520010080064,2.97776417674504
6.07550629219102,1.00732873644225,1.98518288101225,2.97774661707835
6.12051004250354,1.00736204105033,1.9851659728857,2.97772940010509
6.16551379281607,1.00739464362744,1.98514950079687,2.97771268098015
6.21051754312859,1.00742640799899,1.98513356288638,2.97769657971758
6.25552129344112,1.00745724135099,1.98511822041696,2.97768116855575
6.30052504375365,1.00748710306794,1.98510349288006,2.97766646667833
6.34552879406617,1.00751600584443,1.98508935905937,2.97765244240443
6.3905325443787,1.00754400949252,1.98507576342473,2.97763902192808
6.43553629469122,1.00757120886013,1.98506262654197,2.97762610285988
6.48054004500375,1.00759771799227,1.98504985774246,2.97761357031808
6.52554379531628,1.00762365301185,1.98503736814849,2.97760131318438
6.5705475456288,1.00764911615262,1.98502508228828,2.97758923835812
6.61555129594133,1.0076741829913,1.98501294690201,2.97757728133532
6.66055504625385,1.00769889429901,1.98500093605364,2.97756541209621
6.70555879656638,1.00772325318165,1.98498905223317,2.97755363599509
6.75056254687891,1.00774722742172,1.98497732367866,2.9775419900126
6.79556629719143,1.00777075626685,1.98496579860525,2.97753053527864
6.84057004750396,1.00779376040201,1.98495453735631,2.97751934715717
6.88557379781648,1.00781615353917,1.98494360366594,2.97750850437608
6.93057754812901,1.00783785397588,1.98493305623543,2.97749807867988
6.97558129844154,1.00785879460809,1.9849229416886,2.97748812629467
7.02058504875406,1.00787893020309,1.98491328970644,2.97747868215654
7.06558879906659,1.00789824119268,1.98490411079284,2.97746975741683
7.11059254937912,1.00791673376844,1.9848953967386,2.97746134026429
7.15559629969164,1.00793443657339,1.98488712348805,2.97745339966217
7.20060005000417,1.00795139471669,1.98487925581828,2.97744589124721
7.24560380031669,1.00796766213515,1.98487175305334,2.97743876442015
7.29060755062922,1.00798329345637,1.98486457497047,2.97743196959119
7.33561130094175,1.00799833647999,1.98485768711028,2.97742546462435
7.38061505125427,1.00801282620913,1.98485106485655,2.97741921972244
7.4256188015668,1.00802678107341,1.984844695873,2.97741322027163
7.47062255187932,1.00804020163861,1.98483858073633,2.97740746747359
7.51562630219185,1.00805307174826,1.98483273185157,2.97740197689307
7.56063005250438,1.00806536173192,1.98482717094724,2.97739677530096
7.6056338028169,1.00807703308202,1.98482192560132,2.9773918963742
7.65063755312943,1.00808804386377,1.9848170253316,2.9773873759072
7.69564130344195,1.00809835409278,1.98481249779204,2.97738324719237
7.74064505375448,1.00810793038508,1.98480836555524,2.97737953714731
7.78564880406701,1.00811674933843,1.98480464384348,2.97737626361926
7.83065255437953,1.00812479931587,1.98480133941641,2.97737343410703
7.87565630469206,1.00813208053963,1.98479845065488,2.97737104593639
7.92066005500458,1.00813860363296,1.98479596872125,2.97736908773262
7.96566380531711,1.00814438693878,1.98479387954748,2.97736754187996
8.01066755562964,1.00814945307459,1.98479216631715,2.97736638755854
8.05567130594216,1.00815382524126,1.98479081207481,2.97736560391293
8.10067505625469,1.00815752378768,1.98478980211416,2.97736517293229
8.14567880656721,1.00816056345258,1.98478912585841,2.9773650816997
8.19068255687974,1.00816295157798,1.98478877803931,2.97736532378233
8.23568630719227,1.00816468743442,1.98478875908975,2.97736589966669
8.28069005750479,1.00816576264191,1.98478907477402,2.97736681627396
8.32569380781732,1.00816616253033,1.984789735175,2.97736808570468
8.37069755812984,1.00816586817684,1.9847907532283,2.9773697234461
8.41570130844237,1.00816485879476,1.98479214303382,2.97737174632165
8.4607050587549,1.00816311413345,1.98479391818164,2.9773741704692
8.50570880906742,1.00816061657816,1.98479609030602,2.97737700960388
8.55071255937995,1.0081573527067,1.98479866803163,2.97738027376159
8.59571630969247,1.0081533195139,1.98480165110628,2.97738396144724
8.640720060005,1.00814913584213,1.9848045662655,2.9773874802385
8.68572381031753,1.0081461006476,1.98480656937524,2.97738984188627
8.73072756063005,1.00814449619009,1.98480751716534,2.97739090033426
8.77573131094258,1.0081445026794,1.98480733770763,2.97739059574779
8.8207350612551,1.00814622258461,1.98480602368005,2.97738895151027
8.86573881156763,1.0081495221031,1.98480372803934,2.97738618226817
8.91074256188016,1.00815395674181,1.98480080475658,2.97738273751991
8.95574631219268,1.00815879495807,1.98479778593473,2.97737927078933
9.00075006250521,1.00816312973114,1.9847953025554,2.97737654321499
9.04575381281773,1.00816604731867,1.98479396973031,2.97737528646499
9.09075756313026,1.0081668102438,1.98479426533872,2.9773760593093
9.13576131344279,1.00816500965995,1.98479643190931,2.97737913320281
9.18076506375531,1.00816065105074,1.98480042524938,2.97738443445884
9.22576881406784,1.00815415481846,1.98480592106467,2.97739155578729
9.27077256438037,1.00814627491651,1.98481237609062,2.97739983234933
9.31577631469289,1.0081379578644,1.98481912754651,2.97740846245444
9.36078006500542,1.00813017579128,1.98482550765489,2.97741664489901
9.40578381531794,1.00812376842521,1.98483094977319,2.97742370506838
9.45078756563047,1.00811932180976,1.98483506800228,2.97742918853429
9.49579131594299,1.00811709993353,1.98483770016226,2.97743291054911
9.54079506625552,1.0081170334515,1.98483891204652,2.97743495934597
9.58579881656805,1.00811875988001,1.98483896724571,2.9774356586221
9.63080256688057,1.00812170297195,1.98483827110061,2.97743549952931
9.6758063171931,1.0081251752525,1.98483729969812,2.97743505521035
9.72081006750563,1.00812848646106,1.98483652558922,2.97743489179458
9.76581381781815,1.00813104160129,1.98483635124526,2.97743548897399
9.81081756813068,1.00813241528836,1.98483705923449,2.9774371808554
9.8558213184432,1.00813239380592,1.9848387848587,2.97744012390029
9.90082506875573,1.00813098207572,1.98484151299075,2.97744429395517
9.94582881906826,1.00812837856535,1.98484509682882,2.97744950952928
9.99083256938078,1.00812492588186,1.9848492930392,2.97745547458068
10.0358363196933,1.00812104756856,1.98485380590301,2.97746183186405
10.0808400700058,1.00811718213889,1.98485833281314,2.97746821761575
10.1258438203184,1.0081137239419,1.98486260455938,2.97747430971531
10.1708475706309,1.00811097775532,1.98486641578004,2.97747986383792
10.2158513209434,1.00810913085136,1.98486964317197,2.97748473479549
10.2608550712559,1.00810824333748,1.98487225108046,2.97748888270347
10.3058588215685,1.00810825522617,1.98487428567947,2.97749236550328
10.350862571881,1.00810900705963,1.98487586003209,2.97749532064436
10.3958663221935,1.00811026995884,1.98487713293754,2.97749793944693
10.440870072506,1.00811178056611,1.98487828471067,2.97750043793531
10.4858738228186,1.008113276399,1.98487949297624,2.97750302784018
10.5308775731311,1.00811452756126,1.98488091123888,2.97750589106918
10.5758813234436,1.00811536151482,1.98488265244093,2.97750916027346
10.6208850737561,1.0081156786533,1.98488477898138,2.97751290723807
10.6658888240687,1.00811545764349,1.98488729980528,2.97751713977696
10.7108925743812,1.00811475078653,1.98489017428084,2.97752180673728
10.7558963246937,1.0081136708356,1.98489332177474,2.97752680975384
10.8009000750063,1.00811237163659,1.98489663522422,2.97753201967297
10.8459038253188,1.00811102551679,1.98489999666172,2.97753729517497
10.8909075756313,1.008109800482,1.98490329260199,2.97754250109333
10.9359113259438,1.00810884001734,1.98490642742718,2.97754752422226
10.9809150762564,1.00810824770034,1.98490933333964,2.97755228494098
11.0259188265689,1.00810807804304,1.98491197600981,2.97755674366015
11.0709225768814,1.0081083341048,1.98491435564467,2.97756090181087
11.1159263271939,1.00810897157016,1.98491650376585,2.97756479776416
11.1609300775065,1.00810990825411,1.98491847646187,2.97756849862416
11.205933827819,1.00811103744366,1.98492034522648,2.97757208923876
11.2509375781315,1.00811224315276,1.98492218669139,2.97757565999053
11.295941328444,1.00811341527744,1.9849240725952,2.97757929495617
11.3409450787566,1.00811446279085,1.98492606120422,2.97758306186182
11.3859488290691,1.00811532348859,1.98492819113488,2.9775870049355
11.4309525793816,1.00811596933143,1.98493047815721,2.97759114131379
11.4759563296941,1.00811640706161,1.9849329151361,2.97759546115773
11.5209600800067,1.00811667440044,1.98493547485228,2.97759993114393
11.5659638303192,1.00811683268109,1.98493811509387,2.97760450058911
11.6109675806317,1.00811695716016,1.98494078516966,2.97760910919172
11.6559713309442,1.00811712644089,1.98494343288925,2.97761369526067
11.7009750812568,1.00811741242293,1.98494601108713,2.97761820334835
11.7459788315693,1.00811787199214,1.98494848291614,2.97762259038904
11.7909825818818,1.00811854132708,1.98495082536809,2.97762682972307
11.8359863321944,1.00811943328707,1.98495303075464,2.97763091271321
11.8809900825069,1.00812053792052,1.98495510615969,2.97763484798627
11.9259938328194,1.00812182574552,1.98495707112206,2.97763865862024
11.9709975831319,1.00812325314872,1.98495895399756,2.97764237781619
12.0160013334445,1.00812476904995,1.98496078756853,2.97764604372677
12.061005083757,1.00812632190166,1.98496260450805,2.97764969415377
12.1060088340695,1.00812786613223,1.9849644332694,2.97765336177777
12.151012584382,1.00812936728752,1.98496629486868,2.97765707045881
12.1960163346946,1.0081308053485,1.98496820087726,2.97766083296647
12.2410200850071,1.00813217597423,1.98497015276299,2.97766465028899
12.2860238353196,1.00813348969821,1.98497214253929,2.97766851246166
12.3310275856321,1.00813476935902,1.98497415452222,2.97767240067072
12.3760313359447,1.00813604624103,1.98497616787599,2.97767629025345
12.4210350862572,1.00813735551815,1.98497815955948,2.97768015413962
12.4660388365697,1.00813873162573,1.98498010727335,2.97768396626872
12.5110425868822,1.00814020413609,1.98498199204575,2.97768770456564
12.5560463371948,1.00814179459757,1.98498380017397,2.97769135315298
12.6010500875073,1.00814351463592,1.9849855243455,2.97769490360232
12.6460538378198,1.008145365435,1.98498716387863,2.97769835516367
12.6910575881323,1.00814733853606,1.98498872413508,2.97770171404118
12.7360613384449,1.00814941774038,1.98499021525227,2.97770499189227
12.7810650887574,1.00815158178662,1.98499165041107,2.97770820380403
12.8260688390699,1.00815380740947,1.98499304389133,2.97771136604031
12.8710725893824,1.00815607237453,1.98499440917016,2.97771449385359
12.916076339695,1.00815835812235,1.98499575729013,2.97771759962144
12.9610800900075,1.00816065173331,1.98499709567167,2.97772069150442
13.00608384032,1.00816294703251,1.98499842747461,2.97772377274157
13.0510875906326,1.00816524477418,1.98499975153754,2.9777268416114
13.0960913409451,1.00816755196257,1.98500106285087,2.97772989200263
13.1410950912576,1.00816988046744,1.98500235345784,2.97773291446984
13.1860988415701,1.00817224516413,1.98500361363565,2.97773589760101
13.2311025918827,1.00817466186664,1.98500483318731,2.97773882950231
13.2761063421952,1.00817714532341,1.98500600267749,2.97774169920882
13.3211100925077,1.00817970751386,1.98500711446728,2.9777444978569
13.3661138428202,1.00818235642624,1.98500816344062,2.97774721949805
13.4111175931328,1.00818509542281,1.9850091473623,2.97774986148854
13.4561213434453,1.00818792321767,1.98501006685738,2.97775242444658
13.5011250937578,1.00819083441683,1.9850109250486,2.97775491182146
13.5461288440703,1.0081938205059,1.98501172692608,2.97775732916204
13.5911325943829,1.00819687112753,1.98501247854927,2.97775968319985
13.6361363446954,1.00819997546868,1.98501318619257,2.9777619808742
13.6811400950079,1.00820312358064,1.9850138555426,2.97776422842229
13.7261438453204,1.00820630747739,1.98501449103971,2.9777664306381
13.771147595633,1.00820952189851,1.9850150954306,2.97776859037468
13.8161513459455,1.00821276467263,1.98501566956744,2.97777070832806
13.861155096258,1.00821603667161,1.98501621245613,2.97777278310367
13.9061588465705,1.00821934139607,1.98501672152587,2.97777481153205
13.9511625968831,1.00822268427397,1.9850171930679,2.97777678917317
13.9961663471956,1.00822607178184,1.98501762277533,2.97777871093167
14.0411700975081,1.00822951051026,1.98501800631002,2.97778057169864
14.0861738478207,1.00823300629125,1.98501833982565,2.97778236694026
14.1311775981332,1.0082365634878,1.98501862038766,2.97778409316697
14.1761813484457,1.0082401845172,1.98501884624871,2.97778574823744
14.2211850987582,1.00824386964566,1.98501901695915,2.97778733147549
14.2661888490708,1.00824761705562,1.98501913331372,2.97778884360265
14.3111925993833,1.00825142315422,1.98501919715543,2.97779028651082
14.3561963496958,1.0082552830651,1.98501921107262,2.97779166291666
14.4012001000083,1.00825919122854,1.98501917803507,2.97779297594965
14.4462038503209,1.00826314202849,1.98501910101824,2.97779422872922
14.4912076006334,1.00826713036845,1.9850189826618,2.97779542398269
14.5362113509459,1.00827115213119,1.9850188250006,2.9777965637463
14.5812151012584,1.00827520447685,1.98501862929403,2.97779764917784
14.626218851571,1.00827928595699,1.98501839596576,2.97779868049356
14.6712226018835,1.00828339644664,1.98501812465145,2.97779965702595
14.716226352196,1.00828753691797,1.98501781433925,2.97780057738461
14.7612301025085,1.00829170909622,1.98501746357807,2.97780143969191
14.8062338528211,1.00829591504955,1.98501707072268,2.97780224185829
14.8512376031336,1.00830015676766,1.98501663418286,2.97780298186076
14.8962413534461,1.00830443578113,1.98501615264632,2.97780365799066
14.9412451037586,1.00830875286365,1.98501562525084,2.9778042690437
14.9862488540712,1.00831310784616,1.9850150516893,2.97780481443447
15.0312526043837,1.00831749955565,1.98501443224082,2.97780529422827
15.0762563546962,1.00832192587563,1.98501376773062,2.97780570909366
15.1212601050088,1.00832638391048,1.98501305942954,2.97780606018825
15.1662638553213,1.00833087022549,1.98501230891052,2.97780634899734
15.2112676056338,1.00833538112708,1.98501151788281,2.97780657714866
15.2562713559463,1.00833991294641,1.98501068802582,2.9778067462276
15.3012751062589,1.00834446229193,1.98500982084239,2.97780685761478
15.3462788565714,1.00834902624322,1.98500891754753,2.97780691236362
15.3912826068839,1.00835360246785,1.9850079790026,2.97780691112889
15.4362863571964,1.00835818925385,1.98500700569916,2.97780685415028
15.481290107509,1.00836278546098,1.98500599778984,2.9778067412882
15.5262938578215,1.00836739040377,1.98500495515851,2.97780657210277
15.571297608134,1.00837200368607,1.98500387751785,2.97780634596272
15.6163013584465,1.00837662501153,1.98500276452022,2.97780606216851
15.6613051087591,1.00838125399461,1.98500161586715,2.97780572007348
15.7063088590716,1.00838588999522,1.98500043140455,2.97780531918862
15.7513126093841,1.00839053199488,1.98499921119319,2.9778048592598
15.7963163596966,1.00839517852592,1.98499795554815,2.97780434031039
15.8413201100092,1.00839982765803,1.984996665045,2.97780376264713
15.8863238603217,1.00840447703894,1.98499534049477,2.97780312683162
15.9313276106342,1.00840912398001,1.98499398289331,2.97780243362368
15.9763313609467,1.00841376557285,1.98499259335319,2.97780168390576
16.0213351112593,1.00841839882051,1.9849911730277,2.97780087859894
16.0663388615718,1.0084230207663,1.98498972303667,2.9778000185812
16.1113426118843,1.00842762860535,1.98498824440271,2.97779910461743
16.1563463621968,1.00843221976699,1.98498673800449,2.97779813730849
16.2013501125094,1.00843679196072,1.98498520455124,2.97779711706356
16.2463538628219,1.00844134318367,1.98498364457938,2.9777960440971
16.2913576131344,1.00844587169195,1.98498205846983,2.97779491844834
16.336361363447,1.00845037594265,1.98498044648196,2.97779374001904
16.3813651137595,1.0084548545163,1.98497880879859,2.97779250862331
16.426368864072,1.00845930603083,1.9849771455755,2.97779122404211
16.4713726143845,1.00846372905844,1.9849754569891,2.97778988607565
16.5163763646971,1.00846812205538,1.98497374327647,2.97778849458725
16.5613801150096,1.00847248331222,1.98497200476345,2.97778704953403
16.6063838653221,1.00847681092909,1.98497024187845,2.97778555098181
16.6513876156346,1.00848110281713,1.98496845515123,2.97778399910352
16.6963913659472,1.00848535672385,1.98496664519803,2.9777823941627
16.7413951162597,1.00848957027774,1.98496481269582,2.97778073648507
16.7863988665722,1.00849374104537,1.98496295834958,2.97777902642258
16.8314026168847,1.00849786659333,1.9849610828569,2.97777726431455
16.8764063671973,1.00850194454734,1.98495918687434,2.97777545045087
16.9214101175098,1.00850597264214,1.98495727098914,2.9777735850411
16.9664138678223,1.00850994875702,1.9849553356992,2.97777166819263
17.0114176181348,1.00851387093441,1.98495338140277,2.97776969989957
17.0564213684474,1.00851773738085,1.98495140839808,2.97776768004251
17.1014251187599,1.00852154645213,1.98494941689206,2.97776560839815
17.1464288690724,1.00852529662602,1.98494740701604,2.97776348465661
17.1914326193849,1.00852865757389,1.98494558522942,2.97776154622601
17.2364363696975,1.00852650179752,1.98494690770065,2.97776305296053
17.28144012001,1.00851549865571,1.98495322393576,2.97777000124929
17.3264438703225,1.00849698656448,1.98496377914429,2.97778156870294
17.3714476206351,1.00847338621415,1.98497720954339,2.97779627046007
17.4164513709476,1.0084475164626,1.98499192510957,2.97781237438584
17.4614551212601,1.0084220629676,1.98500640778875,2.97782822506558
17.5064588715726,1.00839916836159,1.98501944318257,2.97784249644238
17.5514626218852,1.00838020054815,1.98503025308784,2.97785433717885
17.5964663721977,1.00836569101994,1.98503853242397,2.97786341204359
17.6414701225102,1.0083554071193,1.98504441005557,2.97786986011675
17.6864738728227,1.0083485137055,1.98504835825538,2.97787419655678
17.7314776231353,1.00834378265417,1.98505107430359,2.97787718353112
17.7764813734478,1.00833981533951,1.98505335415058,2.97787969214745
17.8214851237603,1.0083352499441,1.98505597432931,2.97788257317279
17.8664888740728,1.00832893165103,1.98505959473305,2.97788655041342
17.9114926243854,1.0083200304807,1.9850646910097,2.97789214638581
17.9564963746979,1.00830809943505,1.98507152081948,2.9778996449823
18.0015001250104,1.0082930742762,1.98508012329927,2.97790909048427
18.0465038753229,1.00827522426814,1.98509034655173,2.97792031733325
18.0915076256355,1.00825506887882,1.98510189474676,2.97793300152276
18.136511375948,1.00823327770554,1.98511438508481,2.97794672297445
18.1815151262605,1.00821056974087,1.98512740544619,2.97796102884476
18.226518876573,1.00818762448974,1.98514056552809,2.97797548983005
18.2715226268856,1.00816501278541,1.98515353687531,2.97798974436526
18.3165263771981,1.00814315071681,1.98516607972481,2.97800352836002
18.3615301275106,1.00812227666205,1.98517805655247,2.97801669028727
18.4065338778232,1.00810244924763,1.98518943349305,2.97802919286968
18.4515376281357,1.00808356292206,1.9852002714985,2.97804110339767
18.4965413784482,1.00806537735747,1.98521070941454,2.9780525750825
18.5415451287607,1.00804755669836,1.98522094129805,2.97806382202033
18.5865488790733,1.0080297145262,1.98523119039872,2.97807509046275
18.6315526293858,1.00801146024535,1.98524168232234,2.97808662919109
18.6765563796983,1.00799244251763,1.98525261992599,2.97809866182141
18.7215601300108,1.00797238555891,1.98526416237067,2.97811136371934
18.7665638803234,1.00795111473073,1.98527641038336,2.97812484578233
18.8115676306359,1.00792856898842,1.9852893991191,2.97813914661142
18.8565713809484,1.00790479930955,1.98530309911049,2.97815423359755
18.9015751312609,1.0078799540035,1.98531742477259,2.97817001232614
18.9465788815735,1.00785425348022,1.98533224897234,2.97818634265228
18.991582631886,1.00782795832387,1.98534742144886,2.9782030590075
19.0365863821985,1.00780133515417,1.98536278850749,2.97821999210205
19.081590132511,1.00777462469486,1.985378211446,2.97823698922663
19.1265938828236,1.00774801578529,1.98539358156091,2.97825393078575
19.1715976331361,1.00772162795481,1.98540883022045,2.97827074139546
19.2166013834486,1.00769550385905,1.98542393324803,2.97828739471155
19.2616051337611,1.00766961156011,1.98543890961903,2.97830391198924
19.3066088840737,1.00764385547746,1.98545381514185,2.9783203551118
19.3516126343862,1.00761809394053,1.98546873231411,2.9783368153999
19.3966163846987,1.00759216069241,1.98548375788424,2.97835339988824
19.4416201350113,1.0075658874499,1.98549898979203,2.97837021691529
19.4866238853238,1.00753912472052,1.9855145151082,2.97838736281297
19.5316276356363,1.00751175849143,1.98553040035505,2.97840491122122
19.5766313859488,1.00748372108463,1.98554668519759,2.97842290611976
19.6216351362614,1.0074549953314,1.98556338000017,2.97844135912436
19.6666388865739,1.00742561213594,1.98558046721341,2.97846025101091
19.7116426368864,1.00739564234431,1.98559790606747,2.97847953689164
19.7566463871989,1.00736518448873,1.98561563966832,2.9784991540489
19.8016501375115,1.00733435035751,1.98563360337085,2.97851903118557
19.846653887824,1.00730325041672,1.9856517332556,2.97853909779693
19.8916576381365,1.00727198090499,1.98566997365004,2.97855929249377
19.936661388449,1.00724061400382,1.98568828287514,2.97857956936905
19.9816651387616,1.00720919194101,1.98570663671114,2.9785999018456
20.0266688890741,1.00717772530579,1.98572502941248,2.97862028381291
20.0716726393866,1.00714619531755,1.98574347241442,2.97864072820729
20.1166763896991,1.00711455935299,1.98576199112991,2.97866126347364
20.1616801400117,1.00708275873282,1.98578062041562,2.97868192854774
20.2066838903242,1.00705072761342,1.98579939937885,2.97870276710242
20.2516876406367,1.00701840181952,1.98581836620597,2.97872382181165
20.2966913909492,1.00698572657766,1.98583755362234,2.97874512930987
20.3416951412618,1.00695266234108,1.98585698546096,2.97876671637704
20.3866988915743,1.00691918820179,1.98587667463945,2.97878859768377
20.4317026418868,1.00688530272283,1.985896622648,2.97881077521287
20.4767063921994,1.00685102235212,1.98591682045887,2.97883323926002
20.5217101425119,1.00681637785656,1.98593725060424,2.9788559707347
20.5667138928244,1.00678140941222,1.98595789005244,2.97887894435211
20.6117176431369,1.0067461610842,1.98597871345354,2.97890213224016
20.6567213934495,1.00671067542554,1.98599969632519,2.97892550748486
20.701725143762,1.00667498883146,1.98602081780305,2.9789490471958
20.7467288940745,1.00663912812316,1.9860420626732,2.97897273477592
20.791732644387,1.00660310863557,1.98606342252111,2.97899656120977
20.8367363946996,1.00656693387346,1.98608489595482,2.97902052532125
20.8817401450121,1.00653059660735,1.98610648797445,2.97904463307902
20.9267438953246,1.00649408112495,1.98612820865272,2.97906889613179
20.9717476456371,1.00645736624899,1.98615007135471,2.9790933298265
21.0167513959497,1.0064204286837,1.98617209075506,2.97911795099712
21.0617551462622,1.00638324625994,1.98619428090773,2.97914277580844
21.1067588965747,1.00634580070589,1.98621665359111,2.97916781790429
21.1517626468872,1.00630807966478,1.98623921709592,2.97919308704801
21.1967663971998,1.00627007779957,1.98626197555388,2.97921858836583
21.2417701475123,1.00623179695004,1.98628492883041,2.97924432222073
21.2867738978248,1.00619324542493,1.98630807293514,2.97927028466625
21.3317776481373,1.00615443660703,1.98633140084624,2.97929646836514
21.3767813984499,1.0061153871133,1.98635490360599,2.97932286381419
21.4217851487624,1.00607611477919,1.98637857152723,2.97934946069596
21.4667888990749,1.00603663672856,1.98640239535442,2.97937624918251
21.5117926493874,1.005996967751,1.98642636724529,2.9794032210404
21.5567963997,1.00595711914672,1.98645048147556,2.97943037042668
21.6018001500125,1.00591709812484,1.98647473481298,2.97945769431481
21.646803900325,1.00587690776496,1.98649912655245,2.97948519253999
21.6918076506376,1.00583654748362,1.98652365824545,2.9795128675002
21.7368114009501,1.00579601389358,1.98654833318951,2.979540723586
21.7818151512626,1.0057553019099,1.98657315576456,2.97956876643626
21.8268189015751,1.00571440594427,1.98659813071172,2.97959700212691
21.8718226518877,1.0056733210365,1.98662326244596,2.97962543639587
21.9168264022002,1.0056320437968,1.98664855448002,2.97965407399157
21.9618301525127,1.0055905730696,1.98667400901491,2.97968291820827
22.0068339028252,1.00554891027323,1.98669962672637,2.97971197064178
22.0518376531378,1.00550705941382,1.98672540674983,2.97974123116939
22.0968414034503,1.00546502681117,1.98675134684227,2.97977069813036
22.1418451537628,1.00542282060477,1.98677744368078,2.97980036866212
22.1868489040753,1.00538045012646,1.98680369324559,2.97983023913344
22.2318526543879,1.00533792523219,1.98683009123137,2.97986030561125
22.2768564047004,1.00529525567944,1.98685663343352,2.97989056430059
22.3218601550129,1.00525245062056,1.98688331606573,2.97992101190795
22.3668639053254,1.00520951826031,1.98691013597823,2.97995164589264
22.411867655638,1.00516646569973,1.98693709076184,2.97998246458904
22.4568714059505,1.00512329896377,1.98696417873831,2.98001346719943
22.501875156263,1.00508002318818,1.98699139885113,2.98004465367312
22.5468789065755,1.00503664292518,1.98701875048084,2.9800760244988
22.5918826568881,1.00499316251856,1.98704623321521,2.98010758044439
22.6368864072006,1.00494958649657,1.98707384660592,2.98013932228038
22.6818901575131,1.00490591993595,1.98710158994122,2.98017125052037
22.7268939078257,1.0048621687598,1.98712946205817,2.98020336520596
22.7718976581382,1.00481833994503,1.98715746121028,2.98023566575433
22.8169014084507,1.00477444162958,1.98718558499758,2.9802681508771
22.8619051587632,1.00473048312283,1.98721383035754,2.98030081856887
22.9069089090758,1.00468647483445,1.98724219360811,2.98033366615588
22.9519126593883,1.00464242814474,1.98727067052876,2.98036669038876
22.9969164097008,1.00459835524371,1.98729925646251,2.98039988756008
23.0419201600133,1.00455426896629,1.98732794642167,2.98043325362668
23.0869239103259,1.00451018264811,1.98735673518154,2.98046678431882
23.1319276606384,1.00446611002011,1.9873856173501,2.98050047522179
23.1769314109509,1.00442206515315,1.98741458740585,2.98053432182101
23.2219351612634,1.00437806245616,1.9874436397011,2.98056831950707
23.266938911576,1.00433411672418,1.98747276843238,2.98060246354222
23.3119426618885,1.00429024322703,1.98750196758342,2.98063674899456
23.356946412201,1.00424645782594,1.98753123084844,2.98067117064858
23.4019501625135,1.00420277710359,1.98756055154497,2.98070572290262
23.4469539128261,1.0041592184938,1.987589922525,2.98074039966341
23.4919576631386,1.00411580039909,1.9876193360921,2.98077519424669
23.5369614134511,1.00407254228764,1.98764878393027,2.98081009929044
23.5819651637636,1.00402946476501,1.98767825704765,2.98084510668476
23.6269689140762,1.00398658961974,1.98770774573587,2.98088020751906
23.6719726643887,1.00394393984508,1.98773723954362,2.98091539204531
23.7169764147012,1.00390153964152,1.98776672726152,2.98095064965348
23.7619801650137,1.00385941440596,1.98779619691409,2.98098596885477
23.8069839153263,1.0038175907135,1.98782563575491,2.98102133726728
23.8519876656388,1.00377609629709,1.98785503026089,2.98105674159978
23.8969914159513,1.00373496002852,1.98788436612299,2.98109216762972
23.9419951662639,1.00369421190273,1.98791362823164,2.98112760017349
23.9869989165764,1.00365388302478,1.98794280065662,2.98116302304819
24.0320026668889,1.00361400559769,1.98797186662225,2.98119841902583
24.0770064172014,1.00357461290722,1.98800080848005,2.98123376978214
24.122010167514,1.00353573929942,1.98802960768128,2.98126905584272
24.1670139178265,1.00349742014597,1.98805824475264,2.98130425653022
24.212017668139,1.00345969179267,1.98808669927779,2.9813393499157
24.2570214184515,1.00342259148723,1.98811494988752,2.9813743127773
24.3020251687641,1.00338615728295,1.98814297426065,2.98140912056881
24.3470289190766,1.00335042791617,1.98817074913714,2.98144374739978
24.3920326693891,1.00331544265602,1.98819825034447,2.98147816602845
24.4370364197016,1.00328124112578,1.98822545283775,2.98151234786803
24.4820401700142,1.0032478630958,1.98825233075372,2.98154626300659
24.5270439203267,1.00321534824809,1.98827885747866,2.98157988024074
24.5720476706392,1.00318373591294,1.98830500573022,2.98161316712294
24.6170514209517,1.00315306477784,1.98833074765333,2.98164609002304
24.6620551712643,1.00312337256946,1.98835605493025,2.9816786142044
24.7070589215768,1.00309469570908,1.9883808989053,2.98171070391544
24.7520626718893,1.00306706894268,1.98840525072443,2.98174232249756
24.7970664222019,1.00304052494734,1.98842908148999,2.98177343251039
24.8420701725144,1.00301509391662,1.98845236243053,2.98180399587516
24.8870739228269,1.00299080312856,1.98847506508516,2.98183397403643
24.9320776731394,1.00296767650149,1.98849716150113,2.98186332814206
24.977081423452,1.00294573414432,1.98851862444271,2.98189201924014
25.0220851737645,1.00292499190948,1.98853942760846,2.98192000849095
25.067088924077,1.00290546095816,1.98855954585303,2.98194725739079
25.1120926743895,1.00288714734913,1.98857895540885,2.98197372800364
25.1570964247021,1.00287005166313,1.98859763410205,2.98199938319539
25.2021001750146,1.00285416867614,1.98861556155651,2.98202418686476
25.2471039253271,1.00283948709507,1.9886327193791,2.98204810416407
25.2921076756396,1.00282598936951,1.98864909131913,2.98207110170259
25.3371114259522,1.00281365159303,1.98866466339448,2.98209314772476
25.3821151762647,1.00280244350669,1.98867942397746,2.98211421225546
25.4271189265772,1.00279232861612,1.98869336383326,2.98213426720467
25.4721226768897,1.00278326443215,1.98870647610462,2.9821532864239
25.5171264272023,1.00277520284283,1.98871875623705,2.98217124570778
25.5621301775148,1.00276809062228,1.98873020183984,2.9821881227344
25.6071339278273,1.00276187007934,1.98874081247906,2.98220389693926
25.6521376781398,1.00275647984598,1.98875058940028,2.98221854931889
25.6971414284524,1.00275185580261,1.98875953517986,2.9822320621611
25.7421451787649,1.00274793218289,1.98876765355147,2.98224441913338
25.7871489290774,1.00274465372187,1.98877500146509,2.98225569739414
25.8321526793899,1.00274194023322,1.98878156343424,2.98226584316103
25.8771564297025,1.00273971532341,1.98878736543763,2.98227487398252
25.922160180015,1.00273790937514,1.98879246301848,2.98228285966774
25.9671639303275,1.00273645622152,1.98879692921658,2.98228990075794
26.0121676806401,1.00273529363815,1.98880085164939,2.98229612376737
26.0571714309526,1.00273436453941,1.98880432741211,2.98230167298401
26.1021751812651,1.00273361833886,1.98880745659772,2.98230669999667
26.1471789315776,1.00273301209252,1.98881033528972,2.98231135225673
26.1921826818902,1.00273251120806,1.98881304894101,2.9823157621421
26.2371864322027,1.00273208961239,1.98881566702382,2.98232003798077
26.2821901825152,1.00273172932991,1.98881823963673,2.9823242581761
26.3271939328277,1.00273141947711,1.98882079641151,2.98232846901431
26.3721976831403,1.00273115475894,1.98882334767235,2.98233268610376
26.4172014334528,1.00273093365098,1.98882588747067,2.98233689887321
26.4622051837653,1.00273075652995,1.98882839791647,2.98234107724156
26.5072089340778,1.00273062403508,1.98883085416142,2.98234517946776
26.5522126843904,1.00273053588677,1.98883322942832,2.98234916023672
26.5972164347029,1.00273049027442,1.98883549957796,2.98235297816022
26.6422201850154,1.00273048378808,1.98883764682001,2.98235660201993
26.6872239353279,1.00273051175547,1.98883966229124,2.98236001523746
26.7322276856405,1.00273056878791,1.98884154734139,2.982363218234
26.777231435953,1.00273064934633,1.98884331348892,2.98236622855086
26.8222351862655,1.00273074819712,1.98884498113753,2.98236907883911
26.867238936578,1.00273086070467,1.98884657727003,2.98237181306623
26.9122426868906,1.00273098297228,1.9888481324452,2.98237448149313
26.9572464372031,1.00273111187623,1.9888496774954,2.98237713510922
27.0022501875156,1.00273124503722,1.98885124034622,2.98237982025185
27.0472539378282,1.00273138075461,1.98885284334612,2.9823825740742
27.0922576881407,1.00273151790856,1.98885450141006,2.9823854213767
27.1372614384532,1.00273165582764,1.9888562211593,2.98238837310875
27.1822651887657,1.00273179412591,1.98885800110066,2.98239142661537
27.2272689390783,1.00273193252767,1.98885983275367,2.9823945674801
27.2722726893908,1.00273207070988,1.98886170252134,2.98239777263
27.3172764397033,1.00273220819261,1.98886359402306,2.98240101423739
27.3622801900158,1.00273234429676,1.98886549057165,2.9824042638883
27.4072839403284,1.00273247816892,1.98886737748232,2.98240749649015
27.4522876906409,1.00273260885418,1.98886924394373,2.98241069345653
27.4972914409534,1.00273273538618,1.98887108425399,2.98241384482541
27.5422951912659,1.00273285686334,1.98887289831533,2.98241695012079
27.5872989415785,1.00273297249039,1.98887469137968,2.98242001793723
27.632302691891,1.00273308157944,1.98887647313,2.98242306438902
27.6773064422035,1.00273318351998,1.98887825625945,2.98242611070022
27.722310192516,1.00273327773528,1.9888800547618,2.98242918030285
27.7673139428286,1.00273336364342,1.98888188216928,2.98243229584761
27.8123176931411,1.00273344063491,1.98888374996477,2.98243547651486
27.8573214434536,1.00273350806991,1.98888566635824,2.98243873594756
27.9023251937661,1.00273356529017,1.98888763555819,2.98244208102499
27.9473289440787,1.00273361163719,1.9888896575963,2.98244551157311
27.9923326943912,1.00273364646832,1.9888917286887,2.98244902098006
28.0373364447037,1.00273366916621,1.98889384204885,2.98245259757224
28.0823401950163,1.00273367914093,1.98889598901546,2.98245622651977
28.1273439453288,1.00273367582699,1.98889816032817,2.98245989198963
28.1723476956413,1.00273365867801,1.98890034737765,2.98246357925486
28.2173514459538,1.00273362716096,1.98890254327337,2.98246727649563
28.2623551962664,1.00273358075027,1.98890474360822,2.9824709760884
28.3073589465789,1.00273351892117,1.98890694684714,2.98247467525984
28.3523626968914,1.00273344114186,1.98890915432058,2.98247837607304
28.3973664472039,1.00273334686519,1.9889113698545,2.98248208479979
28.4423701975165,1.00273323552231,1.98891359911177,2.98248581080626
28.487373947829,1.00273310652118,1.98891584874956,2.98248956512956
28.5323776981415,1.00273295925261,1.98891812551219,2.98249335894792
28.577381448454,1.00273279310438,1.98892043537779,2.98249720214467
28.6223851987666,1.00273260748177,1.98892278286192,2.98250110213934
28.6673889490791,1.00273240183011,1.98892517055434,2.98250506311328
28.7123926993916,1.00273217565422,1.98892759893077,2.98250908569844
28.7573964497041,1.00273192852942,1.98893006644401,2.98251316713519
28.8024002000167,1.00273166010092,1.98893256986358,2.98251730184559
28.8474039503292,1.00273137007065,1.98893510480329,2.98252148231976
28.8924077006417,1.00273105817359,1.98893766635683,2.982525700181
28.9374114509542,1.00273072414752,1.98894024975292,2.98252994728162
28.9824152012668,1.00273036770127,1.98894285094545,2.98253421668859
29.0274189515793,1.00272998848692,1.9889454670685,2.98253850344216
29.0724227018918,1.00272958608015,1.98894809670808,2.98254280500803
29.1174264522043,1.00272915997182,1.98895073996969,2.98254712138841
29.1624302025169,1.00272870957237,1.98895339834788,2.9825514549033
29.2074339528294,1.00272823422851,1.98895607442865,2.9825558096937
29.2524377031419,1.00272773325075,1.98895877147432,2.98256019103003
29.2974414534545,1.00272720594822,1.98896149295137,2.98256460452698
29.342445203767,1.0027266516668,1.98896424206486,2.98256905537038
29.3874489540795,1.00272606982527,1.98896702135738,2.98257354765253
29.432452704392,1.00272545994458,1.98896983241873,2.98257808389211
29.4774564547046,1.00272482166557,1.98897267573533,2.982582664786
29.5224602050171,1.00272415475207,1.98897555068904,2.98258728920836
29.5674639553296,1.00272345907826,1.98897845569546,2.98259195443986
29.6124677056421,1.00272273460136,1.988981388455,2.98259665658227
29.6574714559547,1.0027219813233,1.98898434627717,2.98260139109274
29.7024752062672,1.00272119924644,1.98898732643194,2.98260615336186
29.7474789565797,1.0027203883297,1.98899032648148,2.98261093925863
29.7924827068922,1.0027195484513,1.98899334455113,2.98261574557525
29.8374864572048,1.00271867938359,1.98899637950926,2.98262057032197
29.8824902075173,1.00271778078337,1.98899943103894,2.98262541284488
29.9274939578298,1.00271685219933,1.98900249959983,2.982630273764
29.9724977081423,1.00271589309557,1.98900558629244,2.98263515475223
30.0175014584549,1.00271490288803,1.98900869264875,2.98264005819434
30.0625052087674,1.00271388098927,1.98901182038071,2.98264498677783
30.1075089590799,1.00271282685547,1.98901497112149,2.98264994307211
30.1525127093925,1.00271174002977,1.98901814619261,2.98265492915036
30.197516459705,1.00271062017608,1.98902134642486,2.98265994629882
30.2425202100175,1.00270946709929,1.98902457205207,2.98266499484436
30.28752396033,1.00270828074891,1.98902782268627,2.98267007411391
30.3325277106426,1.0027070612061,1.98903109737216,2.98267518252187
30.3775314609551,1.00270580865571,1.9890343947084,2.98268031776537
30.4225352112676,1.00270452334729,1.98903771301605,2.98268547709514
30.4675389615801,1.00270320555033,1.98904105052922,2.98269065762207
30.5125427118927,1.00270185550994,1.98904440558216,2.98269585661771
30.5575464622052,1.0027004734089,1.98904777676883,2.98270107177066
30.6025502125177,1.00269905934114,1.98905116305626,2.98270630136884
30.6475539628302,1.00269761330016,1.98905456384019,2.98271154438931
30.6925577131428,1.00269613518371,1.98905797893944,2.98271680049049
30.7375614634553,1.00269462481393,1.98906140853393,2.98272206991433
30.7825652137678,1.00269308197018,1.98906485305773,2.98272735331715
30.8275689640803,1.00269150642987,1.98906831306396,2.98273265155556
30.8725727143929,1.00268989801219,1.98907178908049,2.98273796545796
30.9175764647054,1.00268825661881,1.98907528147549,2.98274329561152
30.9625802150179,1.00268658226667,1.9890787903492,2.9827486421908
31.0075839653304,1.00268487510867,1.98908231546403,2.98275400484694
31.052587715643,1.0026831354402,1.9890858562192,2.98275938266701
31.0975914659555,1.00268136369103,1.98908941167017,2.9827647742041
31.142595216268,1.00267956040405,1.98909298058725,2.98277017756894
31.1875989665805,1.0026777262043,1.98909656154322,2.98277559056713
31.2326027168931,1.00267586176249,1.9891001530166,2.98278101086096
31.2776064672056,1.00267396775834,1.98910375349622,2.98278643613324
31.3226102175181,1.00267204484837,1.98910736157332,2.98279186423176
31.3676139678307,1.00267009364263,1.98911097601016,2.98279729327706
31.4126177181432,1.00266811469312,1.98911459577764,2.98280272172189
31.4576214684557,1.00266610849519,1.9891182200591,2.98280814835816
31.5026252187682,1.0026640755014,1.98912184822194,2.9828135722738
31.5476289690808,1.0026620161458,1.98912547976288,2.98281899276866
31.5926327193933,1.00265993087515,1.98912911423544,2.98282440924291
31.6376364697058,1.00265782018281,1.98913275117028,2.98282982107419
31.6826402200183,1.00265568464107,1.98913638999894,2.98283522750007
31.7276439703309,1.00265352492775,1.98914002999054,2.98284062752036
31.7726477206434,1.00265134184399,1.98914367020868,2.98284601983045
31.8176514709559,1.00264913632138,1.98914730949254,2.98285140279191
31.8626552212684,1.00264690941808,1.98915094646301,2.98285677444151
31.907658971581,1.00264466230491,1.98915457955113,2.98286213253446
31.9526627218935,1.0026423962438,1.98915820704373,2.982867474614
31.997666472206,1.00264011256189,1.98916182713897,2.98287279809619
32.0426702225185,1.00263781262477,1.98916543800383,2.98287810035788
32.0876739728311,1.00263549781272,1.9891690378261,2.98288337881609
32.1326777231436,1.00263316950279,1.98917262485416,2.98288863098912
32.1776814734561,1.002630829059,1.9891761974204,2.98289385453267
32.2226852237687,1.00262847783163,1.98917975394635,2.98289904724818
32.2676889740812,1.00262611716513,1.98918329292985,2.98290420706401
32.3126927243937,1.00262374841358,1.98918681291757,2.98290933199429
32.3576964747062,1.00262137296097,1.98919031246709,2.98291442008193
32.4027002250188,1.00261899224362,1.9891937901045,2.9829194693348
32.4477039753313,1.00261660777174,1.9891972442832,2.98292447766358
32.4927077256438,1.00261422114711,1.98920067334925,2.98292944282944
32.5377114759563,1.00261183407503,1.98920407551738,2.98293436240758
32.5827152262689,1.00260944836902,1.98920744886002,2.9829392337704
32.6277189765814,1.00260706594807,1.98921079130987,2.9829440540909
32.6727227268939,1.00260468882716,1.98921410067483,2.98294882036458
32.7177264772064,1.00260231910254,1.98921737466251,2.98295352944574
32.762730227519,1.00259995893386,1.98922061091044,2.98295817809234
32.8077339778315,1.0025976105257,1.9892238070178,2.98296276301321
32.852737728144,1.0025952761106,1.9892269605746,2.98296728091136
32.8977414784565,1.00259295793578,1.98923006918458,2.98297172851819
32.9427452287691,1.00259065825482,1.9892331304798,2.98297610261504
32.9877489790816,1.0025883793249,1.98923614212543,2.98298040004056
33.0327527293941,1.00258612340936,1.98923910181538,2.98298461768402
33.0777564797066,1.00258389278485,1.98924200725998,2.98298875246707
33.1227602300192,1.00258168975138,1.98924485616826,2.98299280131732
33.1677639803317,1.00257951664355,1.98924764622786,2.98299676113815
33.2127677306442,1.00257737584114,1.98925037508543,2.9830006287795
33.2577714809567,1.00257526977731,1.98925304033061,2.98300440101347
33.3027752312693,1.00257320094314,1.98925563948545,2.9830080745181
33.3477789815818,1.00257117188778,1.98925817000067,2.98301164587112
33.3927827318943,1.00256918521405,1.98926062925904,2.9830151115541
33.4377864822069,1.00256724356998,1.98926301458513,2.98301846796604
33.4827902325194,1.00256534963722,1.98926532326011,2.9830217114443
33.5277939828319,1.00256350611755,1.98926755253959,2.98302483829003
33.5727977331444,1.002561715719,1.98926969967219,2.98302784479483
33.617801483457,1.00255998114278,1.98927176191701,2.98303072726558
33.6628052337695,1.00255830507234,1.9892737365579,2.98303348204489
33.707808984082,1.00255669016504,1.98927562091366,2.98303610552529
33.7528127343945,1.00255513904703,1.98927741234333,2.98303859415651
33.7978164847071,1.0025536543109,1.98927910824702,2.98304094444599
33.8428202350196,1.00255223851582,1.9892807060628,2.98304315295371
33.8878239853321,1.00255089418913,1.98928220326105,2.98304521628315
33.9328277356446,1.00254962382847,1.98928359733766,2.98304713107059
33.9778314859572,1.00254842990348,1.98928488580757,2.98304889397475
34.0228352362697,1.00254731485607,1.98928606620011,2.98305050166904
34.0678389865822,1.00254628109877,1.98928713605702,2.98305195083761
34.1128427368947,1.0025453310106,1.98928809293383,2.98305323817627
34.1578464872073,1.00254446693076,1.9892889344046,2.9830543603983
34.2028502375198,1.0025436911501,1.98928965806973,2.98305531424471
34.2478539878323,1.00254300590118,1.98929026156612,2.98305609649786
34.2928577381448,1.00254241334743,1.98929074257857,2.98305670399709
34.3378614884574,1.00254196656936,1.98929102850913,2.98305703252306
34.3828652387699,1.00254246152372,1.98929002557451,2.98305551056574
34.4278689890824,1.00254425803536,1.98928724753262,2.98305144155779
34.472872739395,1.0025470514987,1.98928312509346,2.98304544734154
34.5178764897075,1.00255036746,1.98927833467421,2.98303850587844
34.56288024002,1.00255369200176,1.98927362770336,2.98303170814726
34.6078839903325,1.00255657398693,1.98926969038997,2.98302605673595
34.6528877406451,1.00255868823235,1.98926704943784,2.98302232848317
34.6978914909576,1.00255986058068,1.98926602722484,2.98302100745665
34.7428952412701,1.00256006557834,1.98926673687727,2.9830222758213
34.7878989915826,1.00255940772664,1.98926910479168,2.98302604537822
34.8329027418952,1.00255809327964,1.98927291071964,2.9830320154972
34.8779064922077,1.00255639607725,1.98927783856354,2.983039747077
34.9229102425202,1.00255461992519,1.98928353214763,2.9830487437127
34.9679139928327,1.00255306114754,1.98928964958844,2.98305853055416
35.0129177431453,1.00255197650416,1.98929590901306,2.98306872040547
35.0579214934578,1.00255156199936,1.98930211887015,2.98307905757081
35.1029252437703,1.00255194637553,1.98930818867306,2.98308943373642
35.1479289940828,1.00255319970753,1.98931412015922,2.98309987600824
35.1929327443954,1.00255535387293,1.9893199830542,2.98311051306438
35.2379364947079,1.00255842926134,1.9893258823388,2.9831215291213
35.2829402450204,1.00256246165305,1.9893319243692,2.9831331160244
35.3279439953329,1.00256752447209,1.98933818770823,2.98314543169588
35.3729477456455,1.00257374368753,1.98934470209885,2.98315856978912
35.417951495958,1.00258130457907,1.98935143668522,2.98317254214484
35.4629552462705,1.00259045089964,1.98935829695994,2.98318727335197
35.507958996583,1.00260147762682,1.98936512906538,2.98320260550836
35.5529627468956,1.00261471872415,1.98937172976843,2.98321831083368
35.5979664972081,1.00263053139005,1.98937786036731,2.98323410970544
35.6429702475206,1.00264927830453,1.98938326279142,2.98324969170281
35.6879739978332,1.00267130941112,1.98938767617416,2.98326473728679
35.7329777481457,1.00269694473233,1.98939085226989,2.98327893788443
35.7779814984582,1.00272645953373,1.98939256832285,2.98329201248294
35.8229852487707,1.00276007279489,1.98939263641317,2.9833037194197
35.8679889990833,1.00279793944802,1.98939090886261,2.98331386282365
35.9129927493958,1.00284014630479,1.98938727987903,2.98332229398316
35.9579964997083,1.00288671112396,1.98938168412849,2.98332890861387
36.0030002500208,1.00293758397424,1.98937409324509,2.98333364143933
36.0480040003334,1.00299264996511,1.98936451137763,2.98333645961898
36.0930077506459,1.00305173254087,1.98935297074873,2.98333735639227
36.1380115009584,1.00311459681037,1.98933952792995,2.98333634594451
36.1830152512709,1.00318095274668,1.98932426119479,2.98333346004866
36.2280190015835,1.00325045846862,1.989307268969,2.98332874658943
36.273022751896,1.00332272414646,1.98928866910186,2.98332226969125
36.3180265022085,1.00339731729932,1.98926859846362,2.98331411087977
36.363030252521,1.00347377031944,1.98924721225223,2.98330437052353
36.4080340028336,1.00355159092448,1.9892246823823,2.983293168738
36.4530377531461,1.00363027588697,1.98920119444096,2.98328064500067
36.4980415034586,1.00370932784058,1.98917694292538,2.98326695592411
36.5430452537711,1.00378827429376,1.98915212480054,2.98325227094951
36.5880490040837,1.00386668731922,1.98912693178105,2.9832367661119
36.6330527543962,1.00394420189084,1.98910154207388,2.98322061642007
36.6780565047087,1.00402053065753,1.98907611254009,2.98320398770622
36.7230602550213,1.0040954731697,1.98905077228017,2.98318702895899
36.7680640053338,1.0041689182066,1.98902561849712,2.98316986611774
36.8130677556463,1.00424083878549,1.98900071516846,2.98315259808478
36.8580715059588,1.00431128047822,1.98897609463626,2.98313529535822
36.9030752562714,1.00438034460017,1.98895176179304,2.98311800128454
36.9480790065839,1.00444816848755,1.98892770019115,2.98310073556132
36.9930827568964,1.00451490533652,1.98890387919184,2.98308349935175
37.0380865072089,1.00458070593384,1.98888026121856,2.98306628123401
37.0830902575215,1.00464570413479,1.98885680827122,2.98304906320049
37.128094007834,1.00471000726049,1.9888334870567,2.98303182602034
37.1730977581465,1.00477369182391,1.98881027234847,2.98301455345094
37.218101508459,1.00483680426842,1.98878714846165,2.98299723499487
37.2631052587716,1.00489936580364,1.98876410898259,2.98297986712032
37.3081090090841,1.0049613800088,1.98874115509779,2.98296245306718
37.3531127593966,1.00502284167582,1.9887182930058,2.98294500152822
37.3981165097091,1.00508374538688,1.98869553095715,2.98292752460684
37.4431202600217,1.00514409254573,1.98867287644835,2.98291003549859
37.4881240103342,1.00520389596293,1.98865033400426,2.98289254632085
37.5331277606467,1.00526318156873,1.98862790383684,2.98287506643148
37.5781315109592,1.00532198731712,1.98860558149388,2.98285760145122
37.6231352612718,1.00538035977376,1.98858335843812,2.98284015306048
37.6681390115843,1.00543834919035,1.98856122335354,2.98282271950444
37.7131427618968,1.00549600401907,1.98853916388133,2.98280529663339
37.7581465122094,1.00555336580925,1.98851716845273,2.98278787924061
37.8031502625219,1.00561046527315,1.98849522790733,2.98277046244276
37.8481540128344,1.00566732004984,1.98847333665323,2.98275304287296
37.8931577631469,1.00572393438743,1.98845149322261,2.98273561951432
37.9381615134595,1.00578030065447,1.9884297001846,2.98271819407797
37.983165263772,1.00583640232685,1.9884079634795,2.98270077091132
38.0281690140845,1.00589221790951,1.98838629132035,2.98268335649625
38.073172764397,1.00594772516098,1.98836469285995,2.98266595865388
38.1181765147096,1.00600290499698,1.98834317683956,2.98264858560634
38.1631802650221,1.00605774454727,1.98832175041972,2.98263124505311
38.2081840153346,1.00611223900531,1.98830041834977,2.98261394340262
38.2531877656471,1.00616639211426,1.98827918256895,2.98259668526289
38.2981915159597,1.00622021534197,1.98825804226013,2.98257947324513
38.3431952662722,1.00627372598108,1.98823699430844,2.98256230808166
38.3881990165847,1.0063269445435,1.98821603406146,2.98254518901106
38.4332027668972,1.00637989188603,1.98819515625271,2.98252811434757
38.4782065172098,1.00643258650248,1.98817435593866,2.98251108213175
38.5232102675223,1.00648504235389,1.98815362931153,2.98249409075744
38.5682140178348,1.00653726749779,1.98813297428071,2.98247713948361
38.6132177681473,1.00658926364034,1.98811239075924,2.9824602287661
38.6582215184599,1.00664102659369,1.98809188063996,2.98244336037674
38.7032252687724,1.0066925474952,1.98807144749208,2.98242653731217
38.7482290190849,1.00674381455089,1.98805109604614,2.98240976352512
38.7932327693974,1.00679481501353,1.98803083155945,2.98239304353397
38.83823651971,1.00684553709831,1.98801065916319,2.98237638197911
38.8832402700225,1.00689597157422,1.98799058328599,2.98235978319633
38.928244020335,1.00694611283752,1.98797060722964,2.98234325086846
38.9732477706476,1.0069959593635,1.98795073294424,2.98232678779981
39.0182515209601,1.00704551352882,1.98793096101777,2.98231039583608
39.0632552712726,1.00709478088562,1.98791129086279,2.98229407592894
39.1082590215851,1.00714376903831,1.98789172105671,2.98227782832354
39.1532627718977,1.00719248631559,1.98787224977399,2.98226165283123
39.1982665222102,1.00724094044221,1.98785287524076,2.98224554914072
39.2432702725227,1.00728913739579,1.98783359614583,2.98222951711933
39.2882740228352,1.0073370805919,1.9878144119536,2.98221355706201
39.3332777731478,1.0073847704816,1.98779532308365,2.98219766985697
39.3782815234603,1.00743220458027,1.98777633094335,2.9821818570517
39.4232852737728,1.00747937788534,1.98775743782224,2.98216612081872
39.4682890240853,1.0075262835896,1.98773864667511,2.98215046383524
39.5132927743979,1.00757291396451,1.98771996083459,2.9821348891016
39.5582965247104,1.00761926127533,1.98770138369977,2.98211939973014
39.6033002750229,1.00766531859802,1.98768291844716,2.98210399873746
39.6483040253354,1.00771108043303,1.9876645678025,2.98208868886985
39.693307775648,1.00775654304912,1.9876463339005,2.98207347248388
39.7383115259605,1.00780170453358,1.9876282182443,2.98205835149473
39.783315276273,1.00784656456863,1.98761022176165,2.9820433273938
39.8283190265855,1.00789112399001,1.98759234494137,2.98202840132701
39.8733227768981,1.00793538420899,1.98757458802371,2.98201357421759
39.9183265272106,1.00797934659085,1.98755695121322,2.98199884691187
39.9633302775231,1.00802301188039,1.98753943488208,2.98198422032551
40.0083340278357,1.00806637974998,1.98752203973647,2.9819696955694
40.0533377781482,1.00810944852214,1.98750476692581,2.98195527403919
40.0983415284607,1.0081522150889,1.98748761808502,2.98194095745928
40.1433452787732,1.00819467502127,1.98747059530981,2.98192674787908
40.1883490290858,1.00823682283588,1.98745370107487,2.98191264762658
40.2333527793983,1.00827865236714,1.98743693811148,2.98189865922977
40.2783565297108,1.00832015718324,1.98742030926575,2.98188478532006
40.3233602800233,1.00836133098381,1.9874038173591,2.98187102853323
40.3683640303359,1.0084021679255,1.98738746507053,2.98185739142222
40.4133677806484,1.00844266283652,1.98737125485519,2.98184387639315
40.4583715309609,1.00848281130053,1.98735518890762,2.98183048567176
40.5033752812734,1.00852260961013,1.98733926917056,2.9818172213022
40.548379031586,1.00856205460857,1.98732349738416,2.98180408517555
40.5933827818985,1.00860114345208,1.98730787516488,2.98179107908143
40.638386532211,1.00863987333347,1.98729240410038,2.98177820477325
40.6833902825235,1.008678241209,1.98727708584555,2.98176546403675
40.7283940328361,1.00871624356655,1.98726192220632,2.98175285875195
40.7733977831486,1.0087538762632,1.98724691520049,2.98174039094029
40.8184015334611,1.00879113444866,1.98723206708936,2.98172806279191
40.8634052837736,1.00882801257673,1.98721738037851,2.98171587667101
40.9084090340862,1.00886450449491,1.98720285779061,2.98170383510084
40.9534127843987,1.00890060359205,1.98718850221681,2.98169194073226
40.9984165347112,1.00893630297769,1.98717431665557,2.98168019630211
41.0434202850237,1.0089715956649,1.98716030414895,2.98166860458829
41.0884240353363,1.00900647473037,1.9871464677255,2.98165716836827
41.1334277856488,1.00904093343151,1.98713281035743,2.98164589038674
41.1784315359613,1.00907496526799,1.98711933493656,2.98163477333612
41.2234352862739,1.00910856398425,1.98710604427094,2.98162381985167
41.2684390365864,1.00914172351823,1.9870929411007,2.98161303252043
41.3134427868989,1.00917443790843,1.98708002812892,2.98160241390161
41.3584465372114,1.00920670117629,1.98706730806212,2.98159196655443
41.403450287524,1.00923850720258,1.98705478365359,2.98158169306894
41.4484540378365,1.00926984961555,1.98704245774331,2.98157159609516
41.493457788149,1.00930072170543,1.98703033328936,2.9815616783667
41.5384615384615,1.00933111637424,1.98701841338716,2.9815519427162
41.5834652887741,1.00936102612466,1.98700670127522,2.98154239208117
41.6284690390866,1.00939044308533,1.98699520032795,2.98153302950062
41.6734727893991,1.0094193590653,1.98698391403793,2.98152385810381
41.7184765397116,1.00944776562692,1.98697284599133,2.98151488109369
41.7634802900242,1.00947565416486,1.98696199984057,2.98150610172795
41.8084840403367,1.0095030159793,1.98695137927878,2.98149752330074
41.8534877906492,1.00952984233331,1.98694098801919,2.98148914912779
41.8984915409617,1.00955612448768,1.98693082978239,2.98148098253654
41.9434952912743,1.00958185371018,1.98692090829234,2.98147302686271
41.9884990415868,1.00960702126028,1.98691122728107,2.98146528545283
42.0335027918993,1.00963161835362,1.98690179050065,2.98145776167233
42.0785065422118,1.00965563611292,1.98689260174011,2.9814504589172
42.1235102925244,1.00967906551332,1.9868836648447,2.98144338062777
42.1685140428369,1.00970189733008,1.98687498373449,2.98143653030218
42.2135177931494,1.00972412209546,1.98686656242012,2.98142991150815
42.258521543462,1.00974573006953,1.98685840501374,2.98142352789152
42.3035252937745,1.00976671122725,1.98685051573444,2.98141738318093
42.348529044087,1.00978705526172,1.98684289890799,2.98141148118847
42.3935327943995,1.00980675160093,1.98683555896178,2.98140582580693
42.4385365447121,1.00982578943388,1.98682850041641,2.98140042100452
42.4835402950246,1.00984415774113,1.98682172787555,2.98139527081814
42.5285440453371,1.00986184532422,1.98681524601605,2.98139037934681
42.5735477956496,1.00987884082972,1.98680905957978,2.98138575074608
42.6185515459622,1.00989513276434,1.98680317336855,2.98138138922452
42.6635552962747,1.00991070949933,1.98679759224262,2.98137729904279
42.7085590465872,1.0099255592641,1.98679232112307,2.98137348451534
42.7535627968997,1.00993967013036,1.98678736499748,2.98136995001451
42.7985665472123,1.00995302998941,1.98678272892807,2.98136669997651
42.8435702975248,1.00996562652567,1.98677841806131,2.98136373890851
42.8885740478373,1.00997744286408,1.98677443849778,2.98136107135003
42.9335777981498,1.00998634196395,1.98677134966069,2.98135890513927
42.9785815484624,1.00998764454045,1.98677065571806,2.98135817376657
43.0235852987749,1.00998097342639,1.98677264963417,2.98135924668139
43.0685890490874,1.00996808425468,1.98677681235254,2.98136185122079
43.1135927994,1.00995166004744,1.98678227483091,2.98136544083347
43.1585965497125,1.00993466046658,1.98678804567334,2.98136935654795
43.203600300025,1.00991978906048,1.98679319512383,2.98137295509599
43.2486040503375,1.00990909424147,1.98679699796682,2.981375713568
43.2936078006501,1.00990373794107,1.98679902159236,2.98137729899408
43.3386115509626,1.00990393561482,1.98679915497041,2.981377596875
43.3836153012751,1.0099090449022,1.98679758461917,2.98137670113589
43.4286190515876,1.00991776555112,1.98679473011903,2.98137487387723
43.4736228019002,1.00992840743977,1.98679115447556,2.98137248596951
43.5186265522127,1.00993918269284,1.98678746496634,2.98136994980711
43.5636303025252,1.0099484800157,1.98678421901785,2.98136765442242
43.6086340528377,1.00995508464366,1.98678184751314,2.98136591134661
43.6536378031503,1.00995831666419,1.98678060470787,2.98136491737725
43.6986415534628,1.0099580740024,1.98678054964033,2.98136473781592
43.7436453037753,1.0099547823934,1.98678155891331,2.98136531078951
43.7886490540878,1.00994927000157,1.98678336577701,2.98136647017225
43.8336528044004,1.00994259545005,1.98678561655766,2.98136798186516
43.8786565547129,1.009935862499,1.98678793350677,2.98136958638516
43.9236603050254,1.00993005214713,1.98678997342386,2.98137104032819
43.9686640553379,1.00992589521729,1.98679147360805,2.98137215033812
44.0136678056505,1.00992379826336,1.98679228002634,2.98137279533453
44.058671555963,1.0099238255185,1.98679235613789,2.98137293528463
44.1036753062755,1.00992573131272,1.98679177388057,2.98137260714528
44.1486790565881,1.00992903159842,1.98679069054557,2.98137191036809
44.1936828069006,1.00993309990376,1.98678931656836,2.98137098542457
44.2386865572131,1.00993727187663,1.98678787973831,2.98136998921306
44.2836903075256,1.00994094329896,1.9867865911037,2.98136907107526
44.3286940578382,1.00994364882441,1.98678561704299,2.98136835260403
44.3736978081507,1.00994511246977,1.98678506070326,2.98136791357673
44.4187015584632,1.00994526563827,1.98678495442274,2.98136778530223
44.4637053087757,1.00994423351312,1.98678526305776,2.98136795154081
44.5087090590883,1.00994229523047,1.98678589657063,2.98136835608124
44.5537128094008,1.00993982657658,1.98678672904278,2.98136891518831
44.5987165597133,1.00993723556625,1.98678762063371,2.98136953259681
44.6437203100258,1.00993490105077,1.98678843897226,2.98137011459615
44.6887240603384,1.00993312275097,1.9867890769802,2.98137058301529
44.7337278106509,1.00993208834913,1.98678946502944,2.98137088449097
44.7787315609634,1.00993186011241,1.98678957641684,2.98137099514792
44.8237353112759,1.00993238049816,1.9867894262098,2.98137092058927
44.8687390615885,1.00993349369465,1.98678906442013,2.98137069176808
44.913742811901,1.00993497829902,1.9867885651124,2.98137035780578
44.9587465622135,1.00993658541708,1.98678801340528,2.98136997710555
45.003750312526,1.00993807638158,1.98678749238199,2.98136960817572
45.0487540628386,1.00993925494815,1.98678707171736,2.9813693014543
45.0937578131511,1.00993999010164,1.98678679940665,2.98136909314904
45.1387615634636,1.00994022728552,1.98678669741439,2.98136900172707
45.1837653137761,1.0099399877031,1.98678676143551,2.98136902726007
45.2287690640887,1.00993935705895,1.98678696436538,2.98136915341472
45.2737728144012,1.00993846646898,1.98678726259291,2.98136935152915
45.3187765647137,1.009937469092,1.98678760392344,2.98136958597861
45.3637803150263,1.00993651625314,1.98678793583534,2.98136981993438
45.4087840653388,1.00993573647359,1.9867882128708,2.9813700206602
45.4537878156513,1.00993522001725,1.98678840221992,2.98137016365088
45.4987915659638,1.00993501048793,1.98678848691916,2.98137023516035
45.5437953162764,1.00993510385279,1.98678846648559,2.98137023294518
45.5887990665889,1.0099354541996,1.98678835518502,2.98137016531952
45.6338028169014,1.00993598468841,1.98678817843623,2.98137004884163
45.6788065672139,1.00993660161705,1.98678796805413,2.9813699051048
45.7238103175265,1.009937209318,1.98678775711699,2.98136975717643
45.768814067839,1.00993772373164,1.98678757521024,2.98136962621707
45.8138178181515,1.00993808290863,1.9867874446676,2.98136952872967
45.858821568464,1.00993825330079,1.9867873782273,2.9813694747538
45.9038253187766,1.00993823140531,1.98678737828091,2.98136946715622
45.9488290690891,1.00993804102409,1.98678743765097,2.98136950200053
45.9938328194016,1.00993772698955,1.98678754162603,2.98136956982986
46.0388365697141,1.00993734661714,1.98678767083305,2.98136965758567
46.0838403200267,1.00993696033014,1.98678780445389,2.98136975082538
46.1288440703392,1.00993662286273,1.98678792329721,2.98136983589527
46.1738478206517,1.00993637621195,1.9867880123104,2.98136990175838
46.2188515709642,1.009936245135,1.9867880622403,2.98136994125802
46.2638553212768,1.00993623554447,1.98678807030273,2.98136995170125
46.3088590715893,1.00993633571116,1.98678803987492,2.98136993475425
46.3538628219018,1.0099365198027,1.98678797935953,2.98136989573916
46.3988665722144,1.00993675301308,1.98678790046837,2.98136984249544
46.4438703225269,1.00993699739652,1.98678781622788,2.98136978401187
46.4888740728394,1.00993721751604,1.98678773901448,2.98136972904486
46.5338778231519,1.00993738513707,1.98678767889137,2.98136968491752
46.5788815734645,1.00993748241088,1.98678764244704,2.98136965664798
46.623885323777,1.00993750326252,1.98678763224471,2.98136964649374
46.6688890740895,1.00993745297989,1.98678764689476,2.98136965393135
46.713892824402,1.00993734625332,1.98678768167358,2.98136967602812
46.7588965747146,1.00993720410661,1.98678772954361,2.98136970811163
46.8039003250271,1.00993705026935,1.98678778238841,2.98136974461157
46.8489040753396,1.00993690755961,1.9867878322664,2.98136977993707
46.8939078256521,1.00993679478359,1.98678787250534,2.98136980926275
46.9389115759647,1.00993672453126,1.98678789850104,2.98136982912286
46.9839153262772,1.00993670208015,1.98678790814037,2.98136983775093
47.0289190765897,1.00993672544169,1.98678790182965,2.98136983514465
47.0739228269022,1.0099367864203,1.98678788216703,2.98136982287656
47.1189265772148,1.00993687242831,1.98678785334291,2.9813698037044
47.1639303275273,1.00993696872134,1.98678782038178,2.98136978105733
47.2089340778398,1.00993706069622,1.9867877883485,2.98136975848324
47.2539378281523,1.00993713592271,1.98678776163409,2.98136973913878
47.2989415784649,1.00993718565299,1.98678774341246,2.9813697253889
47.3439453287774,1.00993720565309,1.98678773532607,2.98136971856032
47.3889490790899,1.00993719631212,1.98678773742003,2.98136971886695
47.4339528294025,1.00993716209154,1.98678774830718,2.98136972549933
47.478956579715,1.00993711046213,1.98678776551643,2.98136973684799
47.5239603300275,1.00993705053321,1.98678778595566,2.98136975081507
47.56896408034,1.0099369915991,1.98678780641204,2.9813697651609
47.6139678306526,1.00993694181604,1.98678782401554,2.98136977783335
47.6589715809651,1.0099369071808,1.98678783660452,2.9813697872354
47.7039753312776,1.00993689092197,1.98678784295268,2.98136979240021
47.7489790815901,1.00993689334478,1.98678784284051,2.98136979305892
47.7939828319027,1.00993691210238,1.98678783697787,2.98136978960336
47.8389865822152,1.0099369428098,1.98678782680459,2.98136978296011
47.8839903325277,1.00993697987767,1.98678781421021,2.98136977440311
47.9289940828402,1.00993701742525,1.98678780122075,2.98136976533778
47.9739978331528,1.0099370501362,1.98678778969996,2.9813697570898
48.0190015834653,1.00993707394351,1.98678778110545,2.98136975072782
48.0640053337778,1.00993708646553,1.98678777632791,2.98136974694125
48.1090090840903,1.00993708715895,1.98678777562715,2.98136974598433
48.1540128344029,1.00993707719751,1.98678777866336,2.98136974768718
48.1990165847154,1.00993705912295,1.98678778460927,2.98136975152524
48.2440203350279,1.00993703634154,1.98678779231845,2.98136975673089
48.2890240853404,1.00993701255352,1.98678780052044,2.98136976242724
48.334027835653,1.00993699120264,1.98678780801219,2.98136976776279
48.3790315859655,1.00993697502083,1.98678781381952,2.98136977202818
48.424035336278,1.00993696572157,1.98678781730916,2.98136977474032
48.4690390865905,1.00993696386917,1.98678781824086,2.98136977568583
48.5140428369031,1.00993696892309,1.98678781675888,2.98136977492199
48.5590465872156,1.00993697943249,1.9867878133304,2.98136977273961
48.6040503375281,1.00993699333749,1.98678780864534,2.98136976959714
48.6490540878407,1.00993700832343,1.98678780349567,2.98136976603839
48.6940578381532,1.00993702217282,1.98678779865341,2.9813697626071
48.7390615884657,1.00993703306584,1.9867877947645,2.9813697597707
48.7840653387782,1.00993703979276,1.98678779227179,2.98136975786298
48.8290690890908,1.00993704185804,1.98678779137476,2.98136975705163
48.8740728394033,1.00993703947307,1.98678779202772,2.98136975733261
48.9190765897158,1.00993703345055,1.98678779397252,2.98136975854911
48.9640803400283,1.00993702502589,1.98678779679763,2.98136976043003
49.0090840903409,1.00993701563859,1.9867878000123,2.9813697626402
49.0540878406534,1.00993700670839,1.98678780312389,2.98136976483434
49.0990915909659,1.00993699943837,1.98678780570719,2.9813697667065
49.1440953412784,1.00993699466949,1.98678780745672,2.98136976802877
49.189099091591,1.00993699280163,1.9867878082168,2.98136976867485
49.2341028419035,1.00993699378492,1.98678780798718,2.98136976862681
49.279106592216,1.00993699717504,1.98678780690642,2.98136976796599
49.3241103425285,1.00993700223798,1.98678780521755,2.98136976685091
49.3691140928411,1.00993700808402,1.98678780322273,2.98136976548675
49.4141178431536,1.00993701380928,1.98678780123455,2.98136976409155
49.4591215934661,1.00993701862395,1.98678779953109,2.98136976286429
49.5041253437786,1.00993702195078,1.9867877983206,2.981369761959
49.5491290940912,1.00993702348319,1.98678779771983,2.98136976146801
49.5941328444037,1.00993702319916,1.98678779774749,2.98136976141565
49.6391365947162,1.00993702133376,1.98678779833216,2.98136976176212
49.6841403450288,1.00993701831849,1.986787799332,2.98136976241596
49.7291440953413,1.00993701469975,1.98678780056218,2.98136976325247
49.7741478456538,1.00993701104982,1.98678780182546,2.98136976413471
49.8191515959663,1.00993700788383,1.98678780294113,2.98136976493406
49.8641553462789,1.00993700559371,1.98678780376864,2.98136976554736
49.9091590965914,1.00993700440643,1.98678780422291,2.98136976590859
49.9541628469039,1.00993700436995,1.98678780428036,2.9813697659942
49.9991665972164,1.00993700536569,1.98678780397559,2.9813697658218
50.044170347529,1.0099370071431,1.98678780339026,2.98136976544331
50.0891740978415,1.00993700936895,1.9867878026366,2.98136976493394
50.134177848154,1.00993701168292,1.98678780183838,2.98136976437918
50.1791815984665,1.00993701375109,1.9867878011123,2.98136976386169
50.2241853487791,1.00993701530988,1.98678780055243,2.98136976345004
50.2691890990916,1.00993701619547,1.98678780021941,2.98136976319056
50.3141928494041,1.00993701635604,1.98678780013555,2.9813697631033
50.3591965997166,1.00993701584699,1.98678780028583,2.98136976318196
50.4042003500292,1.00993701481168,1.98678780062401,2.98136976339769
50.4492041003417,1.00993701345182,1.98678780108248,2.98136976370552
50.4942078506542,1.009937011993,1.98678780158403,2.98136976405236
50.5392116009667,1.00993701065038,1.98678780205369,2.98136976438541
50.5842153512793,1.00993700959975,1.98678780242905,2.98136976465944
50.6292191015918,1.00993700895704,1.98678780266759,2.98136976484238
50.6742228519043,1.00993700876853,1.98678780275059,2.98136976491835
50.7192266022168,1.00993700901184,1.98678780268312,2.98136976488821
50.7642303525294,1.00993700960643,1.9867878024908,2.98136976476758
50.8092341028419,1.00993701043119,1.98678780221403,2.98136976458311
50.8542378531544,1.00993701134573,1.9867878019007,2.98136976436752
50.899241603467,1.00993701221217,1.98678780159865,2.98136976415439
50.9442453537795,1.00993701291418,1.98678780134904,2.98136976397333
50.989249104092,1.00993701337101,1.98678780118123,2.98136976384629
51.0342528544045,1.00993701354495,1.98678780110995,2.98136976378527
51.0792566047171,1.00993701344202,1.98678780113483,2.98136976379174
51.1242603550296,1.00993701310641,1.98678780124204,2.98136976385754
51.1692641053421,1.00993701261018,1.9867878014077,2.98136976396705
51.2142678556546,1.00993701204018,1.9867878016023,2.98136976410023
51.2592716059672,1.00993701148426,1.98678780179544,2.98136976423586
51.3042753562797,1.00993701101886,1.9867878019602,2.98136976435466
51.3492791065922,1.00993701069951,1.98678780207652,2.98136976444178
51.3942828569047,1.00993701055529,1.98678780213331,2.9813697644884
51.4392866072173,1.00993701058761,1.98678780212899,2.98136976449235
51.4842903575298,1.00993763014477,1.98678765075386,2.98136972275999
51.5292941078423,1.00994489043534,1.98678560539901,2.98136876868606
51.5742978581548,1.00996172156369,1.98678047977384,2.9813658990664
51.6193016084674,1.00998651187671,1.98677267480667,2.98136123461022
51.6643053587799,1.01001595969149,1.98676322366609,2.98135538557276
51.7093091090924,1.01004610768153,1.98675340341158,2.9813491498376
51.7543128594049,1.01007311853782,1.98674447370381,2.98134333775141
51.7993166097175,1.01009391243214,1.98673746749308,2.98133863740157
51.84432036003,1.01010660917333,1.98673304421067,2.98133551833019
51.8893241103425,1.01011071974962,1.98673141987106,2.98133417898426
51.9343278606551,1.01010707375872,1.98673237861999,2.98133454096801
51.9793316109676,1.01009752146658,1.98673535680947,2.98133628844036
52.0243353612801,1.01008449284843,1.98673957768998,2.98133894403479
52.0693391115926,1.01007051622087,1.9867442064296,2.98134196541974
52.1143428619052,1.0100577912992,1.98674849441167,2.98134484258963
52.1593466122177,1.01004788265184,1.98675188853991,2.98134717746679
52.2043503625302,1.01004156291939,1.98675409245164,2.98134873369404
52.2493541128427,1.01003880287335,1.98675507794669,2.98134945270595
52.2943578631553,1.01003888343184,1.98675505361515,2.98134943931449
52.3393616134678,1.01004059321994,1.98675440264268,2.98134892454406
52.3843653637803,1.01004247131513,1.98675360361704,2.98134821521896
52.4293691140928,1.01004305564866,1.98675314786288,2.9813476395873
52.4743728644054,1.01004110174144,1.98675346519674,2.98134749694518
52.5193766147179,1.01003574380191,1.98675486743934,2.98134801743425
52.5643803650304,1.01002658063062,1.98675751573127,2.98134933620958
52.6093841153429,1.01001368143293,1.98676141386149,2.98135148404821
52.6543878656555,1.00999751965359,1.98676642581757,2.98135439418155
52.699391615968,1.00997885381042,1.98677231220041,2.98135792283794
52.7443953662805,1.00995858080185,1.98677877768383,2.9813618790411
52.7893991165931,1.00993758824111,1.98678552081727,2.98136605807765
52.8344028669056,1.00991662849272,1.98679227824169,2.98137027300924
52.8794066172181,1.00989622992157,1.98679885745106,2.98137437962418
52.9244103675306,1.00987665252241,1.98680515494674,2.98137829194716
52.9694141178432,1.0098578873886,1.98681115934261,2.98138198736303
53.0144178681557,1.00983969350038,1.98681694120812,2.98138550212918
53.0594216184682,1.00982166144731,1.9868226329552,2.98138891929413
53.1044253687807,1.00980329185338,1.98682840286122,2.98139235173737
53.1494291190933,1.00978407616062,1.98683442746512,2.98139592325288
53.1944328694058,1.00976356873701,1.98684086620101,2.98139975042079
53.2394366197183,1.00974144171122,1.98684784136692,2.98140392755346
53.2844403700308,1.00971751717498,1.98685542548082,2.9814085163494
53.3294441203434,1.00969177502471,1.9868636368806,2.98141354111483
53.3744478706559,1.00966433825096,1.98687244322425,2.98141898959891
53.4194516209684,1.00963544042426,1.98688177150021,2.98142481872798
53.4644553712809,1.00960538206439,1.98689152240688,2.98143096391838
53.5094591215935,1.00957448330463,1.98690158659796,2.98143735028177
53.554462871906,1.0095430398021,1.98691186033682,2.98144390395526
53.5994666222185,1.00951128744097,1.98692225850255,2.98145056198025
53.644470372531,1.00947937939624,1.9869327235297,2.98145727955491
53.6894741228436,1.00944737696693,1.98694322960768,2.98146403400211
53.7344778731561,1.00941525358639,1.98695378218791,2.98147082532797
53.7794816234686,1.00938290980608,1.98696441345115,2.98147767371591
53.8244853737812,1.00935019595615,1.98697517481782,2.98148461465378
53.8694891240937,1.00931693864716,1.98698612781891,2.98149169260432
53.9144928744062,1.00928296726859,1.98699733468906,2.98149895420027
53.9594966247187,1.00924813709171,1.98700884991798,2.98150644189049
54.0045003750313,1.00921234639622,1.98702071373725,2.981514188803
54.0495041253438,1.00917554608436,1.98703294816797,2.98152221535665
54.0945078756563,1.00913774137793,1.98704555586151,2.98153052787589
54.1395116259688,1.00909898626269,1.98705852158047,2.98153911917999
54.1845153762814,1.0090593722169,1.98707181584071,2.98154797086455
54.2295191265939,1.00901901333605,1.98708540000374,2.98155705680004
54.2745228769064,1.00897803019599,1.98709923199714,2.98156634726107
54.3195266272189,1.00893653468797,1.98711327185043,2.98157581307904
54.3645303775315,1.00889461766777,1.98712748635056,2.98158542927455
54.409534127844,1.00885234067728,1.98714185231663,2.98159517775425
54.4545378781565,1.00880973232442,1.98715635822945,2.98160504882653
54.499541628469,1.00876678924506,1.98717100419324,2.98161504147047
54.5445453787816,1.00872348100248,1.9871858004206,2.98162516245985
54.5895491290941,1.00867975786105,1.98720076459635,2.9816354245779
54.6345528794066,1.00863556013374,1.98721591857594,2.9816458442467
54.6795566297191,1.00859082775268,1.98723128490718,2.98165643893355
54.7245603800317,1.00854550883285,1.98724688363291,2.9816672246858
54.7695641303442,1.00849956625868,1.98726272974828,2.98167821409297
54.8145678806567,1.00845298167555,1.98727883156499,2.98168941489044
54.8595716309692,1.00840575666144,1.98729519009395,2.98170082931672
54.9045753812818,1.00835791123451,1.98731179941773,2.98171245422902
54.9495791315943,1.0083094801737,1.9873286479012,2.98172428188527
54.9945828819068,1.00826050785481,1.98734571999864,2.98173630122482
55.0395866322194,1.00821104241669,1.98736299836484,2.98174849943362
55.0845903825319,1.00816113006621,1.98738046597109,2.98176086356536
55.1295941328444,1.00811081022305,1.98739810795852,2.98177338200754
55.1745978831569,1.00806011202051,1.98741591302411,2.9817860456231
55.2196016334695,1.00800905244989,1.98743387421611,2.98179884845844
55.264605383782,1.00795763619806,1.9874519891034,2.9818117879745
55.3096091340945,1.00790585701177,1.98747025936557,2.98182486482294
55.354612884407,1.0078537002514,1.98748868991723,2.98183808224338
55.3996166347196,1.00780114618757,1.98750728772549,2.98185144519718
55.4446203850321,1.00774817355215,1.98752606050014,2.98186495937311
55.4896241353446,1.00769476287733,1.98754501543218,2.9818786302021
55.5346278856571,1.00764089923417,1.98756415813166,2.98189246200234
55.5796316359697,1.007586574098,1.98758349187463,2.98190645734729
55.6246353862822,1.00753178620604,1.98760301721953,2.98192061671158
55.6696391365947,1.00747654141111,1.98762273200071,2.98193493840977
55.7146428869072,1.00742085165932,1.98764263165949,2.98194941880475
55.7596466372198,1.00736473331329,1.98766270983581,2.98196405273153
55.8046503875323,1.00730820509912,1.9876829591192,2.9819788340613
55.8496541378448,1.00725128597045,1.98770337184947,2.98199375632087
55.8946578881573,1.00719399316083,1.98772394086316,2.98200881328517
55.9396616384699,1.00713634064206,1.98774466010004,2.98202399947259
55.9846653887824,1.00707833813204,1.98776552501042,2.98203931049246
56.0296691390949,1.00701999071268,1.9877865327351,2.98205474321796
56.0746728894075,1.00696129903754,1.98780768206072,2.98207029578177
56.11967663972,1.00690226003947,1.98782897317991,2.9820859674141
56.1646803900325,1.00684286799843,1.98785040730664,2.98210175815936
56.209684140345,1.00678311580177,1.98787198620847,2.98211766851892
56.2546878906576,1.00672299622484,1.98789371172114,2.98213369907085
56.2996916409701,1.00666250307671,1.98791558530543,2.9821498501149
56.3446953912826,1.00660163208923,1.98793760769468,2.98216612138257
56.3896991415951,1.00654038147213,1.98795977866516,2.98218251183992
56.4347028919077,1.00647875210571,1.98798209694277,2.98219901959637
56.4797066422202,1.0064167473891,1.98800456024211,2.98221564191862
56.5247103925327,1.00635437280169,1.98802716541798,2.98223237533613
56.5697141428452,1.00629163526305,1.98804990869834,2.9822492158148
56.6147178931578,1.00622854239136,1.98807278596139,2.98226615897029
56.6597216434703,1.00616510176116,1.98809579301803,2.9822832002902
56.7047253937828,1.00610132025007,1.98811892586506,2.98230033533724
56.7497291440953,1.00603720354329,1.98814218088146,2.98231755991052
56.7947328944079,1.00597275583843,1.9881655549503,2.98233487015002
56.8397366447204,1.00590797976435,1.98818904549949,2.98235226257742
56.8847403950329,1.00584287650123,1.988212650465,2.98236973407523
56.9297441453454,1.00577744606661,1.98823636818901,2.98238728181306
56.974747895658,1.00571168771682,1.98826019727167,2.98240490313518
57.0197516459705,1.00564560040548,1.98828413639843,2.98242259542662
57.064755396283,1.00557918324094,1.98830818416543,2.9824403559755
57.1097591465956,1.00551243589114,1.98833233892278,2.9824581818477
57.1547628969081,1.00544535889709,1.98835659865142,2.9824760697868
57.1997666472206,1.00537795387086,1.98838096088334,2.98249401614755
57.2447703975331,1.00531022357102,1.9884054226686,2.98251201686634
57.2897741478457,1.0052421718633,1.98842998058684,2.9825300674673
57.3347778981582,1.00517380358715,1.98845463079591,2.98254816309863
57.3797816484707,1.00510512435764,1.98847936910655,2.98256629859088
57.4247853987832,1.00503614033625,1.98850419107068,2.98258446852726
57.4697891490958,1.00496685800429,1.98852909207025,2.98260266731589
57.5147928994083,1.00489728396823,1.98855406739537,2.98262088925491
57.5597966497208,1.00482742481968,1.98857911230292,2.98263912858332
57.6048004000333,1.00475728706382,1.98860422205005,2.98265737951309
57.6498041503459,1.00468687712068,1.98862939190089,2.98267563624087
57.6948079006584,1.00461620139531,1.9886546171075,2.98269389294023
57.7398116509709,1.00454526640557,1.98867989286967,2.98271214373769
57.7848154012834,1.00447407895136,1.98870521427941,2.98273038267743
57.829819151596,1.00440264630676,1.98873057625744,2.98274860368024
57.8748229019085,1.00433097641666,1.98875597348871,2.98276680050256
57.919826652221,1.00425907808148,1.98878140036342,2.98278496670057
57.9648304025335,1.00418696111774,1.98880685092834,2.9828030956035
58.0098341528461,1.00411463648678,1.98883231885156,2.98282118029856
58.0548379031586,1.00404211638931,1.98885779740167,2.9828392136286
58.0998416534711,1.00396941432826,1.98888327944067,2.9828571882019
58.1448454037836,1.00389654514635,1.98890875742825,2.98287509641256
58.1898491540962,1.00382352504764,1.98893422343399,2.98289293046865
58.2348529044087,1.00375037161391,1.98895966915356,2.98291068242537
58.2798566547212,1.00367710382652,1.98898508592486,2.98292834421992
58.3248604050338,1.00360374210355,1.98901046474042,2.98294590770535
58.3698641553463,1.00353030836005,1.98903579625321,2.98296336468115
58.4148679056588,1.00345682609644,1.98906107077384,2.98298070691912
58.4598716559713,1.00338332051739,1.98908627825829,2.98299792618352
58.5048754062839,1.00330981868119,1.98911140828603,2.98301501424571
58.5498791565964,1.00323634967678,1.98913645002946,2.98303196289344
58.5948829069089,1.00316294482461,1.98916139221581,2.98304876393581
58.6398866572214,1.00308963789599,1.9891862230832,2.98306540920456
58.684890407534,1.00301646534571,1.9892109303324,2.98308189055272
58.7298941578465,1.0029434665527,1.98923550107556,2.98309819985098
58.774897908159,1.00287068406442,1.98925992178301,2.98311432898187
58.8199016584715,1.00279816384149,1.98928417822842,2.98313026983153
58.8649054087841,1.00272595550005,1.98930825543257,2.98314601427801
58.9099091590966,1.00265411255051,1.98933213760507,2.9831615541751
58.9549129094091,1.00258269263126,1.98935580808345,2.98317688132996
58.9999166597216,1.00251175773682,1.98937924926891,2.98319198747293
59.0449204100342,1.00244137443887,1.98940244255778,2.98320686421812
59.0899241603467,1.00237161409837,1.98942536826863,2.98322150301307
59.1349279106592,1.00230255306521,1.98944800556488,2.98323589507697
59.1799316609717,1.0022342728608,1.98947033237387,2.98325003132682
59.2249354112843,1.00216686033664,1.98949232530393,2.98326390229207
59.2699391615968,1.00210040780076,1.98951395956196,2.98327749801907
59.3149429119093,1.00203501310155,1.98953520887486,2.98329080796738
59.3599466622219,1.0019707796576,1.98955604541904,2.98330382090116
59.4049504125344,1.00190781642109,1.98957643976279,2.98331652477952
59.4499541628469,1.00184623776179,1.98959636082716,2.98332890665056
59.4949579131594,1.00178616325975,1.98961577587077,2.98334095255466
59.539961663472,1.00172771739545,1.98963465050445,2.98335264744253
59.5849654137845,1.00167102912932,1.98965294874074,2.98336397511418
59.629969164097,1.0016162313651,1.98967063308293,2.98337491818432
59.6749729144095,1.00156346029632,1.98968766465664,2.98338545807944
59.7199766647221,1.00151285463975,1.98970400338583,2.9833955750707
59.7649804150346,1.00146455476536,1.98971960821284,2.98340524834533
59.8099841653471,1.00141870173802,1.9897344373601,2.98341445611786
59.8549879156596,1.00137543629185,1.98974844862873,2.98342317578018
59.8999916659722,1.00133489776308,1.98976159972708,2.98343138408759
59.9449954162847,1.00129722301145,1.98977384861994,2.98343905737574
59.9899991665972,1.0012625453632,1.98978515388779,2.98344617180163
