data1,data2,data3,data4,data5,data6,data7,data8
0,0,300,100,75,0,0,0
0.01001001001001,-9.91934863496649e-05,300.000000003726,100.000000008463,74.9999999772448,5.03715363637036e-09,3.33918270359179e-09,2.18993191118315e-09
0.02002002002002,-0.00110050594881629,300.000000271846,100.000000588707,74.9999982666272,4.3755494352085e-07,2.68823738767777e-07,1.66441125084615e-07
0.03003003003003,-0.018973214625386,300.000024475081,100.000058740586,74.9998973015252,4.22828729251938e-05,2.52417176677412e-05,1.52595833399224e-05
0.04004004004004,-0.0723456667936767,300.000035456479,100.0000875729,74.9998660694504,6.23716615816675e-05,3.69689342475786e-05,2.2212362621382e-05
0.0500500500500501,-0.159946605270072,300.000039802911,100.000104764276,74.9998696372153,7.08139630448794e-05,4.17871906071281e-05,2.50109317697114e-05
0.0600600600600601,-0.209967383686676,300.00004163772,100.000113705787,74.9998762307503,7.45812446442307e-05,4.38943339007322e-05,2.62116504441108e-05
0.0700700700700701,-0.223983176910932,300.000040977111,100.000114199802,74.9998850806243,7.36727908880853e-05,4.32967527713562e-05,2.58218953841181e-05
0.0800800800800801,-0.203119654454975,300.000038441764,100.000108113969,74.9998948357358,6.9218190186988e-05,4.06551766015595e-05,2.42340878554052e-05
0.0900900900900901,-0.148976241416582,300.000034954402,100.000098342879,74.9999040054207,6.29209514862812e-05,3.69605813313512e-05,2.20339180696504e-05
0.1001001001001,-0.0643451096499866,300.000031433567,100.00008789202,74.9999114819689,5.64919204750025e-05,3.32048661740706e-05,1.98058520124761e-05
0.11011011011011,0.0468500254601762,300.000028540111,100.000079021327,74.9999167663642,5.11739584561798e-05,3.01059687837262e-05,1.79715262961528e-05
0.12012012012012,0.179619403524168,300.000026561598,100.000072818223,74.9999199593312,4.75206669051212e-05,2.79808891644034e-05,1.67156260266546e-05
0.13013013013013,0.32800719718486,300.000025448006,100.000069263362,74.9999215614311,4.54565647930161e-05,2.67819725623197e-05,1.60080041513323e-05
0.14014014014014,0.485236022924363,300.000024951346,100.000067651735,74.9999221952662,4.45327083791299e-05,2.62460813765353e-05,1.56920949054637e-05
0.15015015015015,0.643893613929744,300.000024788652,100.000067114975,74.9999223755434,4.42289639255047e-05,2.60701367024264e-05,1.55885050899482e-05
0.16016016016016,0.796152056948001,300.000024754821,100.00006700125,74.9999224064704,4.41655345689686e-05,2.60334538472432e-05,1.55669387798951e-05
0.17017017017017,0.934004029025631,300.000024751758,100.000066990716,74.99992240852,4.4159762598352e-05,2.60301224713795e-05,1.55649837915563e-05
0.18018018018018,1.04949762418136,300.000024751117,100.000066988372,74.9999224085087,4.41585366393619e-05,2.60294188230964e-05,1.55645729587131e-05
0.19019019019019,1.13495241587133,300.000024743707,100.000066958623,74.999922400084,4.41440177275784e-05,2.60211587290719e-05,1.55597894402137e-05
0.2002002002002,1.18314390225263,300.000024733591,100.000066891275,74.9999223042522,4.41207259776843e-05,2.60086346904657e-05,1.55529300357055e-05
0.21021021021021,1.18744997032511,300.000024809407,100.000067013485,74.9999218156201,4.42455692318202e-05,2.60846192279585e-05,1.55996166561153e-05
0.22022022022022,1.1419596224015,300.000025283772,100.000068229585,74.9999201815877,4.50852932205538e-05,2.65811128653683e-05,1.58972916392261e-05
0.23023023023023,1.04154931816467,300.000026853197,100.000072643084,74.999916003247,4.79140071402516e-05,2.82419128933149e-05,1.68869402604824e-05
0.24024024024024,0.88193498518382,300.000030711053,100.000083944703,74.9999071543441,5.49257796184526e-05,3.23453882384278e-05,1.93251785022651e-05
0.25025025025025,0.659707943750674,300.00003855132,100.000107460569,74.999890887985,6.92461395651817e-05,4.07101521463344e-05,2.42870672304341e-05
0.26026026026026,0.372361232263144,300.00005242827,100.00014973884,74.9998641498785,9.46766613758643e-05,5.55456746654018e-05,3.30773941251645e-05
0.27027027027027,0.0183100095407773,300.000074477506,100.000217681428,74.9998240576078,0.000135181326504564,7.91531783487322e-05,4.70537333447914e-05
0.28028028028028,-0.403093204977494,300.000106544561,100.000317360885,74.9997684546338,0.000194199294995573,0.000113526208568133,6.73905579120862e-05
0.29029029029029,-0.891549958531733,300.000149797102,100.000452762602,74.999696419502,0.000273924506061969,0.000159932547507813,9.48326644905807e-05
0.3003003003003,-1.44581664807019,300.000204407386,100.000624732215,74.99960861281,0.000374712950403127,0.000218570849492899,0.000129492999063665
0.31031031031031,-2.06371736420463,300.00026938031,100.000830376881,74.9995073764346,0.000494758118605532,0.000288383418811467,0.000170742839234735
0.32032032032032,-2.74217057253198,300.000342572161,100.001063075421,74.9993965527365,0.000630119502235127,0.000367074146933896,0.000217223113829388
0.33033033033033,-3.47722995221131,300.000420903954,100.001313120762,74.9992810518963,0.000775112733158452,0.000451336294586729,0.00026697946551635
0.34034034034034,-4.26413821228252,300.000500731651,100.001568882441,74.9991662478689,0.000922992535137836,0.000537249899670451,0.000317697190206128
0.35035035035035,-5.09739158954849,300.000578303639,100.001818270355,74.999057315541,0.00106680004530339,0.00062077408091922,0.00036699187973522
0.36036036036036,-5.97081226800306,300.000650220796,100.002050227437,74.9989586275327,0.00120021746048583,0.000698243031609919,0.000412701943295248
0.37037037037037,-6.87762621438213,300.000713818458,100.00225598739,74.9988733097153,0.00131827988757942,0.000766778640732471,0.000453131692658821
0.38038038038038,-7.81054476195841,300.000767410334,100.00242989718,74.9988030166025,0.00141783229764822,0.000824554839306175,0.000487206796106643
0.39039039039039,-8.7618494077536,300.0008103657,100.002569703774,74.998747941269,0.0014976774093324,0.000870882435069473,0.000514523786453172
0.4004004004004,-9.723480356944,300.000843025335,100.002676315375,74.9987070298673,0.00155842373620233,0.000906119997029755,0.000535297010391068
0.41041041041041,-10.6871300101025,300.000866491116,100.002753144605,74.9986783370059,0.0016020979398218,0.000931448174463392,0.000550225152241172
0.42042042042042,-11.6443426018532,300.000882343292,100.002805205568,74.9986594409576,0.00163162141962964,0.000948565536866435,0.00056031163823358
0.43043043043043,-12.5866204813766,300.000892345307,100.002838158623,74.9986478386982,0.00165026229945457,0.000959370460534972,0.000566676984016482
0.44044044044044,-13.5055361812154,300.00089818888,100.00285747595,74.9986412579313,0.00166116098692035,0.000965685982967545,0.000570396626348055
0.45045045045045,-14.3928477314514,300.000901314966,100.002867847228,74.9986378509594,0.00166699591896547,0.000969066181303442,0.000572386923709118
0.46046046046046,-15.2406130428262,300.000902824189,100.002872873961,74.9986362659191,0.00166981532820442,0.000970698948729884,0.000573348034764163
0.47047047047047,-16.0412980349473,300.000903469269,100.002875031868,74.9986356168792,0.00167102155583688,0.000971397245051489,0.000573758946293379
0.48048048048048,-16.7878728707334,300.000903706592,100.002875829677,74.9986353900194,0.00167146580141373,0.000971654318095226,0.000573910164839528
0.49049049049049,-17.4738913353681,300.000903777415,100.002876069129,74.9986353264715,0.00167159854184522,0.000971731094952524,0.000573955308023049
0.500500500500501,-18.0935499830496,300.000903791181,100.002876115984,74.9986353150705,0.00167162438119036,0.000971746032042217,0.000573964086276483
0.510510510510511,-18.6417258548535,300.000903791744,100.002876117917,74.9986353146538,0.00167162544010495,0.000971746643739515,0.000573964445528024
0.520520520520521,-19.1139938924356,300.000903798201,100.002876140431,74.9986353109384,0.00167163762563706,0.000971753673579235,0.000573968569212096
0.530530530530531,-19.5066271714501,300.000903821822,100.002876224229,74.9986353017264,0.00167168237890373,0.000971779453523396,0.000573983671250669
0.540540540540541,-19.8165844069553,300.000903866798,100.002876388463,74.9986352984532,0.00167176816359075,0.000971828745351403,0.000574012480365272
0.550550550550551,-20.041489683302,300.00090392443,100.002876611241,74.9986353318499,0.00167187960103525,0.000971892452340523,0.000574049540511664
0.560560560560561,-20.179609074438,300.000903968756,100.002876813918,74.998635453099,0.0016719691530474,0.000971942832938847,0.000574078409560943
0.570570570570571,-20.2298279373464,300.000903957969,100.002876864071,74.9986357270249,0.00167195956018687,0.000971934959737994,0.000574072543051575
0.580580580580581,-20.1916314422284,300.000903842121,100.0028765994,74.9986362185583,0.0016717580211259,0.00097181497911651,0.000574000181726227
0.590590590590591,-20.0650896046221,300.000903574725,100.002875865075,74.998636976645,0.00167127769873237,0.000971532600488917,0.00057383172164657
0.600600600600601,-19.8508469084853,300.000903124529,100.002874552546,74.9986380205541,0.00167045966932331,0.000971053819351385,0.0005735472097835
0.610610610610611,-19.5501156805719,300.000902484005,100.002872628305,74.9986393324882,0.00166928883433039,0.000970370118695208,0.000573141753260878
0.620620620620621,-19.164671746907,300.000901672374,100.002870145249,74.9986408582641,0.00166779973565967,0.00096950180271013,0.00057262746359459
0.630630630630631,-18.6968505666775,300.000900732779,100.00286723494,74.9986425154732,0.00166607147171462,0.000968495006728853,0.000572031672262853
0.640640640640641,-18.1495419564687,300.000899724771,100.002864084318,74.9986442066686,0.0016642138823396,0.000967413649771436,0.000571392168715514
0.650650650650651,-17.526181630778,300.000898714324,100.002860903875,74.9986458341955,0.00166234907428992,0.00096632869712059,0.000570750859432461
0.660660660660661,-16.8307380326263,300.000897763847,100.00285789524,74.9986473133814,0.00166059286238971,0.000965307388665475,0.00057014741459009
0.670670670670671,-16.0676932562913,300.000896924212,100.002855224901,74.9986485817386,0.00165903991035511,0.000964404626293728,0.000569614194404056
0.680680680680681,-15.2420172281959,300.00089622993,100.002853007894,74.9986496032258,0.0016577546998516,0.000963657750933867,0.000569173178419312
0.690690690690691,-14.3591346784632,300.000895697591,100.002851301971,74.9986503680155,0.0016567685274586,0.000963084820038448,0.00056883496038827
0.700700700700701,-13.4248847816328,300.000895326767,100.002850109859,74.9986508892437,0.00165608110274948,0.00096268555338902,0.000568599315815122
0.710710710710711,-12.4454736562392,300.000895102126,100.002849385606,74.9986511986448,0.00165566441204768,0.000962443589631228,0.000568456540323898
0.720720720720721,-11.4274201818105,300.000894995484,100.002849040878,74.9986513427539,0.00165546648873095,0.000962328684217417,0.000568388751159118
0.730730730730731,-10.3774958156855,300.000894966945,100.002848948404,74.9986513806496,0.00165541349494113,0.000962297924338625,0.000568370607327777
0.740740740740741,-9.30265927144556,300.000894964936,100.002848941874,74.9986513832601,0.00165540976142177,0.000962295757753973,0.000568369329630507
0.750750750750751,-8.20998705835351,300.00089492565,100.00284881391,74.9986514333906,0.00165533673084823,0.000962253385686763,0.000568344345864546
0.760760760760761,-7.10660098069645,300.000894772927,100.002848315397,74.9986516251009,0.00165505269451057,0.000962088616902674,0.000568247208420483
0.770770770770771,-5.99959376143108,300.000894419727,100.002847160044,74.9986520610282,0.00165439551176947,0.000961707452425947,0.000568022532335414
0.780780780780781,-4.89595399004417,300.000893772152,100.002845037279,74.9986528467084,0.00165319005729915,0.000961008411173041,0.000567610548339852
0.790790790790791,-3.80249160365068,300.000892736353,100.002841634753,74.9986540817757,0.00165126106326762,0.000959889980704853,0.000566951495907794
0.800800800800801,-2.72576509605103,300.000891227911,100.002836669179,74.9986558488696,0.00164845059512224,0.000958260748728245,0.000565991592892661
0.810810810810811,-1.67201161407935,300.000889182523,100.002829921773,74.9986582019115,0.00164463799622037,0.000956050957907286,0.000564689839556086
0.820820820820821,-0.647081045791121,300.000886566292,100.002821272712,74.9986611558765,0.00163975912732433,0.00095322364290194,0.000563024571673925
0.830830830830831,0.343624867937186,300.000883383724,100.002810728384,74.9986646801824,0.00163382138144486,0.00094978331021732,0.000560998561597655
0.840840840840841,1.29520745707438,300.000879681788,100.002798435858,74.9986686973036,0.00162691137833976,0.000945780369177973,0.00055864161319012
0.850850850850851,2.20331924666882,300.000875549071,100.002784681277,74.9986730872382,0.0016191935350297,0.000941310272829931,0.000556010039510692
0.860860860860861,3.06420457696638,300.0008711142,100.002769885852,74.9986776929785,0.00161090725829097,0.000936511858916241,0.000553185668627587
0.870870870870871,3.87473242962378,300.00086653452,100.002754569384,74.9986823360876,0.0016023459556147,0.00093155516190543,0.000550268651830041
0.880880880880881,4.63242283258944,300.000861903661,100.002739041567,74.9986869117055,0.00159368427371192,0.000926541381219812,0.000547318590205407
0.890890890890891,5.33547560752172,300.000857306494,100.002723584471,74.998691327929,0.00158508062081953,0.000921562284028016,0.000544389517613971
0.900900900900901,5.9827124067996,300.000852832568,100.002708496808,74.998695491585,0.00157670230764415,0.000916714757994306,0.000541538463396969
0.910910910910911,6.57346957057086,300.000848563357,100.002694051858,74.9986993225311,0.0015687017429737,0.000912087020577771,0.000538817331875859
0.920920920920921,7.1075727070796,300.000844569506,100.002680488202,74.9987027561435,0.00156121126938415,0.000907755632218381,0.000536271146277477
0.930930930930931,7.58531319773921,300.000840908822,100.002668002805,74.9987057447313,0.00155433939056579,0.000903783317416686,0.00053393676927141
0.940940940940941,8.00742172516947,300.000837625125,100.002656746903,74.998708257958,0.00154816858043343,0.000900217702820527,0.000531842163808873
0.950950950950951,8.37504031081376,300.000834747937,100.002646824702,74.9987102823169,0.00154275468213173,0.000897090976523471,0.000530006196476414
0.960960960960961,8.68969316961369,300.000832292925,100.002638294569,74.9987118198335,0.00153812769517312,0.000894420351206789,0.000528438913998263
0.970970970970971,8.95325664662228,300.000830262943,100.00263117224,74.9987128861931,0.00153429369000156,0.00089220917970776,0.000527142203524678
0.980980980980981,9.16792847801312,300.000828649515,100.002625435548,74.9987135084966,0.00153123755832616,0.000890448553780396,0.000526110736912558
0.990990990990991,9.3361965930752,300.000827434614,100.002621030143,74.9987137228337,0.0015289263041181,0.000889119214926612,0.0005253330981519
1.001001001001,9.46080765427758,300.000826592569,100.002617875723,74.9987135718437,0.00152731259916886,0.000888193617287482,0.00052479299968854
1.01101101101101,9.54463563569794,300.000826098611,100.002615887376,74.9987130619768,0.00152634731038432,0.000887643934847258,0.000524474395736872
1.02102102102102,9.59002145156437,300.00082600985,100.002615166336,74.9987116362217,0.00152611529207004,0.000887524100917156,0.000524411581150679
1.03103103103103,9.58424864273823,300.000826432503,100.0026159341,74.9987092598983,0.00152682774160187,0.000887953620097436,0.000524673410905964
1.04104104104104,9.51320138960685,300.000827361328,100.002618396633,74.9987063751903,0.00152848660111779,0.000888931041291979,0.00052525766165267
1.05105105105105,9.37978367206734,300.000828735121,100.002622358833,74.9987030741505,0.0015309786890181,0.000890390565249622,0.000526125466417306
1.06106106106106,9.18703820437058,300.000830483679,100.002627595373,74.9986994574058,0.00153417396177502,0.000892256639875968,0.000527232223795903
1.07107107107107,8.93829488236778,300.000832530573,100.002633859496,74.9986956290315,0.00153793059809211,0.000894446923880293,0.000528529352744913
1.08108108108108,8.63719391378472,300.000834796848,100.002640894407,74.9986916908868,0.00154210186121159,0.000896876271943293,0.000529966644302361
1.09109109109109,8.28765058654548,300.000837204689,100.002648445408,74.9986877384515,0.00154654294151836,0.00089946070022953,0.000531494597356557
1.1011011011011,7.89382010590413,300.000839680627,100.002656270555,74.9986838574371,0.00155111693804529,0.000902120850679164,0.000533066458024405
1.11111111111111,7.46006158052597,300.000842158136,100.002664149396,74.9986801212966,0.001555699722122,0.000904784805576831,0.000534639875326419
1.12112112112112,6.99090127803113,300.000844579541,100.002671889477,74.9986765896838,0.0015601835184088,0.000907390157372602,0.000536178117429854
1.13113113113113,6.49099544454101,300.000846897208,100.002679330511,74.9986733078317,0.00156447915094079,0.00090988530391956,0.000537650831161179
1.14114114114114,5.9650929771065,300.000849074039,100.002686346283,74.998670306761,0.00156851700507299,0.000912229999133407,0.000539034362733928
1.15115115115115,5.41799823540313,300.000851083361,100.002692844519,74.9986676041814,0.00157224684056223,0.00091439523791456,0.000540311686378565
1.16116116116116,4.85453427423386,300.000852908294,100.00269876505,74.9986652059195,0.0015756366515214,0.000916362589157863,0.000541472008126919
1.17117117117117,4.27950677097798,300.000854540743,100.002704076679,74.9986631077013,0.00157867080375353,0.000918123110730781,0.000542510123766011
1.18118118118118,3.69766891238823,300.000855980125,100.002708773164,74.9986612971174,0.00158134769007039,0.000919675986049108,0.000543425613307024
1.19119119119119,3.11368749322036,300.00085723197,100.002712868717,74.9986597556231,0.00158367713303537,0.000921027015308998,0.000544221950392136
1.2012012012012,2.5321104652031,300.000858306497,100.002716393397,74.998658460448,0.0015856777371409,0.000922187078449909,0.00054490559560014
1.21121121121121,1.95733615893244,300.000859217245,100.00271938866,74.9986573863237,0.00158737435446757,0.000923170664851618,0.000545485129573843
1.22122122122122,1.39358438352214,300.000859979842,100.00272190331,74.9986565069694,0.00158879578504476,0.000923994539898504,0.000545970467216667
1.23123123123123,0.844869589405492,300.000860610939,100.00272398998,74.9986557963051,0.00158997279040804,0.000924676593754198,0.000546372179588099
1.24124124124124,0.314976258742541,300.000861127336,100.002725702221,74.9986552293857,0.00159093646006136,0.000925234895199508,0.000546700936874301
1.25125125125125,-0.192563334337923,300.000861545298,100.002727092223,74.9986547830708,0.0015917169382078,0.00092568695464514,0.000546967074772799
1.26126126126126,-0.674488874677347,300.000861880063,100.002728209129,74.9986544364569,0.0015923424934081,0.000926049186127675,0.000547180278212726
1.27127127127127,-1.12782917319252,300.00086214551,100.002729097899,74.9986541711063,0.00159283889683814,0.000926336548272328,0.000547349370555894
1.28128128128128,-1.54991667950249,300.00086235397,100.002729798636,74.9986539711131,0.00159322906479153,0.000926562338419851,0.000547482193028235
1.29129129129129,-1.93839929387337,300.000862516151,100.002730346297,74.9986538230429,0.00159353291676498,0.000926738111641548,0.000547585557686793
1.3013013013013,-2.29124945645652,300.000862641161,100.002730770705,74.9986537157822,0.00159376740043954,0.00092687369637395,0.000547665257243565
1.31131131131131,-2.60677051540097,300.00086273658,100.002731096777,74.9986536403308,0.00159394663776133,0.000926977280099153,0.000547726116075731
1.32132132132132,-2.88360039816774,300.000862808591,100.002731344896,74.9986535895624,0.00159408215098926,0.000927055541215499,0.000547772068361602
1.33133133133133,-3.12071263201451,300.000862862122,100.002731531375,74.9986535579768,0.00159418313316765,0.000927113806496115,0.000547806251204516
1.34134134134134,-3.31741477994816,300.000862901002,100.002731668937,74.9986535414612,0.00159425673344738,0.000927156217000267,0.000547831102654692
1.35135135135135,-3.47334437730249,300.000862928109,100.002731767204,74.9986535370724,0.0015943083337043,0.000927185888802189,0.000547848456604585
1.36136136136136,-3.58846247137241,300.000862945509,100.002731833121,74.9986535428494,0.00159434179882913,0.000927205058341576,0.000547859628562347
1.37137137137137,-3.66304488215227,300.000862954565,100.002731871331,74.9986535576606,0.00159435968880103,0.000927215205529527,0.000547865488271267
1.38138138138138,-3.69767131614752,300.000862956032,100.002731884468,74.9986535810862,0.00159436342613344,0.000927217150919621,0.000547866517014972
1.39139139139139,-3.69321247744967,300.000862950117,100.002731873368,74.9986536133346,0.00159435341739372,0.000927211126217513,0.000547862849194201
1.4014014014014,-3.65081533080304,300.000862936527,100.002731837208,74.9986536551864,0.00159432913211399,0.0009271968200768,0.000547854299335749
1.41141141141141,-3.5718866802842,300.000862914488,100.002731773578,74.9986537079606,0.00159428914637788,0.000927173403425616,0.000547840377045749
1.42142142142142,-3.45807523451073,300.000862882759,100.002731678518,74.9986537734922,0.00159423116153988,0.000927139540403074,0.000547820293498196
1.43143143143143,-3.31125233505169,300.000862839632,100.002731546519,74.9986538541143,0.00159415201079519,0.00092709339229061,0.000547792963816409
1.44144144144144,-3.13349152898957,300.000862782941,100.002731370539,74.9986539526333,0.00159404766760159,0.000927032622561752,0.000547757010137203
1.45145145145145,-2.92704716944655,300.000862710074,100.002731142036,74.9986540722883,0.00159391327024435,0.000926954411335665,0.000547710770239817
1.46146146146146,-2.69433222939929,300.000862617999,100.002730851057,74.9986542166872,0.00159374317615745,0.000926855487121386,0.000547652316383776
1.47147147147147,-2.43789551432985,300.000862503323,100.0027304864,74.9986543897137,0.00159353105802726,0.000926732182813747,0.000547579488451367
1.48148148148148,-2.16039845825711,300.000862362368,100.002730035868,74.9986545953989,0.00159327005127507,0.000926580521488516,0.000547489944654961
1.49149149149149,-1.86459168552364,300.000862191282,100.002729486619,74.9986548377583,0.00159295295931584,0.00092639633568545,0.000547381231971892
1.5015015015015,-1.55329151743622,300.000861986183,100.002728825627,74.9986551205934,0.00159257251909874,0.000926175421608307,0.000547250877136435
1.51151151151151,-1.22935659853306,300.000861743333,100.002728040254,74.9986554472634,0.00159212172494497,0.000925913727065801,0.000547096497482396
1.52152152152152,-0.895664811932838,300.000861459339,100.0027271189,74.9986558204338,0.00159159420374707,0.000925607569106241,0.000546915929237649
1.53153153153153,-0.555090646968712,300.000861131377,100.002726051742,74.9986562418125,0.00159098462938301,0.000925253874278642,0.000546707369093166
1.54154154154154,-0.210483175177503,300.000860757424,100.002724831502,74.9986567118876,0.00159028915901676,0.000924850431452275,0.000546469523102542
1.55155155155155,0.135355217241438,300.000860336496,100.002723454228,74.9986572296823,0.00158950586918558,0.000924396144365453,0.000546201755343889
1.56156156156156,0.479689201108732,300.000859868858,100.002721920031,74.9986577925442,0.00158863516566964,0.000923891268818242,0.00054590422745056
1.57157157157157,0.819869850138601,300.000859356223,100.002720233723,74.9986583959885,0.00158768013859977,0.000923337617960563,0.000545578019260046
1.58158158158158,1.15335284115,300.000858801891,100.002718405327,74.9986590336107,0.00158664683356126,0.000922738718733818,0.00054522522060442
1.59159159159159,1.47771539945892,300.000858210831,100.002716450372,74.9986596970848,0.0015855444109859,0.000922099903425316,0.00054484898480306
1.6016016016016,1.79067189153469,300.000857589694,100.002714389973,74.998660376258,0.00158438517011567,0.00092142832262061,0.00054445353579497
1.61161161161161,2.09008797872347,300.000856946744,100.002712250626,74.9986610593463,0.0015831844202708,0.000920732869588371,0.00054404412306303
1.62162162162162,2.37399325797782,300.000856291694,100.00271006373,74.9986617332325,0.00158196019079784,0.000920024011151468,0.000543626921464157
1.63163163163163,2.64059232801541,300.000855635466,100.002707864813,74.9986623838564,0.00158073278137458,0.000919313526074925,0.00054320887660373
1.64164164164164,2.88827423208815,300.000854989867,100.002705692511,74.998662996684,0.0015795241655323,0.000918614158485762,0.000542797500213694
1.65165165165165,3.11562024149839,300.000854367207,100.002703587309,74.9986635572321,0.00157835727137348,0.000917939200281153,0.000542400623787026
1.66166166166166,3.32140995706789,300.000853779855,100.002701590127,74.9986640516239,0.00157725517349039,0.000917302022286054,0.000542026122136854
1.67167167167167,3.50462571886101,300.000853239787,100.002699740817,74.9986644671423,0.00157624023804229,0.00091671557851855,0.000541681621250355
1.68168168168168,3.66445532749238,300.000852758127,100.002698076644,74.9986647927508,0.00157533326799404,0.000916191910830159,0.000541374206512936
1.69169169169169,3.80029309321763,300.00085234471,100.002696630853,74.9986650195514,0.00157455269708568,0.000915741682078026,0.000541110147892725
1.7017017017017,3.91173924161245,300.00085200771,100.002695431391,74.9986651411503,0.0015739138789458,0.000915373764717089,0.00054089465791786
1.71171171171171,3.99859771689289,300.000851753327,100.002694499868,74.998665153913,0.00157342851200499,0.000915094908345409,0.000540731696292957
1.72172172172172,4.06087243571613,300.000851585575,100.002693850798,74.9986650570919,0.00157310423198638,0.000914909504573263,0.000540623831951458
1.73173173173173,4.09876205552931,300.000851506164,100.002693491181,74.9986648528226,0.00157294439252892,0.000914819461070302,0.000540572169495242
1.74174174174174,4.11265333210797,300.000851514494,100.002693420422,74.99866454599,0.00157294804193223,0.00091482418935359,0.000540576342673536
1.75175175175175,4.10311315075578,300.000851607746,100.002693630591,74.9986641439778,0.0015731100912011,0.000914920703451605,0.00054063457317622
1.76176176176176,4.07087932463785,300.000851781071,100.002694106996,74.9986636563171,0.00157342165659916,0.000915103819645119,0.00054074378893326
1.77177177177177,4.01685026181744,300.00085202785,100.002694829014,74.9986630942594,0.00157387054975456,0.000915366441600633,0.000540899792649116
1.78178178178178,3.94207360969032,300.000852340027,100.002695771139,74.9986624702999,0.00157444188073423,0.000915699910803382,0.000541097468709946
1.79179179179179,3.847733991608,300.000852708469,100.00269690415,74.9986617976809,0.00157511873487512,0.000916094399528454,0.000541331015036983
1.8018018018018,3.73513995550405,300.000853123349,100.002698196362,74.9986610899005,0.00157588288267901,0.000916539322745345,0.000541594185970986
1.81181181181181,3.60571025825331,300.000853574526,100.00269961486,74.998660360253,0.0015767154835939,0.000917023746245557,0.000541880532807692
1.82182182182182,3.46095961228113,300.000854051897,100.002701126676,74.9986596214201,0.00157759774861386,0.000917536770678788,0.000542183630023206
1.83183183183183,3.30248402258925,300.000854545717,100.002702699836,74.9986588851295,0.00157851153273672,0.00091806787473507,0.000542497277326974
1.84184184184184,3.13194584288172,300.000855046865,100.002704304264,74.9986581618887,0.00157943983571903,0.000918607205008578,0.000542815670216918
1.85185185185185,2.95105867887268,300.000855547056,100.002705912495,74.9986574607996,0.00158036719752802,0.000919145804698262,0.000543133534435648
1.86186186186186,2.76157226516664,300.000856038994,100.002707500192,74.998656789452,0.00158127998272279,0.000919675777842962,0.000543446222403924
1.87187187187187,2.565257439359,300.000856516459,100.002709046478,74.9986561538902,0.00158216655512301,0.00092019038991821,0.000543749772139931
1.88188188188188,2.36389133325922,300.000856974349,100.002710534082,74.9986555586446,0.00158301735010806,0.000920684109087702,0.000544040931212929
1.89189189189189,2.15924289644885,300.000857408667,100.002711949324,74.9986550068163,0.00158382485646454,0.000921152595049116,0.000544317149836316
1.9019019019019,1.95305886181806,300.000857816469,100.00271328197,74.9986545002041,0.00158458352275985,0.000921592644181085,0.000544576548242858
1.91191191191191,1.74705025635037,300.00085819578,100.002714524973,74.9986540394589,0.00158528960480216,0.000922002100608824,0.000544817864017655
1.92192192192192,1.54287955332596,300.000858545491,100.002715674147,74.9986536242558,0.00158594097100706,0.000922379742949534,0.000545040385145498
1.93193193193193,1.34214855437148,300.00085886524,100.002716727782,74.9986532534731,0.00158653688165858,0.000922725156010264,0.00054524387423813
1.94194194194194,1.14638708148841,300.000859155281,100.002717686246,74.9986529253679,0.00158707775640263,0.000923038595748898,0.000545428488837418
1.95195195195195,0.957042550430829,300.000859416366,100.002718551574,74.9986526377427,0.00158756494212344,0.000923320854537152,0.000545594701938881
1.96196196196196,0.775470487669167,300.000859649622,100.002719327085,74.9986523880971,0.00158800049089408,0.000923573132335359,0.000545743226036467
1.97197197197197,0.602926043760418,300.000859856441,100.002720017018,74.9986521737616,0.00158838695518483,0.000923796917933663,0.000545874943131125
1.98198198198198,0.440556546338567,300.000860038382,100.00272062621,74.9986519920114,0.00158872720513808,0.000923993883036382,0.000545990842333436
1.99199199199199,0.289395126230334,300.000860197089,100.002721159815,74.9986518401597,0.00158902427060213,0.000924165790739494,0.000546091965967741
2.002002002002,0.150355440478485,300.000860334215,100.002721623068,74.9986517156318,0.0015892812088383,0.000924314418921048,0.000546179364478554
2.01201201201201,0.0244279427420207,300.000860449837,100.00272201761,74.9986516253849,0.0015894989245086,0.000924440124101808,0.000546253158754885
2.02202202202202,-0.0860929139305899,300.000860524904,100.00272230054,74.9986517022752,0.00158964672601212,0.000924524057359859,0.00054630168221844
2.03203203203203,-0.148743056158877,300.000860531104,100.002722405191,74.9986519508654,0.00158966853332162,0.000924534441893832,0.000546306601927301
2.04204204204204,-0.129874446381577,300.000860463428,100.002722266077,74.9986522845034,0.00158955264610988,0.000924465016354261,0.000546264505691576
2.05205205205205,-0.0306048850196986,300.000860319325,100.00272187804,74.9986527157907,0.00158929468669188,0.000924313160111885,0.000546173805491323
2.06206206206206,0.147697245742269,300.000860088559,100.002721209958,74.9986532643275,0.00158887588296807,0.000924067924809647,0.000546028015701513
2.07207207207207,0.403084110664196,300.000859753019,100.002720204728,74.9986539589428,0.0015882627985157,0.000923709860241163,0.000545815641128842
2.08208208208208,0.732953884262279,300.000859285774,100.002718776345,74.9986548391891,0.0015874055768036,0.000923209994144981,0.000545519574670792
2.09209209209209,1.13409191560227,300.000858649768,100.002716805561,74.9986559567552,0.00158623550303757,0.000922528419830356,0.000545116265725213
2.1021021021021,1.60271345102417,300.000857796232,100.002714134605,74.9986573770852,0.00158466204729734,0.000921612584151918,0.000544574712607784
2.11211211211211,2.13450972285409,300.000856662951,100.002710561321,74.9986591810149,0.00158256960781373,0.000920395403135095,0.00054385535421135
2.12212212212212,2.72469723514204,300.000855172518,100.002705833235,74.9986614662069,0.00157981423836754,0.000918793370211004,0.000542908958274319
2.13213213213213,3.36806974527565,300.000853230789,100.002699642189,74.998664348112,0.00157622073707058,0.000916704876062858,0.000541675635449872
2.14214214214214,4.05905244212696,300.000850725805,100.00269162042,74.9986679601184,0.00157158059011765,0.000914009026458045,0.000540084148028055
2.15215215215215,4.79175781604157,300.000847527509,100.00268133917,74.998672452486,0.00156565138915067,0.000910565316797686,0.000538051724722236
2.16216216216216,5.56004271396278,300.000843488647,100.002668311112,74.9986779896258,0.00155815844821364,0.000906214584106039,0.000535484629330897
2.17217217217217,6.35756607507142,300.000838447279,100.002651997981,74.9986847452864,0.00154879939967483,0.000900781687794701,0.000532279748940221
2.18218218218218,7.17784684840108,300.000832231282,100.002631824747,74.9986928952893,0.00153725250834227,0.000894080346824026,0.000528327453129955
2.19219219219219,8.01432160386048,300.000824665155,100.002607201377,74.9987026076161,0.00152318927520052,0.000885920463121924,0.000523515917785841
2.2022022022022,8.8604013618428,300.000815579262,100.002577552694,74.998714029902,0.00150629158777739,0.000876118078378633,0.000517736999204511
2.21221221221221,9.70952718397692,300.000804821393,100.002542356052,74.9987272747237,0.00148627321740706,0.000864507846197535,0.000510893587770031
2.22222222222222,10.5552240884024,300.000792270235,100.002501185535,74.9987424034409,0.00146290489677287,0.000850957572795946,0.000502908176682018
2.23223223223223,11.3911528770278,300.00077784999,100.002453760305,74.998759409729,0.00143604159372428,0.000835384021668343,0.000493732170482823
2.24224224224224,12.2111594893359,300.000761545099,100.002399993684,74.9987782042564,0.00140565001058456,0.000817768837921493,0.000483355258227163
2.25225225225225,13.0093215271705,300.000743413739,100.002340038673,74.9987986021575,0.00137183387367338,0.00079817317951477,0.000471814018378021
2.26226226226226,13.779991627315,300.000723598672,100.002274325187,74.9988203149918,0.00133485432356901,0.000776749496360193,0.000459198836902712
2.27227227227227,14.5178373932336,300.000702333997,100.002203584232,74.9988429487093,0.00129514274195539,0.000753748914184812,0.000445658230113672
2.28228228228228,15.2178776337848,300.000679946589,100.00212885487,74.9988660087801,0.00125330369286233,0.000729522879612195,0.000431399782070396
2.29229229229229,15.8755146946696,300.000656851315,100.002051470898,74.9988889130894,0.00121010631071717,0.000704518103596449,0.000416687131280723
2.3023023023023,16.4865627074756,300.000633539655,100.001973025779,74.9989110125176,0.0011664633868237,0.00067926437411617,0.000401832756411285
2.31231231231231,17.0472716210414,300.000610561922,100.001895316298,74.9989316183758,0.00112339850146921,0.000654355444635439,0.000387186685455503
2.32232232232232,17.5543469200671,300.000588503892,100.001820267425,74.9989500351486,0.00108200270284902,0.000630423873774501,0.000373121646910084
2.33233233233233,18.0049649760528,300.000567959256,100.001749842818,74.9989655963792,0.00104338331390833,0.000608111317072359,0.00036001554969345
2.34234234234234,18.3967840153254,300.000549499736,100.001685946964,74.998977701114,0.00100860832492206,0.000588036278859256,0.000348232476746791
2.35235235235235,18.727950727732,300.00053364506,100.001630326013,74.9989858481383,0.000978650395109505,0.000570761658552408,0.000338103568700927
2.36236236236236,18.9971025771548,300.000520835019,100.001584474718,74.9989896653318,0.000954334668605109,0.000556764529443098,0.000329909234184469
2.37237237237237,19.2033659109836,300.000511405765,100.001549556557,74.9989889318231,0.000936294382030985,0.000546410453998606,0.000323864043401915
2.38238238238238,19.3463499997634,300.000505572132,100.001526343075,74.9989835912123,0.000924937624913647,0.000539934280910462,0.000320105449319342
2.39239239239239,19.426137170126,300.00050341727,100.001515176851,74.998973754878,0.000920427677766552,0.000537428824897104,0.000318687159420154
2.4024024024024,19.4432692235953,300.000504890271,100.001515960525,74.9989596952206,0.000922678199152617,0.000538842160655912,0.000319577585983611
2.41241241241241,19.3987303607051,300.00050981177,100.001528172089,74.9989418295191,0.00093136328765298,0.000543983540023508,0.000322663377052925
2.42242242242242,19.293926853955,300.000517886892,100.001550904524,74.9989206958224,0.000945941238272782,0.000552537242231313,0.000327757618419076
2.43243243243243,19.1306637342971,300.000528724321,100.001582926021,74.9988969228674,0.000965689765850652,0.000564083060911215,0.00033461194013821
2.44244244244244,18.911118774026,300.000541859867,100.001622755551,74.998871196392,0.000989749676719833,0.000578121673891063,0.000342931492076256
2.45245245245245,18.6378140640528,300.000556782658,100.001668747698,74.9988442243391,0.00101717349640584,0.000594102868747953,0.000352391592828246
2.46246246246246,18.3135854955625,300.000572961994,100.001719180386,74.9988167033599,0.00104697542898424,0.000611454521993039,0.000362654812923232
2.47247247247247,17.9415504649489,300.000589873036,100.001772339433,74.9987892887251,0.00107817921800809,0.000629610343875969,0.00037338732124844
2.48248248248248,17.5250741267396,300.000607019739,100.001826594647,74.9987625693045,0.00110986095164278,0.000648034676151775,0.000384273486555975
2.49249249249249,17.067734521977,300.000623953821,100.001880463365,74.9987370487261,0.00114118453336618,0.000666243024640567,0.000395027958885953
2.5025025025025,16.5732869093064,300.000640288967,100.001932658715,74.9987131332452,0.00117142833816066,0.000683817472026617,0.000405404729254907
2.51251251251251,16.045627622921,300.000655709948,100.001982121347,74.9986911262939,0.00120000240389917,0.000700416597679588,0.000415202949716298
2.52252252252252,15.4887577756367,300.000669978555,100.002028040651,74.9986712266482,0.00122645969038313,0.00071578195949358,0.000424270728382432
2.53253253253253,14.9067470594814,300.000682948702,100.002069905359,74.9986535133026,0.00125052433058801,0.000729754449033687,0.00043251475371573
2.54254254254254,14.3036973945447,300.000694486228,100.00210724578,74.9986380581816,0.00127194294308241,0.000742187932547991,0.000439849326549106
2.55255255255255,13.6837026043664,300.000704442834,100.002139548651,74.9986249600457,0.00129043626900987,0.000752921173956198,0.000446179796085548
2.56256256256256,13.0508202039486,300.000712782754,100.002166668874,74.9986141786256,0.00130593438863804,0.000761914362544445,0.000451483090150852
2.57257257257257,12.4091246531836,300.000719548592,100.002188719197,74.9986055801446,0.00131851331191059,0.000769212303144076,0.00045578600052915
2.58258258258258,11.7626880443556,300.000724846865,100.002206023623,74.9985989588301,0.00132836824632551,0.000774928872707697,0.000459156000323357
2.59259259259259,11.1155281051239,300.000728832619,100.002219068413,74.998594059803,0.00133578513491673,0.000779230478444754,0.000461691475386634
2.6026026026026,10.4715605168946,300.000731692091,100.002228446108,74.9985906026807,0.0013411084786636,0.000782317375790395,0.000463510702124982
2.61261261261261,9.83455416002491,300.00073362555,100.002234799615,74.9985883033674,0.00134470943199926,0.00078440515875949,0.000464740934335952
2.62262262262262,9.20808957651554,300.000734831911,100.002238771646,74.9985868922926,0.00134695714518466,0.000785708145447136,0.000465508613488877
2.63263263263263,8.59552114114293,300.000735496278,100.002240963394,74.9985861280183,0.0013481955149269,0.000786425909217694,0.000465931437954212
2.64264264264264,7.99994332054774,300.000735781064,100.002241904707,74.9985858058141,0.00134872656598071,0.000786733661215033,0.000466112705228944
2.65265265265265,7.42416131232623,300.000735820834,100.002242036361,74.9985857614175,0.00134880075081747,0.00078677664721334,0.00046613802139759
2.66266266266266,6.87066627266222,300.000735720587,100.002241703615,74.9985858706695,0.00134861365071809,0.000786668256181097,0.000466074197866971
2.67267267267267,6.34161526122865,300.000735556872,100.002241159172,74.9985860460124,0.0013483079742029,0.000786491198016748,0.000465969955477293
2.68268268268268,5.83881595712828,300.000735380974,100.002240573051,74.9985862309528,0.0013479794146322,0.000786300915064855,0.000465857942903349
2.69269269269269,5.36371613010436,300.000735223337,100.002240046717,74.9985863935486,0.00134768484094386,0.000786130341931963,0.000465757547198062
2.7027027027027,4.91739778736408,300.000735098473,100.002239628958,74.9985865198175,0.00134745141235116,0.000785995196613079,0.000465678015082195
2.71271271271271,4.50057585805575,300.000735009745,100.002239331483,74.9985866077358,0.00134728546725284,0.00078589913689888,0.000465621492827144
2.72272272272272,4.11360122444688,300.000734953576,100.002239142773,74.9985866622437,0.00134718037002115,0.000785838309665004,0.000465585706846689
2.73273273273273,3.756467860795,300.000734922844,100.002239039309,74.9985866914411,0.00134712284387134,0.000785805020513311,0.000465566124945357
2.74274274274274,3.42882379742283,300.000734909376,100.002238993878,74.9985867039673,0.00134709762494212,0.000785790429126827,0.000465557542962589
2.75275275275275,3.12998558837097,300.000734905579,100.002238981043,74.9985867074277,0.00134709051147093,0.000785786313953009,0.000465555122925719
2.76276276276276,2.85895592616722,300.000734905328,100.002238980191,74.9985867076529,0.00134709004016136,0.000785786041331358,0.000465554962620885
2.77277277277277,2.61444401695031,300.000734904294,100.002238976683,74.998586708555,0.00134708810232853,0.000785784920614094,0.000465554303727654
2.78278278278278,2.39488830389479,300.000734899882,100.00223896169,74.9985867123557,0.00134707982844169,0.00078578013592232,0.000465551490914187
2.79279279279279,2.19848110730212,300.00073489093,100.002238931243,74.9985867200016,0.00134706303982679,0.000785770427718089,0.000465545783919863
2.8028028028028,2.02319473669756,300.000734877317,100.002238884931,74.9985867316251,0.00134703750984603,0.0007857556645515,0.000465537105261725
2.81281281281281,1.86680862467769,300.000734859556,100.002238824553,74.9985867469611,0.00134700421056796,0.000785736406855467,0.000465525783499276
2.82282282282282,1.72693703488893,300.000734838449,100.002238752936,74.9985867656677,0.00134696465710292,0.000785713527643027,0.00046551233017661
2.83283283283283,1.60105690798066,300.000734814815,100.002238673029,74.9985867875339,0.00134692040785893,0.000785687923720125,0.000465497270162076
2.84284284284284,1.48653542997058,300.000734789322,100.002238587294,74.9985868125776,0.00134687273810752,0.000785660327366422,0.000465481031181215
2.85285285285285,1.38065693711353,300.000734762398,100.002238497396,74.9985868410519,0.00134682247640097,0.000785631212326671,0.000465463888864942
2.86286286286286,1.28064880961097,300.000734734221,100.002238404132,74.9985868733846,0.00134676997664883,0.000785600778286987,0.000465445957955674
2.87287287287287,1.18370605245434,300.000734704754,100.002238307542,74.9985869100762,0.00134671519043623,0.000785568993268978,0.000465427217535092
2.88288288288288,1.08701431411774,300.000734673823,100.002238207142,74.9985869515841,0.00134665780194967,0.000785535672112286,0.000465407557405274
2.89289289289289,0.987771151138463,300.000734641201,100.002238102205,74.9985869982111,0.0013465973897143,0.000785500570299032,0.000465386833402336
2.9029029029029,0.883205407056279,300.000734606694,100.002237992042,74.9985870500202,0.00134653358390753,0.000785463475032271,0.000465364920995744
2.91291291291291,0.770594635760482,300.000734570208,100.002237876238,74.9985871067841,0.00134646619445661,0.000785424279226561,0.000465341758739551
2.92292292292292,0.647280560001072,300.00073453179,100.002237754803,74.9985871679774,0.00134639529285192,0.000785383028555592,0.000465317375790076
2.93293293293293,0.510682613614589,300.000734491647,100.002237628235,74.9985872328114,0.00134632123903406,0.000785339936591928,0.000465291900588664
2.94294294294294,0.358309668945642,300.000734450123,100.002237497486,74.9985873003062,0.00134624465313368,0.000785295367957889,0.000465265550686783
2.95295295295295,0.187770097167875,300.000734407662,100.002237363834,74.9985873693895,0.00134616633940807,0.000785249793789448,0.000465238606271728
2.96296296296296,-0.00321965290985232,300.000734364745,100.002237228706,74.9985874390107,0.00134608717550854,0.000785203727164986,0.000465211371921381
2.97297297297297,-0.216827743821963,300.000734321823,100.002237093454,74.998587508256,0.00134600798340053,0.000785157647987949,0.000465184132193179
2.98298298298298,-0.455100675133071,300.000734279242,100.002236959128,74.9985875764524,0.0013459293982729,0.000785111926807088,0.000465157106641953
2.99299299299299,-0.719957808871594,300.00073423718,100.002236826273,74.9985876432537,0.00134585174844025,0.000785066755110536,0.000465130408705714
3.003003003003,-1.01318646353371,300.000734195594,100.002236694739,74.9985877087053,0.00134577495285509,0.000785022085912315,0.00046510401070009
3.01301301301301,-1.33533658921428,300.000734155209,100.002236566361,74.9985877663152,0.00134569996230472,0.000784978557960544,0.000465078335463444
3.02302302302302,-1.6793938402936,300.00073411906,100.002236445683,74.9985878005803,0.00134563224036327,0.000784939381034437,0.000465055296706417
3.03303303303303,-1.99595027363519,300.000734088876,100.002236342814,74.9985878253899,0.0013455755813231,0.000784906628192226,0.000465036048651238
3.04304304304304,-2.27610456841273,300.000734065464,100.002236262537,74.9985878431242,0.00134553157605308,0.000784881203373143,0.000465021114164485
3.05305305305305,-2.51957889503941,300.000734048829,100.002236205026,74.9985878543072,0.00134550025077181,0.000784863116984251,0.00046501049683317
3.06306306306306,-2.72615737331102,300.000734038154,100.002236167711,74.9985878602576,0.00134548009874991,0.000784851492384709,0.00046500367846947
3.07307307307307,-2.89588042111573,300.000734032193,100.002236146551,74.9985878625949,0.00134546880851867,0.000784844988195856,0.000464999868013791
3.08308308308308,-3.02904596791851,300.000734029498,100.00223613675,74.9985878629466,0.00134546367528291,0.000784842037075683,0.000464998142362331
3.09309309309309,-3.12619630657414,300.000734028658,100.002236133559,74.998587862652,0.00134546205845696,0.000784841111024035,0.000464997602716028
3.1031031031031,-3.18810403222742,300.000734028547,100.002236133096,74.9985878624887,0.00134546183970002,0.000784840986786148,0.000464997530885931
3.11311311311311,-3.215756716616,300.000734028548,100.002236133086,74.9985878624442,0.00134546184020105,0.000784840987454722,0.000464997531480627
3.12312312312312,-3.21034060642726,300.000734028735,100.002236133479,74.9985878615547,0.00134546216177871,0.000784841179755438,0.000464997647902718
3.13313313313313,-3.17322364827068,300.000734029997,100.002236136887,74.9985878578218,0.00134546442410115,0.000784842510998134,0.00046499844273679
3.14314314314314,-3.10593812623233,300.000734034102,100.002236148806,74.9985878482142,0.00134547187980225,0.000784846875173447,0.000465001036353988
3.15315315315315,-3.01016317225476,300.000734043681,100.002236177607,74.9985878287548,0.00134548939950713,0.000784857103611417,0.000465007101057475
3.16316316316316,-2.8877073759866,300.000734062157,100.002236234306,74.9985877946846,0.00134552332882117,0.000784876881438343,0.000465018811521291
3.17317317317317,-2.74049168249288,300.0007340936,100.002236332118,74.9985877406942,0.00134558122834579,0.000784910596286108,0.000465038755347015
3.18318318318318,-2.57053272637434,300.000734142533,100.00223648584,74.9985876612051,0.00134567151513109,0.000784963129960588,0.000465069810064404
3.19319319319319,-2.37992671207472,300.0007342137,100.002236711097,74.998587550684,0.00134580302928791,0.000785039606846827,0.0004651149947072
3.2032032032032,-2.17083391457347,300.000734311807,100.002237023494,74.9985874039713,0.00134598455263931,0.000785145114650498,0.000465177305164009
3.21321321321321,-1.94546384376724,300.000734441252,100.002237437737,74.9985872166043,0.00134622430739942,0.000785284413708774,0.000465259542872914
3.22322322322322,-1.70606109052878,300.00073460586,100.002237966754,74.9985869851193,0.00134652946219508,0.000785461650706093,0.000465364146190115
3.23323323323323,-1.45489185303566,300.000734808639,100.002238620876,74.998586707316,0.00134690567066367,0.000785680091416946,0.000465493033044457
3.24324324324324,-1.19423112836869,300.000735051556,100.002239407108,74.9985863824722,0.00134735666477988,0.000785941885306317,0.000465647462431439
3.25325325325325,-0.926350546124343,300.000735335366,100.002240328522,74.9985860114995,0.00134788392137841,0.000786247872678107,0.000465827921037102
3.26326326326326,-0.65350681716478,300.000735659478,100.002241383813,74.9985855970319,0.00134848641639459,0.00078659744277189,0.000466034039931541
3.27327327327327,-0.377930770801715,300.000736021877,100.002242567014,74.9985851434441,0.00134916047740863,0.000786988448924808,0.000466264544925408
3.28328328328328,-0.101816956786462,300.000736419104,100.002243867402,74.998584656796,0.0013498997413399,0.000787417184746646,0.000466517242904445
3.29329329329329,0.172686206418815,300.000736846295,100.002245269594,74.9985841447064,0.00135069522070301,0.000787878423264816,0.000466789045283683
3.3033033033033,0.443485749292441,300.000737297274,100.002246753837,74.9985836161544,0.00135153547874951,0.000788365519205723,0.000467076028668153
3.31331331331331,0.708552940206113,300.000737764708,100.002248296477,74.9985830812169,0.00135240691106617,0.000788870572983742,0.000467373531867289
3.32332332332332,0.965931544328671,300.000738240311,100.002249870622,74.9985825507432,0.00135329412874139,0.000789384653543568,0.000467676287570606
3.33333333333333,1.21374554497542,300.000738715107,100.002251446963,74.9985820359764,0.00135418043598444,0.000789898075911824,0.000467978586232706
3.34334334334334,1.45020631468194,300.000739179731,100.00225299475,74.9985815481294,0.00135504839303162,0.000790400728125652,0.000468274469016023
3.35335335335335,1.67361921925851,300.000739624786,100.002254482949,74.9985810979087,0.00135588047818406,0.00079088245552666,0.000468557954477985
3.36336336336336,1.88238958928274,300.000740041235,100.002255881524,74.9985806950143,0.00135665982094977,0.00079133348607031,0.000468823289315229
3.37337337337337,2.07502757702773,300.000740420605,100.002257162084,74.9985803478743,0.0013573705756934,0.00079174464712287,0.000469065076196774
3.38338338338338,2.25014842622448,300.000740756563,100.002258303178,74.9985800619847,0.00135800086069669,0.000792109068708233,0.000469279276993166
3.39339339339339,2.4064797077114,300.000741045572,100.00225929241,74.9985798390891,0.00135854398602943,0.000792422894363529,0.000469463631094337
3.4034034034034,2.54293669504237,300.000741286503,100.002260125302,74.9985796782016,0.00135899775743211,0.00079268487237944,0.000469617411806873
3.41341341341341,2.65865056617246,300.000741480065,100.002260803572,74.9985795766212,0.00135936342232444,0.000792895742322829,0.000469741063592977
3.42342342342342,2.75296941514567,300.000741628097,100.002261332823,74.9985795308497,0.00135964435082462,0.000793057469653746,0.000469835750717925
3.43343343343343,2.82545849452686,300.00074173286,100.002261720226,74.9985795374121,0.00135984472473635,0.000793172485773191,0.000469902909528247
3.44344344344344,2.87589848598283,300.00074179645,100.002261972547,74.99857959346,0.00135996843282929,0.00079324304841755,0.00046994387203778
3.45345345345345,2.90428170487879,300.000741820394,100.002262094776,74.998579697088,0.00136001831783709,0.000793270806490662,0.000469959610253467
3.46346346346346,2.91080635494526,300.000741805482,100.002262089498,74.9985798473539,0.00135999584700872,0.000793256610696649,0.000469950625462338
3.47347347347347,2.89586894592029,300.000741751812,100.002261957005,74.998580044037,0.00135990120151125,0.000793200566958082,0.000469916980549145
3.48348348348348,2.86005499830095,300.000741659033,100.002261696029,74.9985802872094,0.00135973371379534,0.000793102291271573,0.00046985845084883
3.49349349349349,2.80412817162978,300.000741526704,100.002261304897,74.9985805767157,0.0013594925355395,0.000792961297771016,0.000469774753237823
3.5035035035035,2.72901796479224,300.000741354703,100.002260782861,74.9985809116593,0.00135917739682334,0.000792777439125712,0.000469665805767328
3.51351351351351,2.63580614837593,300.000741143608,100.002260131368,74.9985812899817,0.00135878931984316,0.000792551320037275,0.000469531971155378
3.52352352352352,2.52571209980448,300.000740894994,100.002259355059,74.9985817081958,0.00135833117382489,0.000792284618210907,0.000469374245516789
3.53353353353353,2.40007722122644,300.000740611602,100.002258462365,74.9985821613053,0.0013578079951055,0.00079198026886581,0.000469194366519242
3.54354354354354,2.26034862753253,300.000740297365,100.002257465637,74.9985826429122,0.00135722703974844,0.000791642494034457,0.000468994830007419
3.55355355355355,2.10806229695499,300.000739957295,100.002256380817,74.9985831454851,0.00135659757795828,0.000791276682190044,0.000468778818448211
3.56356356356356,1.94482587911184,300.000739597251,100.002255226727,74.9985836607455,0.00135593047390168,0.00079088914362641,0.000468550056253461
3.57357357357357,1.77230135485229,300.000739223639,100.002254024089,74.9985841801167,0.00135523761749964,0.000790486780283861,0.000468312614833536
3.58358358358358,1.59218773872694,300.000738843062,100.00225279441,74.9985846951812,0.00135453128494518,0.000790076714573639,0.00046807069366203
3.59359359359359,1.40620400838072,300.00073846198,100.002251558861,74.9985851980975,0.00135382350293633,0.000789665920684081,0.000467828402976757
3.6036036036036,1.2160724358228,300.000738086407,100.002250337271,74.9985856819386,0.00135312548034972,0.000789260895281317,0.000467589569849885
3.61361361361361,1.02350248366764,300.000737721665,100.002249147312,74.9985861409325,0.00135244715368665,0.000788867394405402,0.000467357583386933
3.62362362362362,0.83017541546172,300.00073737222,100.002248003925,74.998586570593,0.0013517968726752,0.000788490251782283,0.000467135287982743
3.63363363363363,0.637729753580603,300.000737041592,100.002246919008,74.9985869677486,0.00135118123308942,0.000788133282566619,0.000466924926958424
3.64364364364364,0.44774770139535,300.00073673234,100.002245901343,74.9985873304824,0.00135060504754358,0.000787799267085604,0.000466728133341749
3.65365365365365,0.261742628958938,300.000736446113,100.002244956732,74.998587658003,0.00135007143316366,0.000787490002293985,0.000466545960518636
3.66366366366366,0.0811477038091313,300.000736183744,100.002244088294,74.9985879504695,0.00134958198810834,0.000787206404649929,0.000466378943135205
3.67367367367367,-0.0926942689777691,300.000735945379,100.002243296865,74.9985882087931,0.00134913702660112,0.000786948646799323,0.00046622717786025
3.68368368368368,-0.258539750294555,300.000735730618,100.002242581456,74.9985884344331,0.00134873584359256,0.000786716311316852,0.000466090414133467
3.69369369369369,-0.415252083070726,300.000735538661,100.002241939728,74.998588629204,0.00134837698426521,0.000786508547137941,0.000465968146437258
3.7037037037037,-0.561807805161143,300.000735368446,100.002241368431,74.998588795104,0.00134805849914446,0.000786324217542398,0.000465859701535768
3.71371371371371,-0.697301657558468,300.00073521877,100.002240863815,74.9985889341703,0.0013477781715386,0.000786162032011049,0.000465764316166487
3.72372372372372,-0.820950299614148,300.000735088392,100.002240421963,74.9985890483651,0.00134753370959391,0.000786020657502966,0.000465681202571593
3.73373373373373,-0.932094755076495,300.000734976115,100.00224003907,74.9985891394911,0.00134732289988878,0.000785898807389477,0.000465609600840039
3.74374374374374,-1.03020162384407,300.000734880849,100.00223971165,74.9985892091345,0.00134714372295536,0.000785795308286926,0.00046554881821194
3.75375375375375,-1.11486310442365,300.000734801652,100.00223943668,74.998589258632,0.00134699443338165,0.000785709146340244,0.000465498256267127
3.76376376376376,-1.18579588120585,300.000734737757,100.002239211692,74.9985892890591,0.00134687360835551,0.000785639495206474,0.000465457427328717
3.77377377377377,-1.24283893884963,300.000734688581,100.002239034818,74.9985893012346,0.00134678016890185,0.00078558572821069,0.000465425961542608
3.78378378378378,-1.28595037330593,300.000734653727,100.002238904784,74.998589295739,0.00134671337791352,0.00078554741705693,0.000465403606039622
3.79379379379379,-1.31520327530158,300.000734632968,100.002238820884,74.998589272944,0.00134667281864982,0.000785524319227836,0.000465390217439522
3.8038038038038,-1.33078076742681,300.000734626231,100.002238782909,74.9985892330504,0.00134665835689507,0.000785516355926614,0.00046538574879054
3.81381381381381,-1.33297028029388,300.000734633564,100.002238791066,74.9985891761326,0.00134667008958979,0.000785523582194074,0.000465390231907644
3.82382382382382,-1.32215715653172,300.000734655107,100.002238845866,74.998589102188,0.00134670828255403,0.000785546150721371,0.000465403756006559
3.83383383383383,-1.2988176736284,300.000734691051,100.002238948004,74.9985890111885,0.00134677329993457,0.000785584270885984,0.000465426443534546
3.84384384384384,-1.2635115778181,300.000734741598,100.002239098225,74.9985889031337,0.00134686552818817,0.000785638164642827,0.000465458424160304
3.85385385385385,-1.21687422133885,300.000734806919,100.002239297185,74.9985887781019,0.00134698529768558,0.00078570802105988,0.00046549980797788
3.86386386386386,-1.15960839448672,300.000734887114,100.002239545317,74.9985886362985,0.00134713280528906,0.00078579395144257,0.000465550659070387
3.87387387387387,-1.09247594201053,300.00073498217,100.002239842696,74.9985884780981,0.00134730804142385,0.000785895947087105,0.000465610970635333
3.88388388388388,-1.01628925059722,300.000735091927,100.002240188929,74.998588304079,0.00134751072514802,0.00078601384169303,0.000465680642866957
3.89389389389389,-0.931902690580344,300.000735216051,100.002240583054,74.9985881150493,0.00134774025047552,0.000786147280318906,0.000465759464704086
3.9039039039039,-0.840204090664715,300.000735354012,100.002241023469,74.9985879120607,0.00134799564670413,0.000786295696472625,0.000465847100379173
3.91391391391391,-0.742106319514875,300.000735505072,100.002241507887,74.9985876964122,0.00134827555476641,0.000786458298501477,0.000465943081452476
3.92392392392392,-0.638539042620612,300.00073566828,100.002242033319,74.9985874696418,0.00134857822071018,0.000786634065918088,0.000466046804703304
3.93393393393393,-0.530440717051204,300.000735842479,100.002242596094,74.9985872335075,0.00134890150640534,0.00078682175571268,0.000466157535905086
3.94394394394394,-0.418750880655946,300.000736026323,100.0022431919,74.9985869899585,0.00134924291655711,0.000787019918113028,0.00046627441916402
3.95395395395395,-0.304402786071075,300.000736218295,100.002243815857,74.9985867410986,0.00134959964017631,0.000787226920715036,0.0004663964911841
3.96396396396396,-0.188316423649059,300.000736416741,100.002244462608,74.9985864891437,0.00134996860389505,0.000787440979465874,0.000466522699561967
3.97397397397397,-0.0713919712215298,300.000736619898,100.002245126426,74.998586236376,0.00135034653398217,0.000787660194673334,0.000466651924034004
3.98398398398398,0.045496297487424,300.000736825936,100.002245801334,74.9985859850971,0.00135073002364112,0.000787882590058554,0.000466782999506508
3.99399399399399,0.161505619906336,300.000737032988,100.002246481223,74.9985857375817,0.00135111560216671,0.00078810615286711,0.000466914739699211
4.004004004004,0.275829846940136,300.000737239194,100.002247159975,74.998585496035,0.00135149980277498,0.000788328873192371,0.000467045960314839
4.01401401401401,0.387165410799252,300.000737434776,100.00224780984,74.9985853162294,0.00135186748923566,0.000788541298395726,0.000467170731988025
4.02402402402402,0.490632849367425,300.000737587115,100.002248369835,74.9985853412201,0.00135215989427064,0.00078870891905561,0.00046726848794014
4.03403403403403,0.561107583581974,300.000737671972,100.002248726162,74.9985854758719,0.0013523273855934,0.00078880394746873,0.000467323378968988
4.04404404404404,0.594292106019797,300.000737686437,100.002248852429,74.998585698251,0.00135236394011249,0.000788823024178065,0.000467333495932445
4.05405405405405,0.590317854449165,300.000737630791,100.002248748828,74.9985860055079,0.00135226997514174,0.000788766414931016,0.000467299008056374
4.06406406406406,0.549485549403147,300.000737506862,100.002248420391,74.9985863924709,0.00135204877425813,0.000788636050068917,0.000467221066906377
4.07407407407407,0.472364217388144,300.000737317991,100.002247877117,74.9985868522101,0.00135170644063319,0.000788435494170025,0.000467101786748186
4.08408408408408,0.359787099575593,300.000737068976,100.002247133835,74.9985873761764,0.00135125179613014,0.000788169887060678,0.000466944209529874
4.09409409409409,0.212839409506699,300.000736766009,100.002246210008,74.9985879543199,0.00135069626745956,0.000787845877415726,0.000466752265546419
4.1041041041041,0.032844936015183,300.00073641659,100.00224512946,74.9985885752535,0.00135005372218926,0.000787471527170581,0.00046653071684411
4.11411411411411,-0.178648727922051,300.000736029384,100.002243919941,74.9985892264878,0.00134934021089505,0.000787056161419407,0.000466285068451747
4.12412412412412,-0.419886193343307,300.000735614012,100.002242612467,74.9985898947543,0.00134857358217962,0.000786610144550419,0.000466021436118337
4.13413413413413,-0.688921370047879,300.00073518077,100.002241240406,74.9985905664169,0.0013477729553563,0.000786144573870343,0.000465746365438058
4.14414414414414,-0.983635494565397,300.00073474027,100.002239838328,74.9985912279591,0.00134695805832903,0.000785670895164975,0.000465466605025421
4.15415415415415,-1.30175593525745,300.000734303028,100.002238440667,74.9985918665176,0.00134614846151859,0.000785200458161915,0.000465188844369547
4.16416416416416,-1.64087561701992,300.000733879021,100.002237080274,74.9985924704221,0.00134536275861621,0.000784744041403747,0.000464919433790458
4.17417417417417,-1.99847290789414,300.000733477261,100.002235786994,74.998593029695,0.00134461775827691,0.000784311383744668,0.000464664108447298
4.18418418418418,-2.37193181098538,300.000733105392,100.002234586353,74.9985935364701,0.00134392775111669,0.000783910759794757,0.000464427738395507
4.19419419419419,-2.75856230904146,300.000732769275,100.002233498151,74.9985939854331,0.00134330371753971,0.000783548521191309,0.000464214058578079
4.2042042042042,-3.15562076822567,300.000732472809,100.002232535849,74.9985943739132,0.00134275299958586,0.000783228907345529,0.000464025557841068
4.21421421421421,-3.56033060911097,300.0007322197,100.00223171227,74.9985946994785,0.00134228257744772,0.000782955947849851,0.000463864601381098
4.22422422422422,-3.96990483140964,300.000732011646,100.002231033695,74.9985949622315,0.00134189569656079,0.000782731505711013,0.000463732277077348
4.23423423423423,-4.38155233531835,300.000731847903,100.002230498401,74.9985951652422,0.0013415910620229,0.00078255481083261,0.000463628120885252
4.24424424424424,-4.79247787820121,300.000731725649,100.002230097812,74.9985953139866,0.00134136350204736,0.000782422845962532,0.00046355034494017
4.25425425425425,-5.1999008311927,300.000731640259,100.002229817357,74.9985954158752,0.0013412044793974,0.000782330644472426,0.00046349601369212
4.26426426426426,-5.60107464897367,300.000731585723,100.002229637806,74.9985954796335,0.0013411028628216,0.000782271738712032,0.00046346130867687
4.27427427427427,-5.99330579060616,300.00073155516,100.00222953693,74.9985955145982,0.00134104588397813,0.000782238715620939,0.000463441856336696
4.28428428428428,-6.37397217213729,300.000731541384,100.002229491342,74.9985955299951,0.00134102018699616,0.000782223825688921,0.000463433087085187
4.29429429429429,-6.74054100542504,300.000731537464,100.002229478336,74.9985955342681,0.00134101287120118,0.000782219587555826,0.000463430591591897
4.3043043043043,-7.09058588182971,300.000731537228,100.00222947755,74.9985955345192,0.00134101243019747,0.000782219332132504,0.000463430441223408
4.31431431431431,-7.42180296791643,300.000731535663,100.002229472319,74.9985955361068,0.00134100950471979,0.000782217638409997,0.000463429444482129
4.32432432432432,-7.73202618835237,300.000731529188,100.002229450592,74.99859554243,0.00134099739006871,0.000782210626727373,0.000463425319318161
4.33433433433433,-8.0192412804677,300.000731515775,100.002229405377,74.9985955549057,0.00134097226802645,0.000782196092152413,0.000463416771150384
4.34434434434434,-8.28159861527883,300.000731494921,100.002229334696,74.998595573125,0.00134093316381094,0.000782173478414741,0.000463403476917419
4.35435435435435,-8.51742469096269,300.000731467494,100.002229241103,74.9985955951573,0.00134088165682745,0.00078214370917565,0.000463385985107122
4.36436436436436,-8.7252322166524,300.000731435468,100.002229130858,74.9985956179587,0.00134082139634957,0.000782108906372193,0.000463365549336332
4.37437437437437,-8.90372871683329,300.000731401594,100.002229012857,74.9985956378362,0.00134075748756593,0.000782072033639318,0.00046334391790917
4.38438438438438,-9.05182359940444,300.000731369036,100.002228897461,74.9985956509171,0.00134069581878165,0.000782036505886186,0.000463323103575876
4.39439439439439,-9.16863364350343,300.000731341014,100.002228795323,74.9985956535819,0.00134064239743219,0.000782005804255748,0.000463305156609243
4.4044044044044,-9.25348687635969,300.000731320487,100.002228716328,74.998595642825,0.00134060275253356,0.000781983129852338,0.000463291960857448
4.41441441441441,-9.30592482165508,300.000731309886,100.002228668724,74.9985956165225,0.00134058144657106,0.000781971121124005,0.000463285067413852
4.42442442442442,-9.32570311505393,300.000731310933,100.002228658483,74.9985955735957,0.00134058172319977,0.00078197165013308,0.00046328557484969
4.43443443443443,-9.3127904956595,300.000731324528,100.002228688919,74.9985955140718,0.00134060530089988,0.000781985703534606,0.000463294059406357
4.44444444444444,-9.26736619510551,300.000731350714,100.002228760557,74.9985954390504,0.00134065230877584,0.000782013345994786,0.000463310553780071
4.45445445445445,-9.18981575874629,300.000731388717,100.002228871227,74.9985953505911,0.00134072135014941,0.000782053757679556,0.000463334569540355
4.46446446446446,-9.08072534590869,300.000731437037,100.002229016345,74.9985952515402,0.00134080967283174,0.00078210533353195,0.000463365155924687
4.47447447447447,-8.94087456834215,300.000731493582,100.002229189352,74.998595145315,0.00134091342164767,0.000782165830148201,0.000463400986633105
4.48448448448448,-8.77122793776773,300.000731555842,100.002229382243,74.9985950356648,0.00134102794814083,0.000782232545699455,0.000463440466038172
4.49449449449449,-8.57292500467741,300.000731621067,100.002229586166,74.998594926423,0.00134114815342567,0.000782302518956028,0.000463481846589856
4.5045045045045,-8.34726928115746,300.000731686458,100.002229792045,74.9985948212667,0.00134126884194283,0.000782372734516052,0.000463523349814071
4.51451451451451,-8.09571605037129,300.000731749357,100.002229991187,74.9985947234954,0.00134138506574793,0.000782440322431234,0.000463563283949056
4.52452452452452,-7.81985917429925,300.000731807411,100.002230175839,74.9985946358402,0.0013414924406114,0.000782502741381759,0.000463600151831073
4.53453453453453,-7.52141701925292,300.000731858719,100.002230339673,74.998594560313,0.00134158741669066,0.000782557935416003,0.00046363274315164
4.54454454454454,-7.20221762542407,300.000731901945,100.002230478166,74.9985944981049,0.00134166748819637,0.000782604455237027,0.000463660205779893
4.55455455455455,-6.86418325217016,300.000731936387,100.002230588846,74.9985944495387,0.00134173132878446,0.00078264153636121,0.000463682091637399
4.56456456456456,-6.50931443477591,300.000731962006,100.002230671394,74.9985944140812,0.00134177884279688,0.000782669128444907,0.000463698373776116
4.57457457457457,-6.13967369099269,300.000731979405,100.00223072759,74.9985943904136,0.00134181112718456,0.000782687872809535,0.000463709432923499
4.58458458458458,-5.75736901669762,300.000731989757,100.0022307611,74.998594376557,0.00134183034491305,0.000782699028657951,0.000463716013800352
4.59459459459459,-5.36453730953359,300.000731994696,100.00223077712,74.9985943700455,0.00134183951748697,0.00078270435243842,0.000463719153852745
4.6046046046046,-4.96332785741557,300.000731996167,100.002230781902,74.9985943681327,0.00134184225125751,0.000782705938885211,0.000463720089438045
4.61461461461461,-4.55588602538952,300.000731996257,100.002230782195,74.9985943680171,0.00134184241854709,0.000782706035953054,0.000463720146675725
4.62462462462462,-4.14433726960703,300.00073199701,100.002230784653,74.9985943670678,0.00134184381945775,0.000782706848656728,0.000463720625815952
4.63463463463463,-3.73077160125933,300.000732000254,100.002230795253,74.998594363031,0.00134184985277449,0.000782710348292847,0.000463722688837564
4.64464464464464,-3.31722861634728,300.000732007439,100.002230818774,74.9985943542015,0.00134186322414909,0.000782718103379528,0.000463727259898136
4.65465465465465,-2.90568319931159,300.000732019523,100.00223085839,74.9985943395435,0.00134188571662881,0.000782731146829672,0.000463734947180972
4.66466466466466,-2.49803199997779,300.000732036883,100.002230915396,74.9985943187527,0.00134191804284052,0.000782749890529088,0.000463745992708515
4.67467467467467,-2.09608077414946,300.000732059296,100.002230989105,74.9985942922544,0.00134195979037268,0.000782774093980644,0.000463760254030924
4.68468468468468,-1.70153266866807,300.000732085954,100.002231076914,74.9985942611415,0.0013420094629965,0.000782802888512466,0.000463777218654735
4.69469469469469,-1.31597752199438,300.000732115542,100.00223117452,74.9985942270589,0.00134206461135343,0.000782834853322879,0.000463796048998108
4.7047047047047,-0.94088224148034,300.000732146342,100.002231276282,74.9985941920474,0.00134212203862002,0.000782868134933664,0.000463815652891379
4.71471471471471,-0.577582308597297,300.000732176379,100.002231375674,74.9985941583625,0.00134217806031043,0.000782900597948752,0.000463834772480425
4.72472472472472,-0.227274453555061,300.000732203572,100.002231465794,74.998594128286,0.00134222879340927,0.000782929992724103,0.000463852083045038
4.73473473473473,0.108989468951605,300.000732225891,100.00223153988,74.9985941039463,0.00134227044873955,0.000782954124818155,0.000463866292815998
4.74474474474474,0.430307380647478,300.000732241506,100.002231591795,74.9985940871622,0.00134229960182936,0.000782971011889372,0.000463876235349264
4.75475475475475,0.735930644312204,300.000732248906,100.002231616434,74.9985940793229,0.00134231342120414,0.000782979015839687,0.000463880947276512
4.76476476476476,1.02526648829657,300.000732246989,100.002231610034,74.9985940813102,0.00134230983842532,0.000782976941135511,0.00046387972610037
4.77477477477477,1.29787919589664,300.000732235117,100.002231570362,74.9985940934668,0.00134228765059879,0.000782964093953511,0.000463872164893752
4.78478478478478,1.55349007314267,300.000732213135,100.00223149678,74.9985941156085,0.00134224655272881,0.000782940300655373,0.000463858163035581
4.79479479479479,1.79197621688703,300.000732181348,100.002231390194,74.9985941470766,0.00134218710348678,0.000782905887684433,0.000463837914228614
4.8048048048048,2.01336811314566,300.000732140476,100.002231252896,74.9985941868209,0.00134211063312439,0.000782861627964639,0.000463811874803171
4.81481481481481,2.21784610344967,300.000732091575,100.002231088328,74.9985942335057,0.00134201910599613,0.000782808661041994,0.000463780716580094
4.82482482482482,2.40573576448214,300.000732035947,100.002230900787,74.9985942856272,0.00134191495227765,0.000782748395432504,0.000463745269283995
4.83483483483483,2.57750225348658,300.000731975046,100.0022306951,74.9985943416331,0.00134180088398569,0.000782682401934937,0.000463706457667897
4.84484484484484,2.73374367880641,300.000731910373,100.002230476298,74.998594400036,0.00134167970949705,0.000782612306134878,0.000463665238193941
4.85485485485485,2.87518356141189,300.000731843384,100.002230249301,74.9985944595145,0.00134155415872937,0.000782539687141949,0.000463622539414448
4.86486486486486,3.00266245934601,300.00073177541,100.002230018645,74.9985945189962,0.00134142672834952,0.000782465987977667,0.000463579209238773
4.87487487487487,3.11712883262602,300.000731707583,100.002229788247,74.9985945777211,0.00134129955320039,0.000782392441188786,0.00046353597118483
4.88488488488488,3.21962923121484,300.000731640789,100.002229561228,74.9985946352859,0.00134117430693498,0.000782320011404676,0.000463493390620225
4.89489489489489,3.31129789317516,300.000731575626,100.002229339781,74.9985946916691,0.00134105213190915,0.000782249354854953,0.000463451850995434
4.9049049049049,3.39334584397973,300.000731512383,100.002229125094,74.9985947472411,0.00134093359591651,0.000782180794434893,0.000463411539230623
4.91491491491491,3.4670495911204,300.00073145103,100.002228917306,74.9985948027626,0.00134081867146964,0.000782114307818981,0.000463372438778434
4.92492492492492,3.53373951058911,300.000731391215,100.002228715498,74.9985948593759,0.0013407067320741,0.000782049525396581,0.000463334328458499
4.93493493493493,3.59478802344896,300.000731332269,100.002228517707,74.9985949185927,0.00134059655927026,0.000781985734416953,0.000463296784932976
4.94494494494494,3.65159766153735,300.000731273211,100.00222832094,74.9985949822833,0.0013404863540443,0.000781921885632762,0.000463259186635882
4.95495495495495,3.70558912131978,300.000731212752,100.002228121194,74.9985950526715,0.0013403737464174,0.000781856598853425,0.00046322071704207
4.96496496496496,3.75818940402324,300.000731149301,100.002227913463,74.9985951323369,0.00134025579748022,0.0007817881640869,0.000463180365319955
4.97497497497497,3.81082013841407,300.000731080953,100.002227691713,74.9985952242299,0.00134012898872541,0.000781714535288815,0.000463136922613148
4.98498498498498,3.86488617995587,300.000731005478,100.002227448845,74.9985953316992,0.00133998919413433,0.000781633314088574,0.000463088972403126
4.99499499499499,3.92176457659906,300.000730920292,100.002227176605,74.9985954585364,0.00133983163101418,0.000781541721174976,0.000463034873589509
