data1,data2,data3
0,0.212694471678914,-0.0289116254580607
0.0100016669444907,0.212694471183476,-0.0289116252944369
0.0200033338889815,0.212694373201099,-0.0289116594943226
0.0300050008334722,0.212694105450881,-0.0289116578526624
0.040006667777963,0.212693933854672,-0.02891166941034
0.0500083347224537,0.212693686468055,-0.0289119395717662
0.0600100016669445,0.212693501032865,-0.0289121392526428
0.0700116686114352,0.212693361265183,-0.0289122912047127
0.080013335555926,0.212693264294458,-0.0289123993226458
0.0900150025004167,0.21269320022941,-0.0289124720486049
0.100016669444907,0.212693158523525,-0.0289125200230724
0.110018336389398,0.212693131175772,-0.0289125518528804
0.120020003333889,0.212693112985605,-0.0289125733191695
0.13002167027838,0.212693100821094,-0.028912587966062
0.14002333722287,0.212693092857518,-0.0289125978772521
0.150025004167361,0.212693088024311,-0.028912604271228
0.160026671111852,0.212693085630801,-0.0289126079020893
0.170028338056343,0.212693085096961,-0.0289126093376022
0.180030005000833,0.212693085743061,-0.0289126091769301
0.190031671945324,0.21269308664226,-0.0289126082296437
0.200033338889815,0.212693086609291,-0.0289126076108744
0.210035005834306,0.212693084484982,-0.0289126086117728
0.220036672778796,0.212693079895583,-0.0289126121357127
0.230038339723287,0.212693074383665,-0.028912617648287
0.240040006667778,0.212693072055958,-0.0289126222100088
0.250041673612269,0.212693078281151,-0.0289126209556697
0.260043340556759,0.212693096267496,-0.0289126099012445
0.27004500750125,0.212693123826432,-0.0289125894217817
0.280046674445741,0.212693153019129,-0.0289125654135593
0.290048341390232,0.212693174855034,-0.0289125461293839
0.300050008334722,0.212693185064808,-0.0289125366278359
0.310051675279213,0.21269318520187,-0.0289125365111194
0.320053342223704,0.212693179506537,-0.0289125422078661
0.330055009168195,0.212693171697562,-0.0289125501619999
0.340056676112685,0.212693163864293,-0.0289125582437218
0.350058343057176,0.212693156789721,-0.0289125656133243
0.360060010001667,0.212693150564967,-0.0289125721523723
0.370061676946158,0.212693145013833,-0.0289125780333151
0.380063343890648,0.212693139904155,-0.0289125834971334
0.390065010835139,0.212693135036575,-0.0289125887577119
0.40006667777963,0.212693130280194,-0.0289125939619466
0.410068344724121,0.2126931255878,-0.0289125991706138
0.420070011668611,0.212693120999791,-0.0289126043498325
0.430071678613102,0.212693116634824,-0.028912609375459
0.440073345557593,0.212693112663229,-0.0289126140560373
0.450075012502084,0.212693109264241,-0.0289126181756209
0.460076679446574,0.212693106576687,-0.0289126215484816
0.470078346391065,0.212693104659167,-0.0289126240690132
0.480080013335556,0.212693103474287,-0.0289126257388157
0.490081680280047,0.212693102901395,-0.0289126266617543
0.500083347224537,0.212693102769345,-0.0289126270122024
0.510085014169028,0.212693102893467,-0.0289126269926248
0.520086681113519,0.212693103103377,-0.0289126267975321
0.53008834805801,0.212693103257378,-0.0289126265925027
0.5400900150025,0.212693103247583,-0.0289126265065129
0.550091681946991,0.212693103002448,-0.0289126266302528
0.560093348891482,0.212693102490278,-0.0289126270143743
0.570095015835973,0.212693101722473,-0.0289126276666149
0.580096682780463,0.212693100752467,-0.028912628551019
0.590098349724954,0.212693099667071,-0.0289126295933869
0.600100016669445,0.212693098570204,-0.0289126306946626
0.610101683613936,0.212693097562661,-0.0289126317501381
0.620103350558426,0.212693096723501,-0.0289126326694531
0.630105017502917,0.212693096098036,-0.0289126333918647
0.640106684447408,0.212693095694771,-0.0289126338931691
0.650108351391899,0.212693095490446,-0.0289126341837988
0.660110018336389,0.212693095440053,-0.0289126343004211
0.67011168528088,0.212693095488119,-0.0289126342947076
0.680113352225371,0.2126930955785,-0.0289126342225845
0.690115019169862,0.212693095661636,-0.0289126341358002
0.700116686114352,0.21269309569964,-0.0289126340759995
0.710118353058843,0.21269309567022,-0.0289126340704802
0.720120020003334,0.212693095570066,-0.0289126341287461
0.730121686947825,0.212693095417552,-0.0289126342396304
0.740123353892315,0.212693095253897,-0.0289126343695596
0.750125020836806,0.212693095142028,-0.0289126344628232
0.760126687781297,0.212693095163385,-0.0289126344441369
0.770128354725788,0.212693095414555,-0.0289126342223774
0.780130021670278,0.212693096007321,-0.0289126336926279
0.790131688614769,0.212693097076352,-0.0289126327324746
0.80013335555926,0.212693098797369,-0.0289126311889232
0.810135022503751,0.21269310141474,-0.0289126288552078
0.820136689448241,0.21269310527183,-0.0289126254418969
0.830138356392732,0.212693110831717,-0.0289126205524229
0.840140023337223,0.212693118670832,-0.0289126136780347
0.850141690281714,0.212693129428363,-0.0289126042293801
0.860143357226204,0.212693143708844,-0.0289125916142261
0.870145024170695,0.21269316195955,-0.0289125753493599
0.880146691115186,0.212693184358354,-0.0289125551746986
0.890148358059677,0.212693210744948,-0.0289125311346455
0.900150025004167,0.212693240615632,-0.0289125036025877
0.910151691948658,0.212693273183909,-0.0289124732413381
0.920153358893149,0.212693307490484,-0.02891244091063
0.93015502583764,0.212693342533744,-0.0289124075468801
0.94015669278213,0.212693377389561,-0.028912374045309
0.950158359726621,0.212693411296998,-0.0289123411693232
0.960160026671112,0.212693443699727,-0.0289123095002704
0.970161693615603,0.212693474246106,-0.0289122794276906
0.980163360560093,0.212693502759638,-0.0289122511706218
0.990165027504584,0.212693529194415,-0.0289122248164308
1.00016669444907,0.212693553588327,-0.0289122003644467
1.01016836139357,0.212693576022619,-0.0289121777652801
1.02017002833806,0.212693596591906,-0.0289121569509716
1.03017169528255,0.212693615385337,-0.0289121378546313
1.04017336222704,0.212693632477498,-0.0289121204205008
1.05017502917153,0.212693647926722,-0.0289121046064911
1.06017669611602,0.212693661778309,-0.0289120903815699
1.07017836306051,0.212693674070394,-0.028912077720223
1.080180030005,0.212693684840655,-0.0289120665958532
1.09018169694949,0.212693694132486,-0.0289120569745406
1.10018336389398,0.212693701999749,-0.02891204881014
1.11018503083847,0.212693708509619,-0.0289120420412707
1.12018669778296,0.212693713743401,-0.0289120365903834
1.13018836472745,0.212693717795482,-0.0289120323647821
1.14019003167195,0.212693720770779,-0.0289120292592546
1.15019169861644,0.212693722781176,-0.0289120271598298
1.16019336556093,0.21269372394145,-0.0289120259481279
1.17019503250542,0.212693724365186,-0.0289120255057947
1.18019669944991,0.212693724161069,-0.0289120257185867
1.1901983663944,0.212693723429835,-0.0289120264797914
1.20020003333889,0.212693722262059,-0.0289120276927877
1.21020170028338,0.212693720736817,-0.0289120292726751
1.22020336722787,0.212693718921185,-0.0289120311469989
1.23020503417236,0.212693716870474,-0.0289120332556733
1.24020670111685,0.212693714629055,-0.028912035550249
1.25020836806134,0.21269371223163,-0.0289120379926867
1.26021003500583,0.212693709704785,-0.0289120405537915
1.27021170195032,0.212693707068746,-0.028912043211442
1.28021336889482,0.212693704339207,-0.0289120459487171
1.29021503583931,0.212693701529199,-0.0289120487519927
1.3002167027838,0.212693698650939,-0.0289120516090548
1.31021836972829,0.212693695717649,-0.0289120545072541
1.32022003667278,0.212693692745324,-0.0289120574317196
1.33022170361727,0.212693689754427,-0.0289120603636421
1.34022337056176,0.212693686771489,-0.0289120632786463
1.35022503750625,0.212693683830587,-0.0289120661452742
1.36022670445074,0.212693680974649,-0.0289120689236217
1.37022837139523,0.212693678256529,-0.0289120715641769
1.38023003833972,0.212693675739792,-0.0289120740069307
1.39023170528421,0.212693673499108,-0.0289120761808392
1.4002333722287,0.212693671620214,-0.0289120780037272
1.4102350391732,0.212693670199326,-0.0289120793827204
1.42023670611769,0.212693669341994,-0.0289120802152673
1.43023837306218,0.212693669161375,-0.0289120803907734
1.44024004000667,0.212693669775992,-0.0289120797928039
1.45024170695116,0.212693671307095,-0.0289120783017367
1.46024337389565,0.212693673875794,-0.0289120757976911
1.47024504084014,0.21269367760015,-0.0289120721635243
1.48024670778463,0.212693682592397,-0.028912067287702
1.49024837472912,0.212693688956415,-0.0289120610668974
1.50025004167361,0.212693696785511,-0.0289120534082423
1.5102517086181,0.212693706160527,-0.02891204423122
1.52025337556259,0.212693717148228,-0.028912033469233
1.53025504250708,0.212693729799937,-0.028912021070901
1.54025670945158,0.212693744150373,-0.0289120070011389
1.55025837639607,0.21269376021667,-0.0289119912420478
1.56026004334056,0.212693777997582,-0.0289119737936256
1.57026171028505,0.212693797472905,-0.0289119546742792
1.58026337722954,0.212693818603159,-0.028911933921101
1.59026504417403,0.212693841329576,-0.0289119115898565
1.60026671111852,0.212693865574485,-0.0289118877546274
1.61026837806301,0.212693891242117,-0.0289118625070585
1.6202700450075,0.212693918219884,-0.0289118359551689
1.63027171195199,0.212693946380147,-0.0289118082217113
1.64027337889648,0.212693975582445,-0.0289117794420899
1.65027504584097,0.212694005676143,-0.0289117497618793
1.66027671278546,0.212694036503412,-0.028911719334016
1.67027837972995,0.212694067902426,-0.0289116883157635
1.68028004667445,0.212694099710649,-0.0289116568655684
1.69028171361894,0.212694131768079,-0.0289116251399374
1.70028338056343,0.212694163920305,-0.0289115932904628
1.71028504750792,0.212694196021262,-0.0289115614611134
1.72028671445241,0.212694227935593,-0.0289115297858874
1.7302883813969,0.21269425954054,-0.0289114983868973
1.74029004834139,0.212694290727337,-0.0289114673729286
1.75029171528588,0.212694321402096,-0.0289114368384831
1.76029338223037,0.212694351486213,-0.028911406863291
1.77029504917486,0.212694380916327,-0.0289113775122551
1.78029671611935,0.212694409643908,-0.0289113488357696
1.79029838306384,0.21269443763454,-0.0289113208703513
1.80030005000833,0.212694464866961,-0.0289112936395102
1.81030171695283,0.21269449133195,-0.0289112671547914
1.82030338389732,0.212694517031117,-0.0289112414169233
1.83030505084181,0.212694541975652,-0.0289112164170144
1.8403067177863,0.212694566185096,-0.02891119213775
1.85030838473079,0.212694589686143,-0.0289111685545514
1.86031005167528,0.212694612511536,-0.0289111456366686
1.87031171861977,0.212694634699049,-0.0289111233481867
1.88031338556426,0.212694656290573,-0.0289111016489344
1.89031505250875,0.212694677331313,-0.0289110804952885
1.90031671945324,0.212694697869096,-0.0289110598408752
1.91031838639773,0.212694717953784,-0.0289110396371704
1.92032005334222,0.212694737636773,-0.0289110198340048
1.93032172028671,0.212694756970599,-0.0289110003799823
1.94032338723121,0.21269477600861,-0.0289109812228188
1.9503250541757,0.212694794804715,-0.0289109623096107
1.96032672112019,0.212694813413195,-0.0289109435870415
1.97032838806468,0.212694831888565,-0.0289109250015345
1.98033005500917,0.212694850285484,-0.0289109064993595
1.99033172195366,0.2126948686587,-0.0289108880267021
2.00033338889815,0.212694887063024,-0.0289108695297009
2.01033505584264,0.21269490555333,-0.028910850954461
2.02033672278713,0.212694924184568,-0.0289108322470511
2.03033838973162,0.212694943011779,-0.0289108133534898
2.04034005667611,0.212694962090124,-0.0289107942197289
2.0503417236206,0.212694981474892,-0.0289107747916421
2.06034339056509,0.212695001221502,-0.0289107550150247
2.07034505750958,0.212695021385479,-0.0289107348356131
2.08034672445408,0.2126950420224,-0.0289107141991321
2.09034839139857,0.212695063187798,-0.0289106930513775
2.10035005834306,0.212695084937029,-0.0289106713383414
2.11035172528755,0.212695107325076,-0.0289106490063876
2.12035339223204,0.212695130406297,-0.0289106260024849
2.13035505917653,0.212695154234105,-0.0289106022745019
2.14035672612102,0.212695178860586,-0.0289105777715694
2.15035839306551,0.212695204336035,-0.0289105524445135
2.16036006001,0.212695230708426,-0.0289105262463594
2.17036172695449,0.212695258022808,-0.0289104991329059
2.18036339389898,0.212695286320633,-0.0289104710633682
2.19036506084347,0.212695315639029,-0.0289104420010812
2.20036672778796,0.212695346010013,-0.028910411914257
2.21036839473246,0.21269537745967,-0.028910380776785
2.22037006167695,0.212695410007308,-0.0289103485690603
2.23037172862144,0.212695443664599,-0.0289103152788244
2.24037339556593,0.212695478434737,-0.0289102809019978
2.25037506251042,0.212695514311632,-0.0289102454434819
2.26037672945491,0.212695551279161,-0.0289102089179042
2.2703783963994,0.212695589310515,-0.0289101713502758
2.28038006334389,0.212695628367668,-0.028910132776528
2.29038173028838,0.212695668401015,-0.0289100932438898
2.30038339723287,0.212695709349208,-0.028910052811065
2.31038506417736,0.212695751139245,-0.0289100115481646
2.32038673112185,0.212695793686854,-0.0289099695363486
2.33038839806634,0.212695836897217,-0.0289099268671348
2.34039006501084,0.212695880666076,-0.0289098836413356
2.35039173195533,0.212695924881239,-0.0289098399675949
2.36039339889982,0.212695969424515,-0.0289097959605139
2.37039506584431,0.212696014174058,-0.0289097517383725
2.3803967327888,0.212696059007083,-0.0289097074204854
2.39039839973329,0.21269610380289,-0.0289096631242541
2.40040006667778,0.2126961484461,-0.0289096189620137
2.41040173362227,0.212696192829961,-0.0289095750377956
2.42040340056676,0.212696236859587,-0.0289095314441525
2.43040506751125,0.212696280454966,-0.028909488259204
2.44040673445574,0.212696323553564,-0.0289094455440567
2.45040840140023,0.212696366112399,-0.0289094033407451
2.46041006834472,0.212696408109446,-0.0289093616708063
2.47041173528921,0.212696449544315,-0.0289093205345683
2.48041340223371,0.21269649043817,-0.0289092799111829
2.4904150691782,0.212696530832896,-0.0289092397593892
2.50041673612269,0.212696570789592,-0.0289092000189493
2.51041840306718,0.21269661038649,-0.0289091606126588
2.52042007001167,0.212696649716425,-0.028909121448808
2.53042173695616,0.212696688884002,-0.0289090824239546
2.54042340390065,0.212696728002607,-0.028909043425865
2.55042507084514,0.212696767191402,-0.0289090043364858
2.56042673778963,0.212696806572418,-0.0289089650348276
2.57042840473412,0.212696846267855,-0.0289089253996577
2.58043007167861,0.212696886397658,-0.0289088853119278
2.5904317386231,0.212696927077416,-0.0289088446568841
2.60043340556759,0.212696968416617,-0.028908803325831
2.61043507251209,0.212697010517264,-0.0289087612175404
2.62043673945658,0.212697053472838,-0.0289087182393138
2.63043840640107,0.212697097367585,-0.0289086743077179
2.64044007334556,0.212697142276106,-0.0289086293490236
2.65044174029005,0.212697188263205,-0.0289085832993824
2.66044340723454,0.212697235383955,-0.0289085361047789
2.67044507417903,0.212697283683949,-0.0289084877207961
2.68044674112352,0.212697333199698,-0.0289084381122328
2.69044840806801,0.212697383959138,-0.0289083872526056
2.7004500750125,0.212697435982213,-0.0289083351235705
2.71045174195699,0.212697489281506,-0.0289082817142906
2.72045340890148,0.212697543862898,-0.0289082270207781
2.73045507584597,0.212697599726216,-0.0289081710452328
2.74045674279047,0.212697656865871,-0.0289081137953962
2.75045840973496,0.212697715271455,-0.0289080552839409
2.76046007667945,0.21269777492828,-0.0289079955279081
2.77046174362394,0.21269783581786,-0.0289079345482069
2.78046341056843,0.212697897918316,-0.0289078723691863
2.79046507751292,0.212697961204692,-0.0289078090182872
2.80046674445741,0.212698025649191,-0.0289077445257827
2.8104684114019,0.212698091221309,-0.0289076789246099
2.82047007834639,0.212698157887877,-0.028907612250296
2.83047174529088,0.212698225613007,-0.0289075445409807
2.84047341223537,0.212698294357938,-0.0289074758375312
2.85047507917986,0.212698364080801,-0.0289074061837468
2.86047674612435,0.212698434736295,-0.0289073356266477
2.87047841306884,0.212698506275292,-0.028907264216837
2.88048008001334,0.212698578644376,-0.0289071920089254
2.89048174695783,0.212698651785344,-0.0289071190620038
2.90048341390232,0.212698725634674,-0.0289070454401454
2.91048508084681,0.212698800122989,-0.0289069712129162
2.9204867477913,0.212698875174539,-0.0289068964558707
2.93048841473579,0.212698950706734,-0.0289068212510044
2.94049008168028,0.212699026629752,-0.028906745687133
2.95049174862477,0.212699102846262,-0.0289066698601662
2.96049341556926,0.21269917925129,-0.0289065938732411
2.97049508251375,0.212699255732277,-0.0289065178366798
2.98049674945824,0.212699332169352,-0.028906441867735
2.99049841640273,0.212699408435858,-0.0289063660900922
3.00050008334722,0.212699484399165,-0.0289062906330948
3.01050175029172,0.212699559921799,-0.0289062156306713
3.02050341723621,0.212699634862882,-0.0289061412199451
3.0305050841807,0.212699709079921,-0.0289060675395211
3.04050675112519,0.212699782430905,-0.0289059947274563
3.05050841806968,0.212699854776716,-0.0289059229189339
3.06051008501417,0.21269992598379,-0.0289058522436778
3.07051175195866,0.212699995926997,-0.0289057828231628
3.08051341890315,0.212700064492634,-0.0289057147676892
3.09051508584764,0.21270013158148,-0.0289056481734089
3.10051675279213,0.212700197111771,-0.028905583119401
3.11051841973662,0.21270026102202,-0.0289055196649044
3.12052008668111,0.212700323273549,-0.0289054578468163
3.1305217536256,0.212700383852626,-0.0289053976775657
3.1405234205701,0.212700442772119,-0.0289053391434591
3.15052508751459,0.212700500072571,-0.0289052822035807
3.16052675445908,0.212700555822649,-0.0289052267893095
3.17052842140357,0.21270061011892,-0.0289051728044871
3.18053008834806,0.21270066308497,-0.0289051201262445
3.19053175529255,0.212700714869871,-0.0289050686064644
3.20053342223704,0.212700765646063,-0.0289050180738287
3.21053508918153,0.212700815606729,-0.0289049683363775
3.22053675612602,0.212700864962759,-0.0289049191844833
3.23053842307051,0.212700913939406,-0.0289048703941341
3.240540090015,0.212700962772767,-0.0289048217304097
3.25054175695949,0.212701011706191,-0.0289047729510377
3.26054342390398,0.212701060986729,-0.0289047238099196
3.27054509084847,0.212701110861718,-0.0289046740605293
3.28054675779297,0.212701161575596,-0.0289046234591032
3.29054842473746,0.212701213366984,-0.0289045717675534
3.30055009168195,0.212701266466115,-0.0289045187560598
3.31055175862644,0.212701321092608,-0.0289044642053094
3.32055342557093,0.212701377453619,-0.0289044079083709
3.33055509251542,0.212701435742355,-0.0289043496722051
3.34055675945991,0.212701496136937,-0.0289042893188258
3.3505584264044,0.212701558799598,-0.0289042266861331
3.36056009334889,0.212701623876171,-0.0289041616284471
3.37056176029338,0.212701691495844,-0.0289040940167783
3.38056342723787,0.212701761771144,-0.0289040237388667
3.39056509418236,0.212701834798111,-0.0289039506990267
3.40056676112685,0.212701910656632,-0.0289038748178321
3.41056842807135,0.212701989410895,-0.0289037960316726
3.42057009501584,0.212702071109949,-0.0289037142922111
3.43057176196033,0.212702155788325,-0.0289036295657678
3.44057342890482,0.212702243466708,-0.0289035418326545
3.45057509584931,0.212702334152637,-0.0289034510864778
3.4605767627938,0.212702427841219,-0.028903357333427
3.47057842973829,0.212702524515832,-0.0289032605915631
3.48058009668278,0.212702624148829,-0.028903160890117
3.49058176362727,0.212702726702204,-0.0289030582688079
3.50058343057176,0.212702832128237,-0.0289029527771894
3.51058509751625,0.212702940370104,-0.0289028444740276
3.52058676446074,0.21270305136244,-0.0289027334267177
3.53058843140523,0.212703165031865,-0.0289026197107402
3.54059009834973,0.212703281297464,-0.0289025034091612
3.55059176529422,0.212703400071216,-0.0289023846121755
3.56059343223871,0.212703521258383,-0.0289022634166953
3.5705950991832,0.212703644757847,-0.0289021399259812
3.58059676612769,0.212703770462414,-0.0289020142493155
3.59059843307218,0.212703898259067,-0.0289018865017134
3.60060010001667,0.212704028029192,-0.0289017568036685
3.61060176696116,0.212704159648774,-0.0289016252809263
3.62060343390565,0.212704292988573,-0.028901492064279
3.63060510085014,0.212704427914286,-0.0289013572893722
3.64060676779463,0.212704564286708,-0.0289012210965143
3.65060843473912,0.212704701961914,-0.0289010836304757
3.66061010168361,0.212704840791451,-0.0289009450402664
3.6706117686281,0.212704980622583,-0.0289008054788756
3.6806134355726,0.212705121298589,-0.0289006651029602
3.69061510251709,0.212705262659126,-0.0289005240724653
3.70061676946158,0.212705404540695,-0.0289003825501608
3.71061843640607,0.212705546777196,-0.0289002407010792
3.72062010335056,0.212705689200616,-0.0289000986918399
3.73062177029505,0.212705831641842,-0.0288999566898461
3.74062343723954,0.212705973931621,-0.0288998148623465
3.75062510418403,0.212706115901665,-0.0288996733753522
3.76062677112852,0.212706257385916,-0.0288995323924082
3.77062843807301,0.212706398221952,-0.0288993920732197
3.7806301050175,0.212706538252543,-0.028899252572142
3.79063177196199,0.212706677327328,-0.0288991140365474
3.80063343890648,0.212706815304604,-0.0288989766050879
3.81063510585098,0.212706952053185,-0.0288988404058818
3.82063677279547,0.212707087454313,-0.0288987055546544
3.83063843973996,0.212707221403574,-0.0288985721528721
3.84064010668445,0.212707353812773,-0.028898440285913
3.85064177362894,0.212707484611724,-0.0288983100213172
3.86064344057343,0.212707613749903,-0.0288981814071676
3.87064510751792,0.212707741197924,-0.0288980544706476
3.88064677446241,0.212707866948776,-0.0288979292168208
3.8906484414069,0.212707991018793,-0.0288978056276778
3.90065010835139,0.21270811344831,-0.0288976836614838
3.91065177529588,0.212708234301981,-0.0288975632524586
3.92065344224037,0.212708353668737,-0.0288974443108086
3.93065510918486,0.212708471661375,-0.0288973267231225
3.94065677612935,0.212708588415777,-0.0288972103531309
3.95065844307385,0.212708704089767,-0.0288970950428209
3.96066011001834,0.212708818861636,-0.0288969806138851
3.97066177696283,0.212708932928359,-0.0288968668694766
3.98066344390732,0.212709046503536,-0.0288967535962339
3.99066511085181,0.212709159815118,-0.0288966405665312
4.0006667777963,0.212709273102947,-0.0288965275409074
4.01066844474079,0.212709386616182,-0.0288964142706227
4.02067011168528,0.212709500610646,-0.0288963005002914
4.03067177862977,0.212709615346151,-0.0288961859705403
4.04067344557426,0.212709731083853,-0.0288960704206442
4.05067511251875,0.212709848083681,-0.0288959535910948
4.06067677946324,0.212709966601872,-0.0288958352260622
4.07067844640773,0.212710086888651,-0.0288957150757162
4.08068011335223,0.212710209186088,-0.0288955928983785
4.09068178029672,0.212710333726143,-0.0288954684624839
4.10068344724121,0.212710460728924,-0.0288953415483368
4.1106851141857,0.212710590401158,-0.0288952119496498
4.12068678113019,0.212710722934887,-0.0288950794748637
4.13068844807468,0.212710858506381,-0.0288949439482463
4.14069011501917,0.212710997275271,-0.0288948052107772
4.15069178196366,0.212711139383879,-0.0288946631208244
4.16069344890815,0.212711284956757,-0.0288945175546251
4.17069511585264,0.212711434100391,-0.0288943684065839
4.18069678279713,0.212711586903089,-0.0288942155894014
4.19069844974162,0.212711743435003,-0.0288940590340504
4.20070011668611,0.212711903748298,-0.0288938986896151
4.21070178363061,0.212712067877434,-0.0288937345230086
4.2207034505751,0.212712235839552,-0.0288935665185867
4.23070511751959,0.212712407634946,-0.02889339467767
4.24070678446408,0.212712583247606,-0.0288932190179925
4.25070845140857,0.212712762645825,-0.0288930395730867
4.26071011835306,0.212712945782849,-0.028892856391621
4.27071178529755,0.212713132597562,-0.0288926695366978
4.28071345224204,0.212713323015201,-0.0288924790851247
4.29071511918653,0.212713516948079,-0.0288922851266661
4.30071678613102,0.212713714296327,-0.028892087763284
4.31071845307551,0.212713914948638,-0.0288918871083731
4.32072012002,0.212714118783001,-0.0288916832859959
4.33072178696449,0.212714325667443,-0.0288914764301213
4.34072345390898,0.212714535460756,-0.028891266683869
4.35072512085348,0.212714748013224,-0.0288910541987606
4.36072678779797,0.212714963167335,-0.0288908391339781
4.37072845474246,0.212715180758495,-0.0288906216556266
4.38073012168695,0.212715400615742,-0.0288904019360025
4.39073178863144,0.212715622562449,-0.0288901801528596
4.40073345557593,0.212715846417051,-0.0288899564886732
4.41073512252042,0.212716071993766,-0.0288897311298947
4.42073678946491,0.212716299103346,-0.0288895042661932
4.4307384564094,0.212716527553841,-0.0288892760896786
4.44074012335389,0.212716757151391,-0.0288890467941007
4.45074179029838,0.212716987701061,-0.0288888165740204
4.46074345724287,0.212717219007694,-0.0288885856239471
4.47074512418736,0.212717450876825,-0.0288883541374415
4.48074679113186,0.212717683115618,-0.0288881223061784
4.49074845807635,0.212717915533863,-0.0288878903189725
4.50075012502084,0.212718147945001,-0.0288876583607649
4.51075179196533,0.212718380167195,-0.0288874266115753
4.52075345890982,0.212718612024435,-0.0288871952454241
4.53075512585431,0.21271884334766,-0.0288869644292314
4.5407567927988,0.212719073975908,-0.0288867343217028
4.55075845974329,0.212719303757456,-0.0288865050722127
4.56076012668778,0.212719532550963,-0.0288862768196994
4.57076179363227,0.212719760226576,-0.0288860496915862
4.58076346057676,0.212719986666999,-0.0288858238027459
4.59076512752125,0.212720211768494,-0.0288855992545266
4.60076679446574,0.212720435441809,-0.0288853761338564
4.61076846141023,0.212720657612995,-0.0288851545124457
4.62077012835473,0.212720878224115,-0.0288849344461061
4.63077179529922,0.212721097233813,-0.028884715974201
4.64077346224371,0.212721314617726,-0.0288844991192456
4.6507751291882,0.212721530368741,-0.028884283886668
4.66077679613269,0.212721744497066,-0.0288840702647432
4.67077846307718,0.212721957030124,-0.0288838582247079
4.68078013002167,0.212722168012254,-0.0288836477210604
4.69078179696616,0.21272237750422,-0.0288834386920473
4.70078346391065,0.212722585582545,-0.0288832310603349
4.71078513085514,0.212722792338645,-0.0288830247338585
4.72078679779963,0.212722997877812,-0.028882819606842
4.73078846474412,0.212723202318021,-0.0288826155609738
4.74079013168862,0.212723405788607,-0.0288824124667244
4.75079179863311,0.212723608428811,-0.0288822101847886
4.7607934655776,0.212723810386222,-0.0288820085676306
4.77079513252209,0.212724011815144,-0.0288818074611133
4.78079679946658,0.212724212874888,-0.0288816067061867
4.79079846641107,0.212724413728046,-0.0288814061406149
4.80080013335556,0.212724614538734,-0.0288812056007179
4.81080180030005,0.212724815470854,-0.0288810049231058
4.82080346724454,0.212725016686382,-0.0288808039463849
4.83080513418903,0.212725218343705,-0.0288806025128153
4.84080680113352,0.212725420596027,-0.0288804004699023
4.85080846807801,0.212725623589854,-0.0288801976719046
4.8608101350225,0.212725827463585,-0.0288799939812468
4.87081180196699,0.212726032346204,-0.0288797892698226
4.88081346891149,0.212726238356091,-0.0288795834201807
4.89081513585598,0.212726445599963,-0.0288793763265854
4.90081680280047,0.212726654171938,-0.0288791678959481
4.91081846974496,0.212726864152739,-0.0288789580486255
4.92082013668945,0.21272707560902,-0.0288787467190856
4.93082180363394,0.212727288592831,-0.0288785338564415
4.94082347057843,0.212727503141213,-0.0288783194248555
4.95082513752292,0.212727719275907,-0.0288781034038192
4.96082680446741,0.212727937003192,-0.0288778857883132
4.9708284714119,0.212728156313828,-0.028877666588854
4.98083013835639,0.21272837718311,-0.0288774458314341
4.99083180530088,0.212728599571016,-0.0288772235573632
5.00083347224537,0.212728823422446,-0.0288769998230183
5.01083513918987,0.212729048667546,-0.0288767746995099
5.02083680613436,0.212729275232658,-0.0288765482603488
5.03083847307885,0.212729503082353,-0.028876320538547
5.04084014002334,0.212729731928612,-0.0288760918495099
5.05084180696783,0.212729961201435,-0.0288758627796364
5.06084347391232,0.212730190205777,-0.0288756340307068
5.07084514085681,0.212730418187451,-0.0288754063589656
5.0808468078013,0.212730644348472,-0.0288751805624305
5.09084847474579,0.212730867863932,-0.0288749574637292
5.10085014169028,0.212731087897315,-0.0288747378950856
5.11085180863477,0.212731303613007,-0.0288745226861909
5.12085347557926,0.212731514186903,-0.0288743126539434
5.13085514252375,0.212731718815964,-0.0288741085932238
5.14085680946824,0.212731916727254,-0.0288739112681784
5.15085847641274,0.212732107186748,-0.0288737214037214
5.16086014335723,0.21273228950803,-0.0288735396771459
5.17086181030172,0.212732463060857,-0.0288733667098486
5.18086347724621,0.212732627279498,-0.0288732030592604
5.1908651441907,0.212732781670697,-0.0288730492111281
5.20086681113519,0.212732925821049,-0.0288729055723364
5.21086847807968,0.212733059403593,-0.0288727724644738
5.22087014502417,0.212733182183394,-0.0288726501183587
5.23087181196866,0.212733294021906,-0.0288725386697282
5.24087347891315,0.212733394879937,-0.0288724381562765
5.25087514585764,0.212733484819063,-0.0288723485161942
5.26087681280213,0.212733564001376,-0.028872269588319
5.27087847974662,0.212733632687534,-0.0288722011139606
5.28088014669112,0.212733691233086,-0.0288721427404079
5.29088181363561,0.212733740083145,-0.0288720940260732
5.3008834805801,0.212733779765513,-0.0288720544471748
5.31088514752459,0.212733810882409,-0.0288720234058103
5.32088681446908,0.212733834101007,-0.0288720002392318
5.33088848141357,0.212733850143013,-0.0288719842300983
5.34089014835806,0.21273385977353,-0.0288719746174601
5.35089181530255,0.212733863789481,-0.0288719706082108
5.36089348224704,0.212733863007859,-0.0288719713887461
5.37089514919153,0.212733858254054,-0.0288719761365679
5.38089681613602,0.212733850350517,-0.0288719840315932
5.39089848308051,0.212733840105955,-0.0288719942669462
5.400900150025,0.212733828305269,-0.0288720060590427
5.41090181696949,0.212733815700374,-0.0288720186568084
5.42090348391399,0.212733803002028,-0.0288720313499063
5.43090515085848,0.212733790872749,-0.0288720434758854
5.44090681780297,0.212733779920872,-0.0288720544261983
5.45090848474746,0.212733770695766,-0.0288720636510648
5.46091015169195,0.21273376368418,-0.0288720706631932
5.47091181863644,0.212733759307711,-0.0288720750403916
5.48091348558093,0.212733757921306,-0.0288720764271253
5.49091515252542,0.212733759812738,-0.0288720745350949
5.50091681946991,0.212733765202965,-0.0288720691429173
5.5109184864144,0.212733774247288,-0.0288720600950051
5.52092015335889,0.21273378703719,-0.0288720472997405
5.53092182030338,0.212733803602783,-0.028872030727042
5.54092348724787,0.212733823915744,-0.0288720104054204
5.55092515419236,0.21273384789267,-0.0288719864186145
5.56092682113686,0.212733875398756,-0.0288719589018924
5.57092848808135,0.212733906251728,-0.0288719280380953
5.58093015502584,0.21273394022595,-0.0288718940534933
5.59093182197033,0.212733977056667,-0.0288718572135126
5.60093348891482,0.212734016444322,-0.0288718178183861
5.61093515585931,0.212734058058898,-0.0288717761987701
5.6209368228038,0.212734101544274,-0.028871732711362
5.63093848974829,0.212734146522545,-0.0288716877345473
5.64094015669278,0.212734192598303,-0.0288716416640976
5.65094182363727,0.212734239362847,-0.0288715949089372
5.66094349058176,0.212734286398326,-0.0288715478869896
5.67094515752625,0.21273433328179,-0.0288715010211171
5.68094682447075,0.212734379589156,-0.0288714547351591
5.69094849141524,0.212734424899061,-0.028871409450079
5.70095015835973,0.212734468796613,-0.0288713655802274
5.71095182530422,0.212734510877023,-0.0288713235297311
5.72095349224871,0.212734550749095,-0.0288712836890192
5.7309551591932,0.212734588038582,-0.0288712464314989
5.74095682613769,0.212734622391368,-0.0288712121103978
5.75095849308218,0.212734653476476,-0.0288711810557906
5.76096016002667,0.212734680988863,-0.028871153571831
5.77096182697116,0.212734704651993,-0.0288711299342112
5.78096349391565,0.212734724220155,-0.0288711103878745
5.79096516086014,0.212734739480494,-0.0288710951450046
5.80096682780463,0.212734750254744,-0.0288710843833184
5.81096849474913,0.212734756400626,-0.0288710782446851
5.82097016169362,0.212734757812889,-0.0288710768340953
5.83097182863811,0.212734754423981,-0.0288710802189989
5.8409734955826,0.212734746204329,-0.028871088429027
5.85097516252709,0.212734733162214,-0.0288711014561098
5.86097682947158,0.212734715343246,-0.0288711192549952
5.87097849641607,0.212734692829432,-0.0288711417441666
5.88098016336056,0.212734665737845,-0.0288711688071543
5.89098183030505,0.212734634218916,-0.0288712002942249
5.90098349724954,0.212734598454362,-0.0288712360244288
5.91098516419403,0.212734558654783,-0.0288712757879788
5.92098683113852,0.21273451505696,-0.0288713193489252
5.93098849808301,0.2127344679209,-0.0288713664480917
5.9409901650275,0.212734417526654,-0.0288714168062261
5.950991831972,0.212734364170981,-0.0288714701273227
5.96099349891649,0.212734308163882,-0.0288715261020649
5.97099516586098,0.212734249825071,-0.0288715844113398
5.98099683280547,0.212734189480428,-0.028871644729775
5.99099849974996,0.21273412745848,-0.0288717067292474
6.00100016669445,0.212734064086962,-0.0288717700823181
6.01100183363894,0.2127339996895,-0.0288718344655496
6.02100350058343,0.212733934584688,-0.0288718995604743
6.03100516752792,0.21273386909914,-0.0288719650408179
6.04100683447241,0.21273380370041,-0.0288720304411821
6.0510085014169,0.212733738975432,-0.0288720951755092
6.06101016836139,0.212733675538613,-0.0288721586292285
6.07101183530588,0.212733613991134,-0.0288722202004271
6.08101350225038,0.212733554907605,-0.0288722793134649
6.09101516919487,0.212733498824836,-0.0288723354302594
6.10101683613936,0.212733446233873,-0.0288723880583468
6.11101850308385,0.21273339757519,-0.0288724367557773
6.12102017002834,0.212733353235999,-0.0288724811338683
6.13102183697283,0.212733313548912,-0.0288725208586074
6.14102350391732,0.212733278791472,-0.0288725556511595
6.15102517086181,0.212733249186359,-0.0288725852877039
6.1610268378063,0.212733224902131,-0.0288726095987176
6.17102850475079,0.212733206054448,-0.0288726284677793
6.18103017169528,0.212733192707699,-0.0288726418299509
6.19103183863977,0.212733184876993,-0.0288726496697947
6.20103350558426,0.212733182530448,-0.0288726520190836
6.21103517252875,0.212733185591726,-0.0288726489542562
6.22103683947325,0.212733193942765,-0.0288726405936729
6.23103850641774,0.212733207426657,-0.0288726270947172
6.24104017336223,0.212733225850633,-0.0288726086507888
6.25104184030672,0.212733248989114,-0.0288725854882247
6.26104350725121,0.212733276586801,-0.0288725578631832
6.2710451741957,0.212733308361763,-0.0288725260585189
6.28104684114019,0.212733344008525,-0.0288724903806716
6.29104850808468,0.212733383201112,-0.0288724511565889
6.30105017502917,0.212733425596048,-0.0288724087306961
6.31105184197366,0.212733470835302,-0.0288723634619257
6.32105350891815,0.212733518549165,-0.028872315720814
6.33105517586264,0.212733568359064,-0.0288722658866693
6.34105684280713,0.212733619880296,-0.0288722143448147
6.35105850975163,0.212733672724701,-0.0288721614839079
6.36106017669612,0.212733726503248,-0.0288721076933373
6.37106184364061,0.212733780828567,-0.0288720533606941
6.3810635105851,0.212733835317392,-0.0288719988693203
6.39106517752959,0.212733889592944,-0.0288719445959335
6.40106684447408,0.212733943287235,-0.0288718909083273
6.41106851141857,0.212733996043301,-0.0288718381631517
6.42107017836306,0.212734047517351,-0.0288717867037751
6.43107184530755,0.212734097380834,-0.028871736858234
6.44107351225204,0.212734145322416,-0.0288716889372765
6.45107517919653,0.212734191049851,-0.0288716432325088
6.46107684614102,0.212734234291746,-0.0288716000146538
6.47107851308551,0.212734274799195,-0.0288715595319347
6.48108018003,0.212734312347281,-0.0288715220085961
6.4910818469745,0.212734346736424,-0.0288714876435759
6.50108351391899,0.212734377793557,-0.0288714566093443
6.51108518086348,0.212734405373126,-0.0288714290509226
6.52108684780797,0.212734429357889,-0.0288714050850974
6.53108851475246,0.212734449659499,-0.0288713847998437
6.54109018169695,0.212734466218874,-0.0288713682539685
6.55109184864144,0.21273447900632,-0.0288713554769856
6.56109351558593,0.212734488021424,-0.0288713464692291
6.57109518253042,0.21273449329269,-0.0288713412022108
6.58109684947491,0.212734494876932,-0.0288713396192239
6.5910985164194,0.212734492858419,-0.0288713416361907
6.60110018336389,0.212734487347776,-0.0288713471427497
6.61110185030839,0.212734478480656,-0.0288713560035735
6.62110351725288,0.21273446641619,-0.0288713680599042
6.63110518419737,0.212734451335236,-0.0288713831312915
6.64110685114186,0.212734433438442,-0.0288714010175133
6.65110851808635,0.212734412944153,-0.0288714215006576
6.66111018503084,0.212734390086177,-0.0288714443473404
6.67111185197533,0.212734365111444,-0.0288714693110327
6.68111351891982,0.212734338277589,-0.0288714961344697
6.69111518586431,0.212734309850481,-0.0288715245521122
6.7011168528088,0.212734280101726,-0.0288715542926307
6.71111851975329,0.212734249306188,-0.0288715850813844
6.72112018669778,0.212734217739538,-0.0288716166428652
6.73112185364227,0.212734185675873,-0.0288716487030811
6.74112352058676,0.212734153385412,-0.0288716809918534
6.75112518753126,0.212734121132319,-0.0288717132450046
6.76112685447575,0.212734089172641,-0.0288717452064168
6.77112852142024,0.212734057752408,-0.028871776629943
6.78113018836473,0.212734027105888,-0.0288718072811559
6.79113185530922,0.212733997454017,-0.0288718369389237
6.80113352225371,0.212733969003019,-0.0288718653968026
6.8111351891982,0.212733941943204,-0.0288718924642412
6.82113685614269,0.21273391644797,-0.0288719179675936
6.83113852308718,0.212733892672984,-0.0288719417509409
6.84114019003167,0.212733870755562,-0.0288719636767223
6.85114185697616,0.212733850814227,-0.0288719836261822
6.86114352392065,0.21273383294845,-0.0288720014996368
6.87114519086514,0.212733817238558,-0.0288720172165706
6.88114685780964,0.212733803745805,-0.0288720307155704
6.89114852475413,0.212733792512589,-0.0288720419541075
6.90115019169862,0.21273378356282,-0.0288720509081794
6.91115185864311,0.212733776902401,-0.0288720575718228
6.9211535255876,0.212733772519834,-0.0288720619565096
6.93115519253209,0.21273377038693,-0.0288720640904371
6.94115685947658,0.212733770459608,-0.0288720640177266
6.95115852642107,0.212733772678772,-0.0288720617975395
6.96116019336556,0.212733776971268,-0.0288720575031248
6.97116186031005,0.212733783250884,-0.0288720512208063
6.98116352725454,0.212733791419413,-0.0288720430489224
6.99116519419903,0.212733801367743,-0.0288720330967261
7.00116686114352,0.212733812976985,-0.0288720214832562
7.01116852808801,0.212733826119617,-0.0288720083361867
7.02117019503251,0.212733840660645,-0.0288719937906628
7.031171861977,0.212733856458764,-0.0288719779881318
7.04117352892149,0.21273387336753,-0.0288719610751736
7.05117519586598,0.212733891236513,-0.0288719432023392
7.06117686281047,0.212733909912445,-0.028871924523001
7.07117852975496,0.21273392924035,-0.0288719051922224
7.08118019669945,0.21273394906465,-0.0288718853656492
7.09118186364394,0.212733969230241,-0.0288718651984299
7.10118353058843,0.212733989583548,-0.0288718448441678
7.11118519753292,0.212734009973526,-0.0288718244539095
7.12118686447741,0.212734030252643,-0.0288718041751748
7.1311885314219,0.212734050277797,-0.0288717841510304
7.14119019836639,0.212734069911202,-0.0288717645192123
7.15119186531089,0.212734089021214,-0.0288717454113011
7.16119353225538,0.2127341074831,-0.028871726951952
7.17119519919987,0.212734125179756,-0.0288717092581848
7.18119686614436,0.212734142002353,-0.0288716924387369
7.19119853308885,0.212734157850923,-0.0288716765934817
7.20120020003334,0.212734172634874,-0.0288716618129159
7.21120186697783,0.212734186273435,-0.0288716481777189
7.22120353392232,0.212734198696022,-0.028871635758386
7.23120520086681,0.212734209842536,-0.0288716246149375
7.2412068678113,0.212734219663573,-0.0288716147967061
7.25120853475579,0.212734228120561,-0.0288716063422032
7.26121020170028,0.212734235185819,-0.0288715992790639
7.27121186864477,0.212734240842525,-0.0288715936240731
7.28121353558926,0.21273424508462,-0.0288715893832698
7.29121520253376,0.212734247916619,-0.0288715865521295
7.30121686947825,0.212734249353357,-0.0288715851158229
7.31121853642274,0.212734249419652,-0.0288715850495481
7.32122020336723,0.212734248149903,-0.0288715863189334
7.33122187031172,0.21273424558762,-0.0288715888805061
7.34122353725621,0.212734241784891,-0.0288715926822239
7.3512252042007,0.212734236801791,-0.0288715976640627
7.36122687114519,0.212734230705743,-0.028871603758656
7.37122853808968,0.212734223570828,-0.0288716108919797
7.38123020503417,0.212734215477067,-0.0288716189840748
7.39123187197866,0.212734206509655,-0.0288716279498023
7.40123353892315,0.212734196758187,-0.0288716376996228
7.41123520586764,0.212734186315859,-0.0288716481403933
7.42123687281213,0.212734175278655,-0.0288716591761742
7.43123853975663,0.212734163744542,-0.0288716707090388
7.44124020670112,0.21273415181266,-0.0288716826398787
7.45124187364561,0.212734139582528,-0.0288716948691979
7.4612435405901,0.212734127153272,-0.0288717072978885
7.47124520753459,0.212734114622868,-0.0288717198279823
7.48124687447908,0.212734102087421,-0.0288717323633724
7.49124854142357,0.212734089640484,-0.0288717448104988
7.50125020836806,0.21273407737241,-0.0288717570789944
7.51125187531255,0.212734065369753,-0.0288717690822853
7.52125354225704,0.212734053714713,-0.0288717807381437
7.53125520920153,0.212734042484643,-0.0288717919691891
7.54125687614602,0.212734031751594,-0.0288718027033354
7.55125854309052,0.212734021581931,-0.0288718128741831
7.56126021003501,0.212734012035997,-0.0288718224213541
7.5712618769795,0.212734003167836,-0.0288718312907693
7.58126354392399,0.212733995024973,-0.0288718394348685
7.59126521086848,0.212733987648254,-0.0288718468127738
7.60126687781297,0.212733981071741,-0.0288718533903959
7.61126854475746,0.212733975322655,-0.0288718591404866
7.62127021170195,0.212733970421384,-0.0288718640426376
7.63127187864644,0.212733966381532,-0.0288718680832285
7.64127354559093,0.21273396321002,-0.028871871255327
7.65127521253542,0.212733960907232,-0.0288718735585419
7.66127687947991,0.212733959467205,-0.0288718749988348
7.6712785464244,0.212733958877857,-0.0288718755882905
7.6812802133689,0.212733959121252,-0.0288718753448522
7.69128188031339,0.212733960173899,-0.0288718742920216
7.70128354725788,0.212733962007081,-0.0288718724585308
7.71128521420237,0.212733964587208,-0.0288718698779865
7.72128688114686,0.212733967876197,-0.0288718665884917
7.73128854809135,0.212733971831867,-0.0288718626322469
7.74129021503584,0.212733976408358,-0.0288718580551356
7.75129188198033,0.212733981556553,-0.0288718529062964
7.76129354892482,0.212733987224516,-0.0288718472376855
7.77129521586931,0.21273399335794,-0.0288718411036321
7.7812968828138,0.212733999900588,-0.0288718345603906
7.79129854975829,0.212734006794747,-0.028871827665692
7.80130021670278,0.212734013981669,-0.0288718204782975
7.81130188364727,0.212734021402018,-0.028871813057557
7.82130355059177,0.212734028996295,-0.0288718054629759
7.83130521753626,0.21273403670527,-0.0288717977537914
7.84130688448075,0.212734044470388,-0.0288717899885612
7.85130855142524,0.212734052234165,-0.0288717822247684
7.86131021836973,0.21273405994057,-0.0288717745184418
7.87131188531422,0.212734067535383,-0.0288717669237964
7.88131355225871,0.212734074966533,-0.0288717594928943
7.8913152192032,0.212734082184418,-0.0288717522753286
7.90131688614769,0.212734089142194,-0.0288717453179314
7.91131855309218,0.212734095796044,-0.0288717386645073
7.92132022003667,0.212734102105417,-0.0288717323555942
7.93132188698116,0.21273410803324,-0.0288717264282518
7.94132355392565,0.2127341135461,-0.0288717209158792
7.95132522087015,0.212734118614397,-0.0288717158480623
7.96132688781464,0.212734123212471,-0.0288717112504508
7.97132855475913,0.212734127318688,-0.0288717071446663
7.98133022170362,0.212734130915506,-0.0288717035482408
7.99133188864811,0.212734133989506,-0.0288717004745856
8.0013335555926,0.212734136531391,-0.0288716979329904
8.01133522253709,0.21273413853596,-0.0288716959286527
8.02133688948158,0.212734140002047,-0.0288716944627353
8.03133855642607,0.212734140932437,-0.0288716935324527
8.04134022337056,0.212734141333751,-0.028871693131184
8.05134189031505,0.212734141216311,-0.0288716932486116
8.06134355725954,0.212734140593971,-0.028871693870884
8.07134522420403,0.212734139483936,-0.0288716949808017
8.08134689114853,0.212734137906557,-0.0288716965580227
8.09134855809302,0.212734135885098,-0.0288716985792873
8.10135022503751,0.212734133445505,-0.0288717010186602
8.111351891982,0.212734130616141,-0.0288717038477856
8.12135355892649,0.212734127427522,-0.0288717070361561
8.13135522587098,0.212734123912038,-0.02887171055139
8.14135689281547,0.212734120103668,-0.0288717143595171
8.15135855975996,0.212734116037687,-0.0288717184252693
8.16136022670445,0.212734111750375,-0.0288717227123736
8.17136189364894,0.21273410727872,-0.0288717271838463
8.18136356059343,0.212734102660131,-0.0288717318022841
8.19136522753792,0.212734097932146,-0.0288717365301524
8.20136689448241,0.212734093132152,-0.0288717413300659
8.21136856142691,0.212734088297113,-0.028871746165062
8.22137022837139,0.212734083463306,-0.0288717509988635
8.23137189531589,0.212734078666071,-0.0288717557961291
8.24137356226038,0.212734073939575,-0.0288717605226906
8.25137522920487,0.212734069316587,-0.0288717651457747
8.26137689614936,0.212734064828277,-0.0288717696342087
8.27137856309385,0.212734060504024,-0.0288717739586086
8.28138023003834,0.212734056371248,-0.0288717780915481
8.29138189698283,0.212734052455264,-0.0288717820077098
8.30138356392732,0.212734048779144,-0.028871785684015
8.31138523087181,0.212734045363612,-0.0288717890997343
8.3213868978163,0.212734042226954,-0.0288717922365774
8.33138856476079,0.212734039384946,-0.0288717950787624
8.34139023170528,0.212734036850809,-0.0288717976130648
8.35139189864977,0.212734034635178,-0.0288717998288463
8.36139356559427,0.212734032746092,-0.0288718017180639
8.37139523253876,0.212734031189007,-0.0288718032752593
8.38139689948325,0.212734029966823,-0.0288718044975306
8.39139856642774,0.212734029079931,-0.0288718053844856
8.40140023337223,0.212734028526279,-0.0288718059381781
8.41140190031672,0.212734028301444,-0.0288718061630289
8.42140356726121,0.212734028398735,-0.0288718060657311
8.4314052342057,0.212734028809296,-0.0288718056551424
8.44140690115019,0.212734029522228,-0.028871804942164
8.45140856809468,0.21273403052472,-0.0288718039396091
8.46141023503917,0.212734031802192,-0.0288718026620602
8.47141190198366,0.212734033338448,-0.0288718011257187
8.48141356892815,0.212734035115827,-0.0288717993482458
8.49141523587265,0.212734037115377,-0.0288717973485985
8.50141690281714,0.212734039317019,-0.0288717951468597
8.51141856976163,0.212734041699718,-0.0288717927640652
8.52142023670612,0.212734044241666,-0.0288717902220286
8.53142190365061,0.212734046920449,-0.0288717875431645
8.5414235705951,0.212734049713229,-0.0288717847503131
8.55142523753959,0.212734052596918,-0.0288717818665649
8.56142690448408,0.212734055548348,-0.0288717789150893
8.57142857142857,0.21273405854444,-0.0288717759189662
8.58143023837306,0.212734061562367,-0.0288717729010222
8.59143190531755,0.212734064579713,-0.0288717698836739
8.60143357226204,0.212734067574623,-0.0288717668887761
8.61143523920653,0.212734070525945,-0.0288717639374794
8.62143690615103,0.212734073413367,-0.0288717610500952
8.63143857309552,0.21273407621754,-0.0288717582459699
8.64144024004001,0.212734078920197,-0.0288717555433701
8.6514419069845,0.212734081504255,-0.0288717529593765
8.66144357392899,0.212734083953911,-0.0288717505097902
8.67144524087348,0.212734086254724,-0.0288717482090497
8.68144690781797,0.212734088393687,-0.02887174607016
8.69144857476246,0.212734090359287,-0.0288717441046326
8.70145024170695,0.21273409214155,-0.0288717423224394
8.71145190865144,0.212734093732078,-0.0288717407319768
8.72145357559593,0.21273409512407,-0.0288717393400438
8.73145524254042,0.212734096312335,-0.0288717381518304
8.74145690948491,0.212734097293289,-0.0288717371709197
8.75145857642941,0.212734098064944,-0.0288717363992997
8.76146024337389,0.212734098626881,-0.0288717358373881
8.77146191031839,0.212734098980218,-0.028871735484067
8.78146357726288,0.212734099127563,-0.0288717353367278
8.79146524420737,0.212734099072962,-0.028871735391327
8.80146691115186,0.212734098821829,-0.0288717356424497
8.81146857809635,0.212734098380877,-0.0288717360833829
8.82147024504084,0.21273409775804,-0.0288717367061958
8.83147191198533,0.212734096962378,-0.0288717375018277
8.84147357892982,0.212734096003991,-0.0288717384601814
8.85147524587431,0.212734094893913,-0.0288717395702225
8.8614769128188,0.212734093644015,-0.0288717408200832
8.87147857976329,0.21273409226689,-0.0288717421971697
8.88148024670778,0.212734090775751,-0.0288717436882719
8.89148191365228,0.212734089184312,-0.0288717452796756
8.90148358059677,0.21273408750668,-0.0288717469572754
8.91148524754126,0.21273408575724,-0.0288717487066877
8.92148691448575,0.212734083950542,-0.0288717505133628
8.93148858143024,0.212734082101191,-0.0288717523626961
8.94149024837473,0.212734080223739,-0.0288717542401358
8.95149191531922,0.212734078332579,-0.0288717561312888
8.96149358226371,0.212734076441845,-0.028871758022022
8.9714952492082,0.212734074565313,-0.0288717598985589
8.98149691615269,0.21273407271631,-0.0288717617475721
8.99149858309718,0.212734070907627,-0.0288717635562692
9.00150025004167,0.212734069151443,-0.028871765312473
9.01150191698616,0.212734067459243,-0.0288717670046951
9.02150358393066,0.212734065841761,-0.0288717686222025
9.03150525087515,0.212734064308914,-0.0288717701550768
9.04150691781964,0.212734062869753,-0.0288717715942662
9.05150858476413,0.212734061532418,-0.0288717729316298
9.06151025170862,0.212734060304103,-0.0288717741599733
9.07151191865311,0.212734059191025,-0.0288717752730782
9.0815135855976,0.212734058198407,-0.0288717762657219
9.09151525254209,0.212734057330461,-0.0288717771336906
9.10151691948658,0.212734056590388,-0.0288717778737844
9.11151858643107,0.212734055980374,-0.0288717784838147
9.12152025337556,0.212734055501608,-0.0288717789625947
9.13152192032005,0.21273405515429,-0.0288717793099224
9.14152358726454,0.212734054937661,-0.0288717795265571
9.15152525420904,0.212734054850031,-0.0288717796141896
9.16152692115353,0.212734054888814,-0.0288717795754061
9.17152858809802,0.212734055050568,-0.028871779413647
9.18153025504251,0.212734055331048,-0.0288717791331601
9.191531921987,0.212734055725249,-0.0288717787389497
9.20153358893149,0.212734056227466,-0.0288717782367207
9.21153525587598,0.212734056831353,-0.02887177763282
9.22153692282047,0.212734057529985,-0.0288717769341744
9.23153858976496,0.212734058315919,-0.0288717761482252
9.24154025670945,0.212734059181267,-0.028871775282862
9.25154192365394,0.21273406011776,-0.0288717743463542
9.26154359059843,0.212734061116819,-0.0288717733472813
9.27154525754292,0.212734062169625,-0.0288717722944631
9.28154692448742,0.212734063267187,-0.0288717711968903
9.2915485914319,0.212734064400414,-0.0288717700636545
9.3015502583764,0.212734065560181,-0.0288717689038799
9.31155192532089,0.212734066737399,-0.0288717677266571
9.32155359226538,0.212734067923077,-0.0288717665409772
9.33155525920987,0.212734069108384,-0.0288717653556697
9.34155692615436,0.212734070284713,-0.0288717641793424
9.35155859309885,0.212734071443735,-0.0288717630203245
9.36156026004334,0.212734072577452,-0.028871761886613
9.37156192698783,0.21273407367825,-0.028871760785823
9.38156359393232,0.212734074738939,-0.0288717597251421
9.39156526087681,0.212734075752803,-0.0288717587112885
9.4015669278213,0.212734076713628,-0.0288717577504738
9.41156859476579,0.212734077615743,-0.0288717568483708
9.42157026171028,0.21273407845404,-0.0288717560100849
9.43157192865478,0.212734079224004,-0.0288717552401316
9.44157359559927,0.212734079921729,-0.0288717545424177
9.45157526254376,0.212734080543929,-0.0288717539202281
9.46157692948825,0.212734081087949,-0.0288717533762169
9.47157859643274,0.21273408155177,-0.0288717529124042
9.48158026337723,0.212734081934004,-0.028871752530176
9.49158193032172,0.212734082233895,-0.0288717522302907
9.50158359726621,0.212734082451301,-0.0288717520128881
9.5115852642107,0.212734082586688,-0.0288717518775041
9.52158693115519,0.212734082641104,-0.0288717518230887
9.53158859809968,0.212734082616164,-0.0288717518480282
9.54159026504417,0.21273408251402,-0.0288717519501706
9.55159193198866,0.212734082337333,-0.0288717521268547
9.56159359893316,0.212734082089242,-0.0288717523749418
9.57159526587765,0.212734081773329,-0.0288717526908508
9.58159693282214,0.212734081393579,-0.0288717530705947
9.59159859976663,0.212734080954348,-0.0288717535098203
9.60160026671112,0.212734080460314,-0.0288717540038483
9.61160193365561,0.212734079916441,-0.0288717545477162
9.6216036006001,0.21273407932793,-0.028871755136221
9.63160526754459,0.212734078700182,-0.0288717557639637
9.64160693448908,0.212734078038748,-0.0288717564253929
9.65160860143357,0.212734077349287,-0.0288717571148498
9.66161026837806,0.212734076637521,-0.0288717578266117
9.67161193532255,0.212734075909194,-0.0288717585549357
9.68161360226704,0.212734075170027,-0.0288717592941009
9.69161526921154,0.212734074425678,-0.0288717600384497
9.70161693615603,0.212734073681699,-0.0288717607824279
9.71161860310052,0.212734072943506,-0.028871761520622
9.72162027004501,0.212734072216334,-0.0288717622477959
9.7316219369895,0.212734071505208,-0.0288717629589242
9.74162360393399,0.212734070814911,-0.0288717636492239
9.75162527087848,0.212734070149955,-0.0288717643141831
9.76162693782297,0.212734069514555,-0.0288717649495874
9.77162860476746,0.212734068912604,-0.0288717655515428
9.78163027171195,0.212734068347654,-0.0288717661164965
9.79163193865644,0.212734067822901,-0.0288717666412541
9.80163360560093,0.212734067341166,-0.0288717671229938
9.81163527254542,0.212734066904886,-0.0288717675592777
9.82163693948992,0.212734066516108,-0.0288717679480603
9.83163860643441,0.212734066176478,-0.0288717682876929
9.8416402733789,0.212734065887248,-0.0288717685769264
9.85164194032339,0.212734065649267,-0.0288717688149098
9.86164360726788,0.212734065462993,-0.0288717690011867
9.87164527421237,0.212734065328492,-0.0288717691356887
9.88164694115686,0.212734065245455,-0.0288717692187263
9.89164860810135,0.212734065213205,-0.0288717692509768
9.90165027504584,0.212734065230711,-0.0288717692334704
9.91165194199033,0.212734065296607,-0.0288717691675741
9.92165360893482,0.212734065409207,-0.0288717690549728
9.93165527587931,0.212734065566529,-0.0288717688976495
9.9416569428238,0.212734065766313,-0.0288717686978633
9.95165860976829,0.212734066006048,-0.0288717684581262
9.96166027671279,0.212734066282994,-0.028871768181178
9.97166194365728,0.212734066594209,-0.0288717678699613
9.98166361060177,0.212734066936573,-0.0288717675275948
9.99166527754626,0.212734067306819,-0.0288717671573462
