var1,var2,var3,var4,var5,var6,var7
0,0,0,0,0,0,0
0.100008334027836,2.84918203968117e-07,-9.86207303897829e-13,7.29756479714691e-20,-4.30680081910576e-34,2.8491820396819e-07,-9.86207303897829e-13
0.200016668055671,9.3500611329169e-06,-4.54813411496559e-10,8.08141482608859e-16,-2.03427142861813e-26,9.35006113372504e-06,-4.54813411496559e-10
0.300025002083507,-8.21595246224269e-07,6.05110956329262e-11,3.27971390199412e-17,-6.69907011124512e-27,-8.21595246191472e-07,6.05110956329262e-11
0.400033336111343,1.30685434328787e-08,1.14619664310891e-12,-1.62776525577812e-16,1.22238494348583e-26,1.30685432701021e-08,1.14619664310892e-12
0.500041670139178,1.58729837139158e-05,-1.27920515339747e-09,5.03528970319553e-15,-5.17300952780199e-25,1.58729837189511e-05,-1.27920515339747e-09
0.600050004167014,1.30065102466907e-05,-8.24996552662506e-10,1.06805379588239e-14,-5.42678994356389e-25,1.30065102573713e-05,-8.24996552662506e-10
0.70005833819485,4.43280447354316e-06,-2.8183036717926e-10,3.64183650237998e-15,-2.07076843679599e-25,4.432804477185e-06,-2.81830367179261e-10
0.800066672222685,1.73075648315957e-05,-1.21812521288372e-09,1.84925801538076e-14,-1.60606843384435e-24,1.73075648500882e-05,-1.21812521288372e-09
0.900075006250521,1.33933758549074e-05,-1.12993892578954e-09,2.25454018676799e-14,-3.59785827738509e-24,1.33933758774528e-05,-1.12993892578955e-09
1.00008334027836,3.90768485605247e-06,-3.37299591527948e-10,6.16078752600269e-15,-1.14892395618413e-24,3.90768486221325e-06,-3.37299591527949e-10
1.10009167430619,2.03626035657483e-05,-1.79899055866686e-09,3.64827765407416e-14,-7.31457537696415e-24,2.03626036022311e-05,-1.79899055866687e-09
1.20010000833403,2.60645358146271e-05,-2.3818749037554e-09,6.79104661916524e-14,-1.44589046718954e-23,2.60645358825376e-05,-2.38187490375541e-09
1.30010834236186,9.51366715054017e-06,-9.04632714940068e-10,3.01972592555769e-14,-7.43021633052249e-24,9.51366718073743e-06,-9.04632714940076e-10
1.4001166763897,1.57484297369999e-05,-1.53520208886634e-09,4.61188132843231e-14,-1.27122893266639e-23,1.57484297831187e-05,-1.53520208886635e-09
1.50012501041753,2.5230286907587e-05,-2.67442079546772e-09,9.27359873207152e-14,-3.19483897051365e-23,2.5230287000323e-05,-2.67442079546775e-09
1.60013334444537,1.59852345242653e-05,-1.7872185031495e-09,6.89830277585873e-14,-2.80117674810142e-23,1.59852345932483e-05,-1.78721850314953e-09
1.70014167847321,2.01880094703041e-05,-2.31681527926019e-09,8.63862484060384e-14,-3.84297641347575e-23,2.01880095566903e-05,-2.31681527926023e-09
1.80015001250104,3.08143621507566e-05,-3.75559705540833e-09,1.56706770936019e-13,-8.08111346465669e-23,3.08143623074633e-05,-3.75559705540842e-09
1.90015834652888,2.05490204535501e-05,-2.66091454779029e-09,1.23914640965198e-13,-7.60712649840238e-23,2.05490205774647e-05,-2.66091454779037e-09
2.00016668055671,1.72558783807211e-05,-2.29437294400961e-09,1.01709878640632e-13,-6.94819109042712e-23,1.7255878482431e-05,-2.29437294400968e-09
2.10017501458455,2.98073098694755e-05,-4.15309032850936e-09,1.92938283330876e-13,-1.50576093188484e-22,2.98073100624138e-05,-4.15309032850951e-09
2.20018334861238,2.85060618243539e-05,-4.21560480288326e-09,2.13933643872299e-13,-1.95585026844729e-22,2.85060620382875e-05,-4.21560480288346e-09
2.30019168264022,2.33629270129251e-05,-3.58207509676708e-09,1.83454689016612e-13,-1.88332992992579e-22,2.33629271963798e-05,-3.58207509676727e-09
2.40020001666806,3.11425058450311e-05,-4.98030354661498e-09,2.59666234987028e-13,-3.01301742841949e-22,3.11425061046974e-05,-4.98030354661528e-09
2.50020835069589,3.07334267768902e-05,-5.19784726507431e-09,2.89053539266496e-13,-3.91286086996785e-22,3.07334270659438e-05,-5.1978472650747e-09
2.60021668472373,2.44654273719489e-05,-4.29420846866753e-09,2.4154035244002e-13,-3.68990146175045e-22,2.44654276134892e-05,-4.2942084686679e-09
2.70022501875156,3.17857774525106e-05,-5.78128992441515e-09,3.24039311216164e-13,-5.52197804482956e-22,3.17857777765499e-05,-5.7812899244157e-09
2.8002333527794,3.66131594665854e-05,-7.01360007760082e-09,4.14141170684675e-13,-8.10621268283134e-22,3.66131598807266e-05,-7.01360007760163e-09
2.90024168680723,3.05492549211911e-05,-6.11001863306801e-09,3.71970787598233e-13,-8.26791865233298e-22,3.05492552931619e-05,-6.11001863306883e-09
3.00025002083507,3.23490004278001e-05,-6.69812194481089e-09,4.04990542644646e-13,-1.0033016566622e-21,3.23490008327907e-05,-6.69812194481189e-09
3.10025835486291,3.72847748350713e-05,-8.06820810819624e-09,5.02996714867255e-13,-1.41216108631334e-21,3.7284775338068e-05,-8.06820810819765e-09
3.20026668889074,3.39899566987052e-05,-7.66806787058725e-09,4.91352339193053e-13,-1.55927471050386e-21,3.39899571900575e-05,-7.66806787058881e-09
3.30027502291858,3.51678932636159e-05,-8.21045130925307e-09,5.24285698380801e-13,-1.84897305545481e-21,3.51678937879016e-05,-8.21045130925492e-09
3.40028335694641,4.09492884675515e-05,-9.96218933896644e-09,6.49906332445467e-13,-2.57465188490857e-21,4.09492891174579e-05,-9.96218933896902e-09
3.50029169097425,3.8649084514105e-05,-9.80792656553803e-09,6.5854425226175e-13,-2.94333722491608e-21,3.86490851726492e-05,-9.80792656554097e-09
3.60030002500208,3.67303118285985e-05,-9.64164381860167e-09,6.47764287949812e-13,-3.21363537427748e-21,3.67303124763628e-05,-9.64164381860489e-09
3.70030835902992,4.15981160295812e-05,-1.13166748459048e-08,7.66911801285484e-13,-4.22797220708925e-21,4.1598116796493e-05,-1.1316674845909e-08
3.80031669305775,4.24054467350339e-05,-1.19983290407898e-08,8.32652306567164e-13,-5.1370084316913e-21,4.24054475676862e-05,-1.19983290407949e-08
3.90032502708559,4.08409773997473e-05,-1.19614648092761e-08,8.35955318367506e-13,-5.71889286870822e-21,4.08409782357027e-05,-1.19614648092818e-08
4.00033336111343,4.42514546573661e-05,-1.34118702683471e-08,9.42565957407418e-13,-7.13360997343579e-21,4.42514555999321e-05,-1.34118702683543e-08
4.10034169514126,4.54865257417856e-05,-1.43054872918391e-08,1.0250865087699e-12,-8.62880471106042e-21,4.54865267668721e-05,-1.43054872918477e-08
4.2003500291691,4.34138006254597e-05,-1.41159275942746e-08,1.02073333199115e-12,-9.49287495387703e-21,4.3413801646193e-05,-1.41159275942841e-08
4.30035836319693,4.58641514554392e-05,-1.5389686838407e-08,1.1149685745349e-12,-1.13973424475386e-20,4.58641525704078e-05,-1.53896868384184e-08
4.40036669722477,4.87489726451693e-05,-1.69281684176252e-08,1.24471256508276e-12,-1.40496843825597e-20,4.87489738898819e-05,-1.69281684176392e-08
4.5003750312526,4.76155034291434e-05,-1.70899059563616e-08,1.27176582815773e-12,-1.58183463074372e-20,4.76155047009092e-05,-1.70899059563775e-08
4.60038336528044,4.8465906685586e-05,-1.79350654771229e-08,1.33860001664878e-12,-1.82440219200266e-20,4.8465908024186e-05,-1.79350654771411e-08
4.70039169930828,5.09598355592559e-05,-1.94647980852908e-08,1.4679066800286e-12,-2.19516382574126e-20,5.09598370271625e-05,-1.94647980853127e-08
4.80040003333611,5.05606224442119e-05,-1.99241223782297e-08,1.51982120917234e-12,-2.49159109083871e-20,5.05606239640331e-05,-1.99241223782546e-08
4.90040836736395,5.10985672567368e-05,-2.0730921324874e-08,1.58702435405785e-12,-2.83877328431101e-20,5.10985688437611e-05,-2.07309213249024e-08
5.00041670139178,5.38331928739038e-05,-2.25001348247584e-08,1.73596329226947e-12,-3.38917061786697e-20,5.38331946098671e-05,-2.25001348247923e-08
5.10042503541962,5.41826148481766e-05,-2.33363445480808e-08,1.82120870662423e-12,-3.88242719544813e-20,5.41826166693853e-05,-2.33363445481196e-08
5.20043336944745,5.39275513320135e-05,-2.38889055144594e-08,1.8739885915778e-12,-4.34469963972532e-20,5.39275532060021e-05,-2.38889055145029e-08
5.30044170347529,5.59519507813654e-05,-2.54828468997645e-08,2.01006564384744e-12,-5.06028959399878e-20,5.5951952791431e-05,-2.54828468998151e-08
5.40045003750313,5.70650484599368e-05,-2.67309176368406e-08,2.12932784416038e-12,-5.82302555434725e-20,5.70650505892647e-05,-2.67309176368988e-08
5.50045837153096,5.70941473866901e-05,-2.7475968712572e-08,2.2025168153701e-12,-6.52643192934832e-20,5.70941495892069e-05,-2.74759687126373e-08
5.6004667055588,5.87471885934377e-05,-2.90278066792309e-08,2.33864797993536e-12,-7.49520768547434e-20,5.87471909320856e-05,-2.90278066793058e-08
5.70047503958663,6.00741879829683e-05,-3.04853228571581e-08,2.47768452453751e-12,-8.58953525259537e-20,6.00741904606528e-05,-3.0485322857244e-08
5.80048337361447,6.00209158743398e-05,-3.12536496036866e-08,2.55790424544184e-12,-9.57354691590806e-20,6.0020918432244e-05,-3.12536496037823e-08
5.9004917076423,6.11627404939231e-05,-3.26516976962877e-08,2.68453852271621e-12,-1.08228986112795e-19,6.11627431784616e-05,-3.26516976963959e-08
6.00050004167014,6.28215678904254e-05,-3.43874990589272e-08,2.8482081143969e-12,-1.23656275351909e-19,6.28215707386335e-05,-3.43874990590509e-08
6.10050837569797,6.322821149612e-05,-3.54729728733859e-08,2.95996916871595e-12,-1.38241632191899e-19,6.32282144560891e-05,-3.54729728735242e-08
6.20051670972581,6.40204575489517e-05,-3.67833629736111e-08,3.08482393885081e-12,-1.54673502383618e-19,6.40204606337757e-05,-3.67833629737657e-08
6.30052504375365,6.54951893929067e-05,-3.85318247242198e-08,3.25255018121272e-12,-1.74946068094804e-19,6.54951926454568e-05,-3.85318247243947e-08
6.40053337778148,6.608478648413e-05,-3.97970095277577e-08,3.38382061396778e-12,-1.95067124776201e-19,6.60847898679506e-05,-3.97970095279527e-08
6.50054171180932,6.67301808704753e-05,-4.11051837889652e-08,3.51359331538249e-12,-2.16692328887595e-19,6.67301843840686e-05,-4.11051837891819e-08
6.60055004583715,6.81973383662482e-05,-4.29592434154874e-08,3.69375235326075e-12,-2.43475537192078e-19,6.81973420600005e-05,-4.29592434157308e-08
6.70055837986499,6.90931530005742e-05,-4.45002778926179e-08,3.85367687876387e-12,-2.71312430178501e-19,6.90931568542511e-05,-4.45002778928892e-08
6.80056671389282,6.96118210820461e-05,-4.58130706770065e-08,3.99044126429957e-12,-2.99621444202926e-19,6.96118250724874e-05,-4.58130706773062e-08
6.90057504792066,7.07948364923148e-05,-4.75893082992504e-08,4.16826441573376e-12,-3.33376881914058e-19,7.07948406605792e-05,-4.75893082995838e-08
7.0005833819485,7.18286041711885e-05,-4.93082533383369e-08,4.34793029877399e-12,-3.70144507493662e-19,7.18286085191188e-05,-4.93082533387071e-08
7.10059171597633,7.24411912836518e-05,-5.07600949691338e-08,4.50314183441158e-12,-4.07554841071552e-19,7.24411957867936e-05,-5.07600949695414e-08
7.20060005000417,7.35152443620146e-05,-5.2559422561657e-08,4.68863117527139e-12,-4.50590759424741e-19,7.35152490506458e-05,-5.25594225621076e-08
7.300608384032,7.46247491218726e-05,-5.44254785422223e-08,4.88662834152595e-12,-4.9829383211371e-19,7.46247540085009e-05,-5.44254785427206e-08
7.40061671805984,7.5258612244359e-05,-5.59700153018333e-08,5.05696003567694e-12,-5.46578303109226e-19,7.5258617301319e-05,-5.59700153023798e-08
7.50062505208767,7.6144688564488e-05,-5.77202974846287e-08,5.24425803156239e-12,-6.00082427122194e-19,7.61446938087461e-05,-5.77202974852288e-08
7.60063338611551,7.72733322932999e-05,-5.96898304418857e-08,5.45677457819433e-12,-6.60489881459489e-19,7.72733377500744e-05,-5.96898304425462e-08
7.70064172014335,7.805165034156e-05,-6.14191428558433e-08,5.65070656758388e-12,-7.22856478770222e-19,7.80516559922665e-05,-6.14191428565662e-08
7.80065005417118,7.88697603073327e-05,-6.31993057144318e-08,5.84818107233089e-12,-7.89800208712107e-19,7.88697661555137e-05,-6.31993057152216e-08
7.90065838819902,7.99327341112857e-05,-6.52056805678937e-08,6.07048368632059e-12,-8.6474418631998e-19,7.99327401817694e-05,-6.52056805687584e-08
8.00066672222685,8.07562570744904e-05,-6.70462881266534e-08,6.28175454724259e-12,-9.43083738127184e-19,8.07562633562449e-05,-6.70462881275965e-08
8.10067505625469,8.15168181960519e-05,-6.88532387090313e-08,6.48941499232997e-12,-1.02574484064244e-18,8.15168246854669e-05,-6.8853238710057e-08
8.20068339028252,8.25348347140965e-05,-7.09031790924049e-08,6.72269336075377e-12,-1.11777919528335e-18,8.25348414367899e-05,-7.09031790935226e-08
8.30069172431036,8.34423015101102e-05,-7.28881645075209e-08,6.95503835500783e-12,-1.21549503758254e-18,8.34423084651486e-05,-7.28881645087364e-08
8.4007000583382,8.41940264607661e-05,-7.47573389932103e-08,7.17722498489805e-12,-1.31720918625336e-18,8.41940336379911e-05,-7.47573389945275e-08
8.50070839236603,8.51179034700142e-05,-7.68004311270482e-08,7.41785540485131e-12,-1.42835249868303e-18,8.51179108878696e-05,-7.68004311284765e-08
8.60071672639387,8.60374474386207e-05,-7.88661252235861e-08,7.66551849288264e-12,-1.54746238595994e-18,8.60374551041392e-05,-7.88661252251335e-08
8.7007250604217,8.70974960182688e-05,-8.10885969272436e-08,7.92819841944695e-12,-1.67663761689941e-18,8.70975039464672e-05,-8.10885969289203e-08
8.80073339444954,8.82042225855357e-05,-8.33905594398161e-08,8.2056784488743e-12,-1.81676007562116e-18,8.82042307912142e-05,-8.33905594416328e-08
8.90074172847737,8.900079969152e-05,-8.54256406151146e-08,8.45922894209097e-12,-1.95938792459719e-18,8.90008081507489e-05,-8.54256406170739e-08
9.00075006250521,8.99899845851355e-05,-8.76676462211492e-08,8.73215678936419e-12,-2.11436332825333e-18,8.99899933172923e-05,-8.76676462232636e-08
9.10075839653304,9.122725819166e-05,-9.01881281148898e-08,9.03864121343242e-12,-2.28654901986722e-18,9.12272672303013e-05,-9.01881281171764e-08
9.20076673056088,9.22510222587609e-05,-9.25342736713524e-08,9.33253208080802e-12,-2.46522641603288e-18,9.2251031591293e-05,-9.25342736738176e-08
9.30077506458872,9.32541553576092e-05,-9.48880985089612e-08,9.62695123082129e-12,-2.65365327720876e-18,9.32541649845604e-05,-9.48880985116149e-08
9.40078339861655,9.44387285538222e-05,-9.74609226497762e-08,9.9473520270768e-12,-2.85966892443615e-18,9.44387385011742e-05,-9.74609226526359e-08
9.50079173264439,9.55166672286178e-05,-9.99600790995771e-08,1.02651545895561e-11,-3.07609967780639e-18,9.55166774937724e-05,-9.99600791026532e-08
9.60080006667222,9.65717739897359e-05,-1.02466329301805e-07,1.05841013921368e-11,-3.30417902327385e-18,9.65717845738373e-05,-1.0246632930511e-07
9.70080840070006,9.78278425048299e-05,-1.05222611014969e-07,1.09318261096861e-11,-3.55347690566955e-18,9.7827853436656e-05,-1.05222611018522e-07
9.80081673472789,9.90372259822115e-05,-1.07970249279858e-07,1.1284332216534e-11,-3.81762510816342e-18,9.90372372665437e-05,-1.07970249283675e-07
9.90082506875573,0.000100127958068589,-1.10623766753917e-07,1.16285592579052e-11,-4.09241853523205e-18,0.000100127969697149,-1.1062376675801e-07
10.0008334027836,0.000101341358058137,-1.13448129197911e-07,1.19923362432924e-11,-4.38809461110597e-18,0.000101341370050473,-1.13448129202299e-07
10.1008417368114,0.000102600677916453,-1.16364641602032e-07,1.23707609274348e-11,-4.70430449827925e-18,0.000102600690287214,-1.16364641606737e-07
10.2008500708392,0.000103786155297373,-1.19236185432117e-07,1.27471004582732e-11,-5.03547069705127e-18,0.000103786168044474,-1.19236185437153e-07
10.3008584048671,0.000105048310486217,-1.22234144990119e-07,1.31386084698051e-11,-5.38900400351938e-18,0.000105048323624826,-1.22234144995508e-07
10.4008667388949,0.000106360876625717,-1.25333195366076e-07,1.35455157842913e-11,-5.76640720246159e-18,0.000106360890171233,-1.25333195371842e-07
10.5008750729227,0.000107587549587344,-1.28371578201652e-07,1.39491961485613e-11,-6.16063739707618e-18,0.00010758756353654,-1.28371578207812e-07
10.6008834069506,0.00010884292870313,-1.31482224010104e-07,1.43620622776787e-11,-6.5775898869057e-18,0.000108842943065192,-1.31482224016682e-07
10.7008917409784,0.000110185757007907,-1.34740113361297e-07,1.47946822803272e-11,-7.02344967261195e-18,0.000110185771802589,-1.34740113368321e-07
10.8009000750063,0.000111492707850364,-1.37996698428925e-07,1.52311583407256e-11,-7.49203268080209e-18,0.000111492723081522,-1.37996698436417e-07
10.9009084090341,0.000112789254136633,-1.41280587682387e-07,1.5672595779968e-11,-7.98452073649542e-18,0.000112789269809229,-1.41280587690371e-07
11.0009167430619,0.000114143529110202,-1.44678191349582e-07,1.61297592904113e-11,-8.50749230676986e-18,0.000114143545239962,-1.44678191358089e-07
11.1009250770898,0.000115476555038876,-1.48090909899515e-07,1.65925763402242e-11,-9.05695650740869e-18,0.000115476571631452,-1.48090909908572e-07
11.2009334111176,0.000116788553912515,-1.51516414806746e-07,1.70590330984271e-11,-9.63252463230599e-18,0.000116788570971548,-1.51516414816379e-07
11.3009417451454,0.000118157980409685,-1.55056775533607e-07,1.75411002265337e-11,-1.02419978604379e-17,0.000118157997950786,-1.55056775543849e-07
11.4009500791733,0.000119534631633754,-1.58648464477057e-07,1.80330435027148e-11,-1.08835408414056e-17,0.000119534649666797,-1.58648464487941e-07
11.5009584132011,0.000120875659234256,-1.62232838657619e-07,1.8527000743306e-11,-1.1553311093469e-17,0.000120875677761257,-1.62232838669173e-07
11.6009667472289,0.000122239769588125,-1.65887007821477e-07,1.90313850558075e-11,-1.22573382533545e-17,0.00012223978861951,-1.65887007833735e-07
11.7009750812568,0.000123619404882549,-1.69601678829352e-07,1.95464133256627e-11,-1.29970532410193e-17,0.000123619424428963,-1.69601678842349e-07
11.8009834152846,0.000124973972710872,-1.73320104889651e-07,2.00650328765302e-11,-1.37687711500996e-17,0.000124973992775905,-1.7332010490342e-07
11.9009917493124,0.000126341794021147,-1.77093715641002e-07,2.05925679809854e-11,-1.45769233725759e-17,0.000126341814613715,-1.77093715655579e-07
12.0010000833403,0.000127729467740787,-1.80932230850913e-07,2.11312403468462e-11,-1.54242866701678e-17,0.000127729488872027,-1.80932230866337e-07
12.1010084173681,0.000128943429862773,-1.8455718751934e-07,2.16528184125765e-11,-1.6290642484633e-17,0.000128943451515591,-1.84557187535631e-07
12.2010167513959,0.000129807967415959,-1.87696193810924e-07,2.21180561624016e-11,-1.71431225695485e-17,0.000129807989534015,-1.87696193828068e-07
12.3010250854238,0.000130741040913929,-1.90938534028737e-07,2.25932739730134e-11,-1.80297526392962e-17,0.000130741063507203,-1.90938534046767e-07
12.4010334194516,0.000131983717268289,-1.94646692733765e-07,2.31259566172668e-11,-1.89908264533169e-17,0.000131983740394246,-1.94646692752756e-07
12.5010417534795,0.000133447986093441,-1.98708248020838e-07,2.37069124544974e-11,-2.00237034597511e-17,0.000133448009800354,-1.98708248040861e-07
12.6010500875073,0.000134873448232636,-2.0274138890985e-07,2.42923430845832e-11,-2.10941150187762e-17,0.000134873472524979,-2.02741388930944e-07
12.7010584215351,0.000136039876885178,-2.06403714879417e-07,2.48391847850731e-11,-2.21629377528832e-17,0.000136039901724363,-2.0640371490158e-07
12.801066755563,0.000137009981932235,-2.09771634416006e-07,2.53519153912959e-11,-2.32296797026899e-17,0.00013701000728415,-2.09771634439236e-07
12.9010750895908,0.000138060965042014,-2.13261788243565e-07,2.58799443285641e-11,-2.43372426952162e-17,0.000138060990921958,-2.13261788267902e-07
13.0010834236186,0.000139324012399099,-2.17084149856473e-07,2.64527933590395e-11,-2.55152960249423e-17,0.000139324038851892,-2.17084149881989e-07
13.1010917576465,0.000140681038125189,-2.21063468269873e-07,2.70521777554943e-11,-2.67491594040374e-17,0.000140681065177367,-2.21063468296622e-07
13.2011000916743,0.000141962606848988,-2.24932674596059e-07,2.76452731959186e-11,-2.800676564094e-17,0.000141962634494261,-2.24932674624066e-07
13.3011084257021,0.000143088615547137,-2.2855554584896e-07,2.82137086067427e-11,-2.92670005829448e-17,0.000143088643760845,-2.28555545878227e-07
13.40111675973,0.000144114390408258,-2.32009764639455e-07,2.8764885947386e-11,-3.05340318356479e-17,0.000144114419173144,-2.32009764669989e-07
13.5011250937578,0.000145192871497934,-2.35537056989206e-07,2.93282991781675e-11,-3.18371771062521e-17,0.000145192900826233,-2.35537057021043e-07
13.6011334277856,0.000146400511435277,-2.39264577336629e-07,2.99224618412506e-11,-3.3197077094656e-17,0.000146400541357739,-2.39264577369826e-07
13.7011417618135,0.000147650060010427,-2.43053146030839e-07,3.05324157479749e-11,-3.45981376826235e-17,0.000147650090542843,-2.43053146065437e-07
13.8011500958413,0.000148824530850189,-2.46707431093271e-07,3.11331825040933e-11,-3.60109965923014e-17,0.000148824561983372,-2.46707431129282e-07
13.9011584298692,0.000149897545993235,-2.50176502001492e-07,3.17168325590001e-11,-3.74234939964625e-17,0.000149897577710068,-2.50176502038916e-07
14.001166763897,0.000150919344919439,-2.53537581482789e-07,3.22922736064969e-11,-3.88429461303912e-17,0.000150919377211713,-2.53537581521632e-07
14.1011750979248,0.000151968741293983,-2.56919937628056e-07,3.28760348797273e-11,-4.02870973709009e-17,0.000151968774170018,-2.56919937668343e-07
14.2011834319527,0.00015308594940747,-2.60391761976862e-07,3.34783942943051e-11,-4.1767662915384e-17,0.000153085982885865,-2.6039176201863e-07
14.3011917659805,0.000154221170552807,-2.63868604990484e-07,3.40902736418024e-11,-4.32725906232968e-17,0.00015422120464308,-2.63868605033756e-07
14.4012001000083,0.000155296418162768,-2.67214078162598e-07,3.4693941632166e-11,-4.47773622906026e-17,0.000155296452856709,-2.67214078207376e-07
14.5012084340362,0.000156297720253769,-2.70398789295733e-07,3.52843433908686e-11,-4.62721999210764e-17,0.000156297755538112,-2.70398789342006e-07
14.601216768064,0.00015726705375115,-2.73490691519939e-07,3.58698907025819e-11,-4.77648673819363e-17,0.000157267089621041,-2.73490691567703e-07
14.7012251020918,0.000158248452263832,-2.76563722475458e-07,3.64607262350609e-11,-4.92663243199751e-17,0.000158248488724558,-2.76563722524724e-07
14.8012334361197,0.000159258737349029,-2.79646015650389e-07,3.70615360250869e-11,-5.07809287665001e-17,0.000159258774410565,-2.7964601570117e-07
14.9012417701475,0.000160271795382431,-2.82690367403634e-07,3.76671958002185e-11,-5.22996648101454e-17,0.000160271833049627,-2.82690367455934e-07
15.0012501041753,0.000161240667823239,-2.85611222645021e-07,3.82664958188486e-11,-5.38043128308859e-17,0.000161240706089735,-2.85611222698825e-07
15.1012584382032,0.000162152627451116,-2.88382176944465e-07,3.88551021827171e-11,-5.52854451502092e-17,0.000162152666306218,-2.8838217699975e-07
15.201266772231,0.000163037018077677,-2.91051919646963e-07,3.94392051445584e-11,-5.67485214492461e-17,0.000163037057516883,-2.91051919703712e-07
15.3012751062589,0.000163923108900403,-2.93670312408754e-07,4.00260902252618e-11,-5.82011172182505e-17,0.000163923148926494,-2.93670312466955e-07
15.4012834402867,0.000164816664850422,-2.96245909258671e-07,4.06177077405017e-11,-5.96434473959758e-17,0.00016481670546813,-2.96245909318315e-07
15.5012917743145,0.000165702174116015,-2.98748957090584e-07,4.12106693406891e-11,-6.1067860123342e-17,0.000165702215326684,-2.98748957151652e-07
15.6013001083424,0.000166553900999034,-3.011306998303e-07,4.17985182337567e-11,-6.24618358173221e-17,0.000166553942797553,-3.01130699892762e-07
15.7013084423702,0.000167361212159064,-3.033691854616e-07,4.23778415111279e-11,-6.38170652844545e-17,0.000167361254536906,-3.03369185525417e-07
15.801316776398,0.000168140851836513,-3.05492219239819e-07,4.29522299372243e-11,-6.51357624756428e-17,0.000168140894788743,-3.05492219304955e-07
15.9013251104259,0.000168913715786887,-3.075357373295e-07,4.35271434442817e-11,-6.64232521997848e-17,0.00016891375931403,-3.07535737395923e-07
16.0013334444537,0.000169682831269448,-3.09503529305118e-07,4.41038133507437e-11,-6.76786327801787e-17,0.000169682875373261,-3.09503529372797e-07
16.1013417784815,0.000170437201641691,-3.11373807766218e-07,4.46796212391786e-11,-6.88951165821744e-17,0.000170437246321313,-3.11373807835113e-07
16.2013501125094,0.000171162700143829,-3.13118950064967e-07,4.52508152113576e-11,-7.00641067934991e-17,0.000171162745394644,-3.13118950135031e-07
16.3013584465372,0.000171852384093951,-3.1472445023493e-07,4.58151960047672e-11,-7.11793925210233e-17,0.000171852429909147,-3.1472445030611e-07
16.401366780565,0.000172514268570258,-3.16203336194534e-07,4.63744907927531e-11,-7.22409451106844e-17,0.000172514314944749,-3.16203336266775e-07
16.5013751145929,0.000173162225789248,-3.17579601505679e-07,4.69324593849704e-11,-7.32520586506566e-17,0.000173162272721708,-3.17579601578931e-07
16.6013834486207,0.000173799500197408,-3.18857910676101e-07,4.74903479529927e-11,-7.42122436588475e-17,0.000173799547687756,-3.18857910750314e-07
16.7013917826486,0.000174418232813879,-3.200226439704e-07,4.8046229748868e-11,-7.51161523339014e-17,0.000174418280860108,-3.20022644045516e-07
16.8014001166764,0.000175009528615413,-3.21056396571297e-07,4.85976231071694e-11,-7.59576857623677e-17,0.000175009577213036,-3.21056396647255e-07
16.9014084507042,0.000175569476762586,-3.21951082362489e-07,4.91432764065645e-11,-7.67328258394503e-17,0.000175569525905863,-3.21951082439222e-07
17.0014167847321,0.000176101642642804,-3.22712504679377e-07,4.9683995831418e-11,-7.74409398007376e-17,0.000176101692326799,-3.22712504756818e-07
17.1014251187599,0.000176614049421039,-3.23354755002226e-07,5.02220561145516e-11,-7.80838297270742e-17,0.000176614099643095,-3.2335475508031e-07
17.2014334527877,0.00017719179362379,-3.24032836461616e-07,5.07742240492574e-11,-7.86858470849798e-17,0.000177191844398014,-3.24032836540302e-07
17.3014417868156,0.000178349060933464,-3.25682769430528e-07,5.14996533371307e-11,-7.94901174041051e-17,0.000178349112433117,-3.25682769510018e-07
17.4014501208434,0.000178984653555285,-3.26290997010707e-07,5.21070360132539e-11,-8.00439046912225e-17,0.000178984705662321,-3.26290997090751e-07
17.5014584548712,0.000179199275104917,-3.2605015613043e-07,5.25689084430893e-11,-8.03092831119183e-17,0.000179199327673825,-3.26050156210739e-07
17.6014667888991,0.000180117841696733,-3.27005776705556e-07,5.32311085310156e-11,-8.08139923922644e-17,0.000180117894927842,-3.2700577678637e-07
17.7014751229269,0.000181086184564904,-3.27959819568946e-07,5.39407000469033e-11,-8.13184640088518e-17,0.000181086238505604,-3.27959819650264e-07
17.8014834569547,0.000181587741326853,-3.27981267785204e-07,5.45092994488097e-11,-8.15399594942929e-17,0.000181587795836152,-3.27981267866744e-07
17.9014917909826,0.00018238409660562,-3.28449627338615e-07,5.51561698504781e-11,-8.18091017940001e-17,0.00018238415176179,-3.28449627420424e-07
18.0015001250104,0.000183305475101233,-3.29051645361691e-07,5.58639942431783e-11,-8.20952789486239e-17,0.000183305530965227,-3.29051645443786e-07
18.1015084590383,0.000183810226084012,-3.28818685372111e-07,5.64502105665149e-11,-8.21312424707514e-17,0.000183810282534223,-3.28818685454242e-07
18.2015167930661,0.000184475881697093,-3.28790460781504e-07,5.70724164757286e-11,-8.21507411597478e-17,0.00018447593876951,-3.28790460863655e-07
18.3015251270939,0.000185483312254483,-3.29279988029651e-07,5.78155160573893e-11,-8.22706884538147e-17,0.000185483370069999,-3.29279988111921e-07
18.4015334611218,0.000186246021000025,-3.29242345640004e-07,5.84981767673527e-11,-8.22297131798481e-17,0.000186246079498202,-3.29242345722234e-07
18.5015417951496,0.000186917800548367,-3.28957483861223e-07,5.9145265970311e-11,-8.20677938694842e-17,0.000186917859693633,-3.28957483943291e-07
18.6015501291774,0.000187817192420989,-3.28983739243829e-07,5.98707806918096e-11,-8.194269480046e-17,0.00018781725229177,-3.28983739325772e-07
18.7015584632053,0.000188600101838249,-3.28714433337405e-07,6.05743187412602e-11,-8.1714329870429e-17,0.000188600162412568,-3.2871443341912e-07
18.8015667972331,0.000189271749223077,-3.28165000251884e-07,6.12390492966412e-11,-8.13640335090833e-17,0.000189271810462126,-3.28165000333248e-07
18.9015751312609,0.000190177933685895,-3.27933394640855e-07,6.19817054048567e-11,-8.10472218181655e-17,0.0001901779956676,-3.27933394721902e-07
19.0015834652888,0.000191106284160958,-3.27645553668297e-07,6.27479036342324e-11,-8.06883004230943e-17,0.000191106346908862,-3.27645553748986e-07
19.1015917993166,0.00019186249951824,-3.26972246753607e-07,6.34618028851074e-11,-8.01921580331126e-17,0.000191862562980043,-3.269722468338e-07
19.2016001333444,0.000192700724116183,-3.26350682377609e-07,6.42024527938378e-11,-7.96625171431315e-17,0.000192700788318636,-3.26350682457271e-07
19.3016084673723,0.000193611219029037,-3.25759649146516e-07,6.49788253036122e-11,-7.91087587533911e-17,0.000193611284007863,-3.25759649225625e-07
19.4016168014001,0.00019441814453173,-3.24904002597315e-07,6.57275324289669e-11,-7.8454606271575e-17,0.000194418210259263,-3.24904002675769e-07
19.501625135428,0.000195280354250483,-3.24052284528974e-07,6.64953004908146e-11,-7.77590332559021e-17,0.000195280420745783,-3.24052284606733e-07
19.6016334694558,0.000196254382762698,-3.2329328604643e-07,6.7311117038219e-11,-7.70544326572795e-17,0.000196254450073815,-3.23293286123484e-07
19.7016418034836,0.000197148231848441,-3.22309101112001e-07,6.81100439098627e-11,-7.62662436671934e-17,0.000197148299958485,-3.22309101188268e-07
19.8016501375115,0.000198006835369475,-3.21178253621306e-07,6.88988790006644e-11,-7.54063582642707e-17,0.000198006904268354,-3.21178253696712e-07
19.9016584715393,0.000198954030457771,-3.20100799354133e-07,6.97249040680191e-11,-7.4527918291435e-17,0.000198954100182675,-3.20100799428661e-07
20.0016668055671,0.000199891256095256,-3.18915236935696e-07,7.05578971891828e-11,-7.35982244955422e-17,0.000199891326653153,-3.18915237009294e-07
20.101675139595,0.000200802056623551,-3.17597575423915e-07,7.13861937121991e-11,-7.26077944491336e-17,0.000200802128009745,-3.17597575496523e-07
20.2016834736228,0.000201787660347748,-3.16307399369587e-07,7.22469962544792e-11,-7.15961200547994e-17,0.000201787732594745,-3.16307399441183e-07
20.3016918076506,0.00020278448175359,-3.14941839360638e-07,7.31227237202187e-11,-7.05455893718249e-17,0.000202784554876314,-3.14941839431183e-07
20.4017001416785,0.000203729474148866,-3.13405190936041e-07,7.39865820347548e-11,-6.94330665563552e-17,0.000203729548135448,-3.13405191005474e-07
20.5017084757063,0.000204709804200485,-3.11833731778368e-07,7.48682007521074e-11,-6.82896021227023e-17,0.000204709879068686,-3.11833731846657e-07
20.6017168097341,0.000205733190652893,-3.10236764361178e-07,7.57750318203063e-11,-6.7122638653041e-17,0.000205733266427925,-3.102367644283e-07
20.701725143762,0.000206737220926538,-3.08519849309837e-07,7.66832773670269e-11,-6.59126049231393e-17,0.000206737297609815,-3.0851984937575e-07
20.8017334777898,0.00020776134151656,-3.06743305639041e-07,7.76050423274344e-11,-6.46726782500944e-17,0.000207761419121602,-3.06743305703714e-07
20.9017418118177,0.000208825641893155,-3.04935257117408e-07,7.85509757101614e-11,-6.34130322202397e-17,0.000208825720444131,-3.04935257180821e-07
21.0017501458455,0.000209872722578134,-3.03011601921641e-07,7.95000228166092e-11,-6.21183603023495e-17,0.000209872802078157,-3.03011601983759e-07
21.1017584798733,0.000210917856731809,-3.00996750631565e-07,8.04550066915241e-11,-6.07940801675316e-17,0.000210917937186816,-3.00996750692359e-07
21.2017668139012,0.000212005446741817,-2.98953772780725e-07,8.14344048041045e-11,-5.94562175950119e-17,0.000212005528176222,-2.98953772840181e-07
21.301775147929,0.0002131042827096,-2.96837241976006e-07,8.2428206429529e-11,-5.80987576180721e-17,0.000213104365137807,-2.96837242034105e-07
21.4017834819568,0.000214201591848399,-2.94630390881708e-07,8.3429650214169e-11,-5.67194048109247e-17,0.000214201675278049,-2.94630390938427e-07
21.5017918159847,0.000215327930613443,-2.92375678720649e-07,8.445087623266e-11,-5.53287708433197e-17,0.000215328015064319,-2.92375678775977e-07
21.6018001500125,0.000216467530869485,-2.90051014028099e-07,8.54875820781139e-11,-5.39257595197956e-17,0.000216467616357067,-2.90051014082024e-07
21.7018084840403,0.000217601809469649,-2.8763269753626e-07,8.6531271728874e-11,-5.25075190965529e-17,0.00021760189600092,-2.87632697588767e-07
21.8018168180682,0.000218759347110687,-2.85159636407127e-07,8.75927190365214e-11,-5.10831830838625e-17,0.000218759434703406,-2.8515963645821e-07
21.901825152096,0.000219943819815687,-2.82635892930437e-07,8.86752468405642e-11,-4.96564014590443e-17,0.000219943908490934,-2.82635892980094e-07
22.0018334861238,0.000221132280679103,-2.80032176387021e-07,8.97696181746352e-11,-4.82239750083452e-17,0.000221132370448721,-2.80032176435245e-07
22.1018418201517,0.000222334450109577,-2.77362035603346e-07,9.0878912828733e-11,-4.67900138998061e-17,0.00022233454098849,-2.77362035650136e-07
22.2018501541795,0.000223559216807217,-2.74636790805506e-07,9.20078649677895e-11,-4.53589752484554e-17,0.000223559308815082,-2.74636790850865e-07
22.3018584882074,0.000224790829264892,-2.71837596109904e-07,9.31504256357002e-11,-4.39298722714387e-17,0.000224790922415318,-2.71837596153834e-07
22.4018668222352,0.000226033999189266,-2.68971563030156e-07,9.4307738297474e-11,-4.2505571169789e-17,0.000226034093497004,-2.68971563072662e-07
22.501875156263,0.000227303013326071,-2.66056195350156e-07,9.54864615146066e-11,-4.10910254903159e-17,0.000227303108812532,-2.66056195391247e-07
22.6018834902909,0.000228587291509017,-2.63079284966326e-07,9.66830832242977e-11,-3.96864191993583e-17,0.000228587388192101,-2.63079285006012e-07
22.7018918243187,0.000229880873385978,-2.60035235283953e-07,9.7894609576159e-11,-3.82925337362547e-17,0.000229880971280587,-2.60035235322246e-07
22.8019001583465,0.000231194068143156,-2.56936929150188e-07,9.91255683089557e-11,-3.69130987129709e-17,0.000231194167268724,-2.56936929187102e-07
22.9019084923744,0.000232524146262433,-2.537820960188e-07,1.00375631356454e-10,-3.55496744860503e-17,0.000232524246638065,-2.53782096054349e-07
23.0019168264022,0.000233865566742386,-2.5056604446417e-07,1.01642276148698e-10,-3.42031331060845e-17,0.000233865668384662,-2.50566044498373e-07
23.10192516043,0.000235226863971793,-2.47299340924673e-07,1.02929199848121e-10,-3.28764358865465e-17,0.000235226966900992,-2.47299340957549e-07
23.2019334944579,0.0002366091005385,-2.43984002802639e-07,1.04237707656007e-10,-3.15714355684194e-17,0.000236609204776207,-2.43984002834211e-07
23.3019418284857,0.000238004335411262,-2.40613192886839e-07,1.05564522078677e-10,-3.02885784747535e-17,0.000238004440975784,-2.40613192917128e-07
23.4019501625135,0.000239415510110185,-2.3719174514282e-07,1.0691079236007e-10,-2.90296892951187e-17,0.000239415617020977,-2.37191745171849e-07
23.5019584965414,0.000240846812241502,-2.33725372985693e-07,1.08278941379404e-10,-2.7796721709398e-17,0.000240846920520443,-2.3372537301349e-07
23.6019668305692,0.000242294065471654,-2.30211661029682e-07,1.09667509202758e-10,-2.65904731167626e-17,0.000242294175139163,-2.30211661056273e-07
23.701975164597,0.000243758303132275,-2.26653616038143e-07,1.11076929351653e-10,-2.54122038516138e-17,0.000243758414209204,-2.26653616063556e-07
23.8019834986249,0.000245243806853651,-2.23057096230942e-07,1.1250959676428e-10,-2.42634570623069e-17,0.000245243919363248,-2.23057096255206e-07
23.9019918326527,0.000246747219991836,-2.1942095093977e-07,1.13964521013964e-10,-2.31448753766375e-17,0.000246747333956357,-2.19420950962915e-07
24.0020001666806,0.000248266577232312,-2.15745821241067e-07,1.15440847123189e-10,-2.20571246730812e-17,0.000248266692673159,-2.15745821263124e-07
24.1020085007084,0.00024928541918031,-2.11601731482599e-07,1.16739852206323e-10,-2.09660745422883e-17,0.000249285535920163,-2.11601731503565e-07
24.2020168347362,0.000249044925326302,-2.06436034616972e-07,1.17438974717351e-10,-1.98144751862184e-17,0.000249045042765276,-2.06436034636786e-07
24.3020251687641,0.000248790981210614,-2.01358165059052e-07,1.1807899621533e-10,-1.8710855449714e-17,0.00024879109928961,-2.01358165077763e-07
24.4020335027919,0.000249557949788236,-1.97159071186406e-07,1.19184939545047e-10,-1.77287441608851e-17,0.000249558068973176,-1.97159071204135e-07
24.5020418368197,0.000251299333430006,-1.93698963576213e-07,1.20786546658423e-10,-1.68503061275201e-17,0.000251299454216553,-1.93698963593063e-07
24.6020501708476,0.000253153957787333,-1.90252083238065e-07,1.22496801481126e-10,-1.60077087501572e-17,0.000253154080284134,-1.90252083254073e-07
24.7020585048754,0.000254242206802166,-1.86184076269794e-07,1.23873062712109e-10,-1.51468208550123e-17,0.000254242330675228,-1.8618407628494e-07
24.8020668389032,0.000254483933288196,-1.81518191670912e-07,1.24829310062709e-10,-1.42713917157821e-17,0.000254484058117506,-1.81518191685183e-07
24.9020751729311,0.000254634476426191,-1.76845991694027e-07,1.25709063659165e-10,-1.34298299839871e-17,0.000254634602135255,-1.76845991707457e-07
25.0020835069589,0.000255410096852388,-1.7264266912679e-07,1.2688548063904e-10,-1.2657912559698e-17,0.000255410223737868,-1.72642669139448e-07
25.1020918409867,0.000256814680680978,-1.68848629941559e-07,1.28396830872495e-10,-1.1948441589508e-17,0.000256814809077809,-1.68848629953507e-07
25.2021001750146,0.000258312125727412,-1.65072322697193e-07,1.29992234423885e-10,-1.12708406754993e-17,0.000258312255719646,-1.65072322708463e-07
25.3021085090424,0.000259371572631354,-1.60987705510432e-07,1.31394340322737e-10,-1.06020469695372e-17,0.000259371704025694,-1.60987705521034e-07
25.4021168430703,0.000259904714166135,-1.5658641665526e-07,1.32531165327093e-10,-9.94215451825785e-18,0.0002599048466973,-1.56586416665203e-07
25.5021251770981,0.000260328289945715,-1.52153228931445e-07,1.33595852343699e-10,-9.30971145713164e-18,0.000260328423541567,-1.52153228940755e-07
25.6021335111259,0.000261117761122383,-1.47956758871181e-07,1.34841442486024e-10,-8.72054566002524e-18,0.000261117895963825,-1.47956758879902e-07
25.7021418451538,0.000262321395683874,-1.43987394253537e-07,1.36317629636927e-10,-8.17243139443836e-18,0.000262321532001504,-1.43987394261709e-07
25.8021501791816,0.000263937534585545,-1.40209940885585e-07,1.38003648171512e-10,-7.65933366132938e-18,0.000263937672589193,-1.40209940893244e-07
25.9021585132094,0.00026584795507501,-1.36523439763059e-07,1.39917959552582e-10,-7.17763084612318e-18,0.000265848094992969,-1.36523439770237e-07
26.0021668472373,0.000266400252449799,-1.32118170770801e-07,1.41153287739602e-10,-6.68349653503481e-18,0.000266400393603087,-1.32118170777485e-07
26.1021751812651,0.000266893464833627,-1.27720543841209e-07,1.42269951418263e-10,-6.21171470306904e-18,0.000266893607103578,-1.27720543847421e-07
26.2021835152929,0.000268567097707557,-1.23876196399336e-07,1.44032714147188e-10,-5.7912213764879e-18,0.000268567241740271,-1.23876196405127e-07
26.3021918493208,0.000270136760204728,-1.19932388460847e-07,1.45810066112916e-10,-5.38980358979891e-18,0.000270136906014794,-1.19932388466237e-07
26.4022001833486,0.000271401993534738,-1.15823260535106e-07,1.47402097574522e-10,-5.00131118704982e-18,0.000271402140936836,-1.15823260540107e-07
26.5022085173764,0.000273077401925975,-1.11853087548325e-07,1.49224527334028e-10,-4.63974474858477e-18,0.000273077551150503,-1.11853087552965e-07
26.6022168514043,0.000274394866268197,-1.07696631076852e-07,1.50905113857587e-10,-4.29195294822929e-18,0.00027439501717331,-1.07696631081144e-07
26.7022251854321,0.000275204131229075,-1.03336965329964e-07,1.52279924541708e-10,-3.95560135391803e-18,0.000275204283508999,-1.03336965333919e-07
26.80223351946,0.000276613442249568,-9.91945812109646e-08,1.53958048111428e-10,-3.64655981758153e-18,0.000276613596207616,-9.91945812146112e-08
26.9022418534878,0.000278424146691172,-9.51488013169414e-08,1.55908406623336e-10,-3.36021790207086e-18,0.000278424302599578,-9.51488013203016e-08
27.0022501875156,0.000279875983182063,-9.09343928073353e-08,1.57678402129605e-10,-3.08563271914288e-18,0.000279876140860465,-9.09343928104209e-08
27.1022585215435,0.000281330905437395,-8.6689361937349e-08,1.59433699702024e-10,-2.82676546231431e-18,0.000281331064871095,-8.66893619401758e-08
27.2022668555713,0.000282884677719018,-8.24371720805524e-08,1.61268668305463e-10,-2.58444131058348e-18,0.000282884838987686,-8.24371720831368e-08
27.3022751895991,0.000284119825332383,-7.80631735134046e-08,1.62934312386937e-10,-2.35425940065257e-18,0.000284119988266695,-7.80631735157588e-08
27.402283523627,0.000285432052343822,-7.36913450485186e-08,1.64618901806457e-10,-2.13904439242336e-18,0.000285432216962724,-7.36913450506576e-08
27.5022918576548,0.000287162946408881,-6.93889725645214e-08,1.66556583931642e-10,-1.94030015276717e-18,0.000287163112965465,-6.93889725664617e-08
27.6023001916826,0.000288812187642411,-6.50160234588493e-08,1.6847829769749e-10,-1.75331418096626e-18,0.000288812356120709,-6.50160234606026e-08
27.7023085257105,0.000290245126725544,-6.05557968498475e-08,1.70268430439152e-10,-1.57669294206537e-18,0.000290245296993974,-6.05557968514242e-08
27.8023168597383,0.000291764178599322,-5.60786767467569e-08,1.7210607174827e-10,-1.41170352357284e-18,0.000291764350705393,-5.60786767481686e-08
27.9023251937661,0.00029323566985069,-5.15550285098685e-08,1.73930970540614e-10,-1.25694051025152e-18,0.00029323584378166,-5.15550285111254e-08
28.002333527794,0.000294606381585012,-4.69821909116113e-08,1.75689416272978e-10,-1.11141719688714e-18,0.000294606557274428,-4.69821909127227e-08
28.1023418618218,0.000296175914441556,-4.24056007300576e-08,1.77558649213755e-10,-9.75408592929145e-19,0.000296176092000206,-4.2405600731033e-08
28.2023501958497,0.000297845460251062,-3.77960687451504e-08,1.79505639967574e-10,-8.47473326767313e-19,0.000297845639756702,-3.77960687459979e-08
28.3023585298775,0.000299335082008615,-3.31195454412327e-08,1.81351104809819e-10,-7.25920053635058e-19,0.00029933526335972,-3.31195454419586e-08
28.4023668639053,0.00030077318981601,-2.84011952837004e-08,1.83155041958823e-10,-6.10396916787521e-19,0.000300773372971052,-2.84011952843108e-08
28.5023751979332,0.000302262053187476,-2.36501453454146e-08,1.84992098109105e-10,-5.00240269714073e-19,0.000302262238179574,-2.36501453459148e-08
28.602383531961,0.000303688345117846,-1.88565451516583e-08,1.86793193648529e-10,-3.94283223091377e-19,0.000303688531911039,-1.88565451520526e-08
28.7023918659888,0.000305134143339026,-1.40277749557294e-08,1.88596740132612e-10,-2.91689096289585e-19,0.000305134331935766,-1.40277749560211e-08
28.8024002000167,0.000306682813345104,-9.16190731489038e-09,1.90464672951693e-10,-1.91444965572499e-19,0.000306683003809777,-9.16190731508183e-09
28.9024085340445,0.000308166386395546,-4.25009913459799e-09,1.92298995945487e-10,-9.23337058448817e-20,0.000308166578694542,-4.25009913469033e-09
29.0024168680723,0.000309536848128421,7.01377887297712e-10,1.94055502798517e-10,6.59074022788463e-21,0.000309537042183923,7.01377887304303e-10
29.1024252021002,0.000310920495957807,5.68860633650069e-09,1.95811686915543e-10,1.06320254012308e-19,0.000310920691769494,5.68860633660701e-09
29.202433536128,0.00031230365817532,1.07132667179095e-08,1.97566573131421e-10,2.08003504147954e-19,0.000312303855741893,1.07132667181175e-08
29.3024418701558,0.000313648198821965,1.57733841764721e-08,1.99290389718074e-10,3.12741009518981e-19,0.000313648398112354,1.57733841767848e-08
29.4024502041837,0.000315022291309025,2.08724313693325e-08,2.01024423158129e-10,4.21760161910642e-19,0.000315022492333448,2.08724313697542e-08
29.5024585382115,0.000316394308746609,2.60110385673916e-08,2.02755762502347e-10,5.36289075501965e-19,0.000316394511502372,2.60110385679279e-08
29.6024668722394,0.000317675146161555,3.11795350011103e-08,2.04423436351662e-10,6.57352160308818e-19,0.000317675350584991,3.11795350017676e-08
29.7024752062672,0.000318910907689976,3.63772790118973e-08,2.06049804023709e-10,7.86148536702413e-19,0.00031891111373978,3.63772790126834e-08
29.802483540295,0.000320154104998191,4.16096639223651e-08,2.07672445709321e-10,9.24065521759353e-19,0.000320154312670637,4.16096639232892e-08
29.9024918743229,0.000321368203053375,4.68725313393999e-08,2.09269075072305e-10,1.07231357204636e-18,0.000321368412322451,4.68725313404722e-08
30.0025002083507,0.000322557728221349,5.21652873381579e-08,2.10838389176104e-10,1.23216990818769e-18,0.000322557939059738,5.21652873393901e-08
30.1025085423785,0.000323744009503355,5.74913786224112e-08,2.12396169113229e-10,1.40506161567579e-18,0.000323744221899524,5.74913786238163e-08
30.2025168764064,0.000324879598751109,6.2841797148859e-08,2.13912995745283e-10,1.59214477585328e-18,0.000324879812664105,6.28417971504511e-08
30.3025252104342,0.000325949140952467,6.82099125106684e-08,2.1537379686401e-10,1.79457141626104e-18,0.000325949356326264,6.8209912512463e-08
30.402533544462,0.000326999386631499,7.36028916708765e-08,2.16808097641674e-10,2.01387510018655e-18,0.000326999603439596,7.36028916728904e-08
30.5025418784899,0.000328033392622396,7.90213484666315e-08,2.1822076321849e-10,2.25149640500097e-18,0.000328033610843159,7.9021348468883e-08
30.6025502125177,0.000329029496552836,8.44592138905218e-08,2.19596040832523e-10,2.50866420320816e-18,0.000329029716148876,8.44592138930305e-08
30.7025585465455,0.000329999824110512,8.99181230679175e-08,2.20940488481842e-10,2.78682264200269e-18,0.000330000045051,8.99181230707043e-08
30.8025668805734,0.000330938708469881,9.53955899533806e-08,2.22251993330218e-10,3.0873475243209e-18,0.000330938930721875,9.5395589956468e-08
30.9025752146012,0.000331820956770003,1.00882162788696e-07,2.23512531899467e-10,3.4113422665215e-18,0.000331821180282535,1.00882162792107e-07
31.0025835486291,0.000332661181209009,1.06379320068695e-07,2.24729304703997e-10,3.76021279243013e-18,0.000332661405938313,1.06379320072455e-07
31.1025918826569,0.000333481114307688,1.11892636414597e-07,2.25917974834131e-10,4.13559084217399e-18,0.000333481340225662,1.11892636418733e-07
31.2026002166847,0.000334269095858549,1.17417451415148e-07,2.27071601562436e-10,4.53877012136967e-18,0.00033426932293015,1.17417451419687e-07
31.3026085507126,0.000335019124547564,1.22950032298658e-07,2.28184733803783e-10,4.97100951448276e-18,0.000335019352732298,1.22950032303629e-07
31.4026168847404,0.000335737490116107,1.28491036412752e-07,2.29261709106625e-10,5.43375592741285e-18,0.000335737719377816,1.28491036418186e-07
31.5026252187682,0.000336413871197689,1.34034819720538e-07,2.30296103559423e-10,5.92820210678672e-18,0.000336414101493793,1.34034819726466e-07
31.6026335527961,0.000337043815814465,1.39577167339034e-07,2.31283545727525e-10,6.45550715141515e-18,0.000337044047098011,1.39577167345489e-07
31.7026418868239,0.000337643151459336,1.45122526692295e-07,2.32234391246994e-10,7.01722627554901e-18,0.000337643383693727,1.45122526699312e-07
31.8026502208517,0.000338215610802113,1.50671316093285e-07,2.33152383393015e-10,7.61480627474015e-18,0.000338215843954496,1.506713161009e-07
31.9026585548796,0.000338751994910276,1.56218034800084e-07,2.34031205798199e-10,8.24935271713047e-18,0.000338752228941481,1.56218034808333e-07
32.0026668889074,0.000339253383665592,1.61761319018974e-07,2.34871093273743e-10,8.9221181662176e-18,0.000339253618536685,1.61761319027896e-07
32.1026752229352,0.000339720824665187,1.6729990165291e-07,2.35673335082449e-10,9.63437925585679e-18,0.000339721060338522,1.67299901662545e-07
32.2026835569631,0.000340148846727019,1.7282912752388e-07,2.36434237382562e-10,1.03871697986709e-17,0.000340149083161256,1.72829127534268e-07
32.3026918909909,0.000340542003335534,1.78349174653426e-07,2.37156457185621e-10,1.11817346642389e-17,0.000340542240491992,1.78349174664607e-07
32.4027002250188,0.000340908781578607,1.83862852491328e-07,2.37846470158628e-10,1.20195323550334e-17,0.000340909019425078,1.83862852503348e-07
32.5027085590466,0.000341246458298074,1.89367328342498e-07,2.3850321267778e-10,1.29016799132486e-17,0.000341246696801286,1.893673283554e-07
32.6027168930744,0.00034155144215407,1.94858908338874e-07,2.39124181462787e-10,1.38291431791803e-17,0.000341551681278252,1.94858908352703e-07
32.7027252271023,0.000341826158795493,2.00337143178427e-07,2.39711320655033e-10,1.48030772948483e-17,0.000341826398506814,2.0033714319323e-07
32.8027335611301,0.000342070100435626,2.05799961039226e-07,2.40264927974713e-10,1.58245165343395e-17,0.000342070340700554,2.05799961055051e-07
32.9027418951579,0.000342282809234535,2.11245195537044e-07,2.40784866901018e-10,1.6894412384958e-17,0.000342283050019402,2.11245195553938e-07
33.0027502291858,0.000342469683351686,2.16674390890675e-07,2.41275238281957e-10,1.80139841465778e-17,0.000342469924626924,2.16674390908689e-07
33.1027585632136,0.000342633316412869,2.22087703428539e-07,2.41738775794113e-10,1.91843833170912e-17,0.000342633558151645,2.22087703447724e-07
33.2027668972414,0.000342770939907477,2.27481808279491e-07,2.42174190508259e-10,2.04064177301611e-17,0.000342771182081667,2.27481808299898e-07
33.3027752312693,0.000342882518588891,2.32854941537141e-07,2.42581819171692e-10,2.1680944096191e-17,0.00034288276117071,2.32854941558822e-07
33.4027835652971,0.000342969914149472,2.38206633479269e-07,2.42963668527886e-10,2.30089232558097e-17,0.00034297015711314,2.38206633502278e-07
33.5027918993249,0.000343033065162402,2.43535125250906e-07,2.43320415266617e-10,2.43911611715536e-17,0.000343033308482817,2.43535125275298e-07
33.6028002333528,0.000343073772468418,2.48839957855507e-07,2.43653858748149e-10,2.58285278096374e-17,0.000343074016122277,2.48839957881336e-07
33.7028085673806,0.000343095382051516,2.54121955266858e-07,2.4396717583851e-10,2.73220304328704e-17,0.000343095626018691,2.5412195529418e-07
33.8028169014084,0.000343097861599324,2.59379579412945e-07,2.44261320654738e-10,2.88724265073162e-17,0.000343098105860645,2.59379579441817e-07
33.9028252354363,0.000343080033386666,2.6461030137796e-07,2.44536181622177e-10,3.04802798619948e-17,0.000343080277922848,2.6461030140844e-07
34.0028335694641,0.000343043048941711,2.6981328006191e-07,2.44793306838042e-10,3.21462834256418e-17,0.000343043293735018,2.69813280094056e-07
34.102841903492,0.000342988007412804,2.74987673856741e-07,2.45034401703884e-10,3.38711133581052e-17,0.000342988252447206,2.74987673890612e-07
34.2028502375198,0.00034291540864602,2.80132167287424e-07,2.45260675406296e-10,3.5655334172901e-17,0.000342915653906696,2.80132167323079e-07
34.3028585715476,0.000342827546143442,2.85246932201759e-07,2.45474296145593e-10,3.74996042494855e-17,0.000342827791617739,2.85246932239259e-07
34.4028669055755,0.000343428767745549,2.90934293315037e-07,2.4611507344712e-10,3.94762621034413e-17,0.000343429013860623,2.90934293354514e-07
34.5028752396033,0.000344209698457153,2.96808898729485e-07,2.4700782287271e-10,4.15730102812406e-17,0.000344209945464976,2.96808898771058e-07
34.6028835736311,0.000343659073822433,3.01527133933946e-07,2.46936629719926e-10,4.35773910525036e-17,0.000343659320759063,3.01527133977524e-07
34.702891907659,0.000343564940745027,3.06607369517139e-07,2.47075409583609e-10,4.56778519290272e-17,0.000343565187820437,3.06607369562817e-07
34.8029002416868,0.00034441129784761,3.12540022415943e-07,2.47954094663186e-10,4.79910910773885e-17,0.000344411545801705,3.12540022463934e-07
34.9029085757146,0.000344582645518331,3.17880038200892e-07,2.48405944877007e-10,5.03038415144397e-17,0.000344582893924276,3.17880038251195e-07
35.0029169097425,0.000344546467644976,3.23015813702899e-07,2.48631767531442e-10,5.26426256986601e-17,0.000344546716276743,3.23015813755542e-07
35.1029252437703,0.000345144602500872,3.28750923737755e-07,2.49325201931374e-10,5.51583554976264e-17,0.000345144851826074,3.28750923792914e-07
35.2029335777981,0.000345341817368165,3.34117331982653e-07,2.49791923552547e-10,5.7707783772321e-17,0.000345342067160089,3.3411733204036e-07
35.302941911826,0.000345091329138236,3.39032736030137e-07,2.49883934782937e-10,6.02440580477505e-17,0.000345091579022171,3.39032736090381e-07
35.4029502458538,0.000345446540015592,3.44531997178529e-07,2.50383460046789e-10,6.29539243679544e-17,0.000345446790399052,3.44531997241483e-07
35.5029585798817,0.000345959452283948,3.50204217804562e-07,2.51054695431726e-10,6.57951651629525e-17,0.000345959703338644,3.50204217870357e-07
35.6029669139095,0.000346016975728699,3.55419006537153e-07,2.51392667446815e-10,6.86348782205297e-17,0.000346017227121366,3.55419006605787e-07
35.7029752479373,0.00034623108445555,3.60788051231582e-07,2.51807815994391e-10,7.15774294952647e-17,0.000346231336263365,3.6078805130316e-07
35.8029835819652,0.000346627637728567,3.66353744344038e-07,2.52385717051616e-10,7.46548690030953e-17,0.000346627890114284,3.66353744418693e-07
35.902991915993,0.000346667009645791,3.71541892563201e-07,2.52715241955949e-10,7.77467271979559e-17,0.000346667262361033,3.71541892640948e-07
36.0030002500208,0.000346733437352784,3.7674724336764e-07,2.53027557192227e-10,8.09161809445595e-17,0.000346733690380341,3.76747243448556e-07
36.1030085840487,0.000347521562459009,3.82747386322013e-07,2.53830620622632e-10,8.43364745474398e-17,0.00034752181628963,3.8274738640635e-07
36.2030169180765,0.000348963772123698,3.89523522086343e-07,2.55160322234821e-10,8.80507317193211e-17,0.00034896402728402,3.89523522174393e-07
36.3030252521043,0.000350212387598608,3.96149700731469e-07,2.56381773340715e-10,9.18570622668742e-17,0.000350212643980381,3.96149700823327e-07
36.4030335861322,0.000350964065977391,4.02254952032175e-07,2.57254543916306e-10,9.56579498028223e-17,0.000350964323231935,4.02254952127833e-07
36.50304192016,0.000351016380433658,4.07559387167899e-07,2.57619574211774e-10,9.936899108456e-17,0.000351016638053232,4.07559387267268e-07
36.6030502541878,0.000350757735756287,4.12468296777092e-07,2.57712229134681e-10,1.03053407556901e-16,0.000350757993468516,4.12468296880145e-07
36.7030585882157,0.000351089191682089,4.18044288100763e-07,2.58198356833337e-10,1.06975776220557e-16,0.000351089449880445,4.18044288207739e-07
36.8030669222435,0.000352118651170285,4.24464816874733e-07,2.592226022202e-10,1.11225807308008e-16,0.000352118910392887,4.24464816985959e-07
36.9030752562714,0.000353185619158286,4.30964355945938e-07,2.60313099248515e-10,1.15624627128311e-16,0.000353185879471385,4.30964356061562e-07
37.0030835902992,0.000353916521359232,4.37074607983692e-07,2.61166261364323e-10,1.20033022026153e-16,0.000353916782525493,4.37074608103725e-07
37.103091924327,0.000354265198465386,4.42708718939702e-07,2.61739326827989e-10,1.24412612480928e-16,0.000354265460204712,4.42708719064114e-07
37.2031002583549,0.000354321253544319,4.47949725398293e-07,2.62083621314241e-10,1.28767636046597e-16,0.00035432151562794,4.4794972552706e-07
37.3031085923827,0.000354518985141178,4.53335691056512e-07,2.62503714023299e-10,1.3323781953266e-16,0.000354519247644892,4.5333569118975e-07
37.4031169264105,0.000355195699924416,4.59318151068244e-07,2.63275772400945e-10,1.37975640404096e-16,0.000355195963200189,4.5931815120622e-07
37.5031252604384,0.000356084683018255,4.655787226988e-07,2.64232645245917e-10,1.42913914400716e-16,0.000356084947250901,4.65578722841714e-07
37.6031335944662,0.000356787024215008,4.71596670340751e-07,2.65067513201118e-10,1.47889825764684e-16,0.000356787289282521,4.71596670488641e-07
37.703141928494,0.000357226709498145,4.77252489631317e-07,2.65706735120691e-10,1.5284839954917e-16,0.00035722697520488,4.77252489784165e-07
37.8031502625219,0.000357476023297426,4.82623417496869e-07,2.66199828804584e-10,1.5780192590562e-16,0.000357476289497255,4.82623417654671e-07
37.9031585965497,0.000357705313285794,4.87928592898731e-07,2.6666502996202e-10,1.62809878864126e-16,0.000357705579950824,4.87928593061541e-07
38.0031669305775,0.00035816703568816,4.93516898234165e-07,2.67293456710239e-10,1.67990169331972e-16,0.000358167302981617,4.93516898402155e-07
38.1031752646054,0.000358861087485657,4.99403776243001e-07,2.68106488860977e-10,1.73367962694772e-16,0.000358861355592146,4.99403776416369e-07
38.2031835986332,0.000359518105368123,5.05221173431545e-07,2.68908911703943e-10,1.7882330585733e-16,0.000359518374277035,5.05221173610368e-07
38.3031919326611,0.000359986828606896,5.10746975519159e-07,2.69573861657939e-10,1.84263599960564e-16,0.000359987098180757,5.10746975703423e-07
38.4032002666889,0.000360316132524411,5.16036601890358e-07,2.70130586873588e-10,1.89694903164891e-16,0.000360316402654998,5.16036602080053e-07
38.5032086007167,0.000360601455723059,5.21218078545827e-07,2.70649097464083e-10,1.95156142476688e-16,0.000360601726372157,5.21218078740983e-07
38.6032169347446,0.000360971576022886,5.26476598716076e-07,2.71224454671902e-10,2.00712317391732e-16,0.000360971847247341,5.26476598916788e-07
38.7032252687724,0.000361501297548373,5.31927825529882e-07,2.71921194993738e-10,2.06414905703134e-16,0.000361501569469568,5.31927825736296e-07
38.8032336028002,0.000362079194098319,5.37414043598779e-07,2.72665477742884e-10,2.12212415807621e-16,0.000362079466763796,5.37414043810992e-07
38.9032419368281,0.000362551591625165,5.42704244566703e-07,2.73337257427301e-10,2.18007561270693e-16,0.000362551864962422,5.4270424478471e-07
39.0032502708559,0.000362907698387713,5.47773104492617e-07,2.739195797561e-10,2.23775739062787e-16,0.000362907972307293,5.47773104716392e-07
39.1032586048837,0.000363219568943433,5.52722223178613e-07,2.74465132064029e-10,2.29549842125939e-16,0.000363219843408565,5.52722223408162e-07
39.2032669389116,0.000363557600360792,5.576564201335e-07,2.75027374820459e-10,2.35369091743073e-16,0.000363557875388167,5.57656420368869e-07
39.3032752729394,0.000363979131075504,5.6266554756935e-07,2.75651749890829e-10,2.41271315490031e-16,0.000363979406727254,5.62665547810621e-07
39.4032836069672,0.000364463556093526,5.67721228989993e-07,2.76328944546226e-10,2.47249400381282e-16,0.00036446383242247,5.67721229237243e-07
39.5032919409951,0.000364911864084182,5.72669194471985e-07,2.76985570420819e-10,2.53235441513545e-16,0.000364912141069753,5.7266919472522e-07
39.6033002750229,0.000365273429830481,5.77424986992116e-07,2.7757751619569e-10,2.59181133246335e-16,0.000365273707407998,5.77424987251298e-07
39.7033086090508,0.000365586713323789,5.82043815219525e-07,2.78130350931872e-10,2.65100894142495e-16,0.00036558699145414,5.82043815484626e-07
39.8033169430786,0.000365904696458997,5.8660737483107e-07,2.7868504436646e-10,2.71027220207758e-16,0.000365904975144041,5.86607375102097e-07
39.9033252771064,0.000366261639405715,5.91170655827796e-07,2.7926881176445e-10,2.76983178689273e-16,0.000366261918674527,5.91170656104779e-07
40.0033336111343,0.000366663292281286,5.95744288998604e-07,2.79888596484394e-10,2.82973920376015e-16,0.000366663572169882,5.95744289281578e-07
40.1033419451621,0.000367065040525304,6.00256219836268e-07,2.8051300367485e-10,2.88965161404785e-16,0.000367065321038308,6.00256220125233e-07
40.2033502791899,0.000367415353669912,6.04619893064783e-07,2.81100852512714e-10,2.94908714100775e-16,0.000367415634770765,6.04619893359692e-07
40.3033586132178,0.000367718383812323,6.08838389129167e-07,2.81651666881817e-10,3.00796111890272e-16,0.00036771866546399,6.08838389429963e-07
40.4033669472456,0.000368012916750515,6.12973393621383e-07,2.82194585132571e-10,3.06651605741857e-16,0.0003680131989451,6.12973393928034e-07
40.5033752812734,0.000368325439891129,6.17068394907795e-07,2.82751108510654e-10,3.12494033369747e-16,0.000368325722642238,6.17068395220289e-07
40.6033836153013,0.000368663058063753,6.21135628224782e-07,2.83327841770729e-10,3.18327509895414e-16,0.000368663341391595,6.21135628543109e-07
40.7033919493291,0.000369009902047579,6.25148551892832e-07,2.83914161578235e-10,3.24136876926463e-16,0.000369010185961741,6.25148552216969e-07
40.8034002833569,0.000369332668485721,6.2904978203595e-07,2.84484620483542e-10,3.2988844784259e-16,0.000369332952970341,6.29049782365839e-07
40.9034086173848,0.000369617958918302,6.32814363150781e-07,2.85026748577003e-10,3.35561469004348e-16,0.00036961824394505,6.32814363486343e-07
41.0034169514126,0.00036988592032607,6.36474819985736e-07,2.85554638065393e-10,3.41166208379364e-16,0.000369886205880708,6.36474820326902e-07
41.1034252854405,0.000370159821640579,6.40070356393612e-07,2.86086873331806e-10,3.46719986976016e-16,0.000370160107727452,6.40070356740332e-07
41.2034336194683,0.000370446833330417,6.43613336745355e-07,2.86629944725822e-10,3.52226978171051e-16,0.000370447119960362,6.43613337097582e-07
41.3034419534961,0.000370740908881419,6.47093301829614e-07,2.87179911779852e-10,3.57678874260412e-16,0.00037074119606133,6.47093302187293e-07
41.403450287524,0.000371025044442496,6.50480176891963e-07,2.87724079648979e-10,3.63055867913387e-16,0.000371025332166575,6.50480177255019e-07
41.5034586215518,0.000371284377866685,6.53746875369224e-07,2.88250149610959e-10,3.68337568448297e-16,0.000371284666116835,6.53746875737562e-07
41.6034669555796,0.000371523937731013,6.56901043806e-07,2.88760701941536e-10,3.73522068266248e-16,0.000371524226491715,6.56901044179522e-07
41.7034752896075,0.00037176061447493,6.59971850884335e-07,2.89268732710127e-10,3.78621653440168e-16,0.000371760903743662,6.59971851262957e-07
41.8034836236353,0.000372003213920628,6.6297483271923e-07,2.89781836128464e-10,3.83642678291587e-16,0.000372003503702464,6.62974833102873e-07
41.9034919576631,0.00037224932217468,6.65905776912673e-07,2.90298656046954e-10,3.885801564148e-16,0.000372249612473336,6.65905777301253e-07
42.003500291691,0.000372490343893554,6.68749241804443e-07,2.90812760888752e-10,3.93422155350239e-16,0.000372490634706315,6.68749242197866e-07
42.1035086257188,0.000372716118583984,6.71486639426395e-07,2.91316059056467e-10,3.98154053380237e-16,0.000372716409900043,6.71486639824549e-07
42.2035169597466,0.000372924567098741,6.74113717478394e-07,2.91806160449744e-10,4.02768695600582e-16,0.000372924858904901,6.74113717881163e-07
42.3035252937745,0.000373124670525165,6.76646379144316e-07,2.9228961128164e-10,4.07271508488658e-16,0.000373124962814777,6.76646379551587e-07
42.4035336278023,0.000373325189241587,6.79100544163065e-07,2.92773610198515e-10,4.11669537405817e-16,0.000373325482015197,6.79100544574735e-07
42.5035419618302,0.000373526571433529,6.81477274692196e-07,2.93258987458842e-10,4.1596141377022e-16,0.000373526864692517,6.81477275108158e-07
42.603550295858,0.000373723912429981,6.83767853149493e-07,2.9374206913915e-10,4.20139481987968e-16,0.00037372420617205,6.83767853569633e-07
42.7035586298858,0.000373911124124437,6.85961263204206e-07,2.94218033455902e-10,4.24194325924137e-16,0.00037391141834247,6.85961263628401e-07
42.8035669639137,0.000374084825017347,6.88051350565354e-07,2.94683884024647e-10,4.28119069766401e-16,0.000374085119701231,6.88051350993473e-07
42.9035752979415,0.000374248206507953,6.90044093566239e-07,2.95141701758839e-10,4.31914344866746e-16,0.000374248501649655,6.90044093998154e-07
43.0035836319693,0.000374407720611342,6.91951687030968e-07,2.95596570898676e-10,4.35585587659546e-16,0.000374408016207913,6.91951687466554e-07
43.1035919659972,0.000374565797875507,6.937790963395e-07,2.96050747121555e-10,4.39134514433722e-16,0.000374566093926254,6.93779096778635e-07
43.203600300025,0.000374719881938961,6.95522114059386e-07,2.96502404637748e-10,4.42557021558152e-16,0.000374720178441366,6.95522114501943e-07
43.3036086340528,0.000374866080377316,6.97174021225691e-07,2.96948439769037e-10,4.45847157569814e-16,0.000374866377325756,6.97174021671538e-07
43.4036169680807,0.000375001693983415,6.98730289398309e-07,2.97386559384667e-10,4.49000238527234e-16,0.000375001991369975,6.98730289847309e-07
43.5036253021085,0.000375127185576952,7.00192311079908e-07,2.97816866415022e-10,4.52015340564631e-16,0.000375127483393819,7.00192311531924e-07
43.6036336361363,0.000375246168189675,7.01567461567872e-07,2.98242090330498e-10,4.54895795900127e-16,0.000375246466431765,7.01567462022768e-07
43.7036419701642,0.00037536150025572,7.02861835539648e-07,2.98664648318212e-10,4.57644791717229e-16,0.000375361798920368,7.02861835997292e-07
43.803650304192,0.000375472498533107,7.04074978146342e-07,2.99084183427964e-10,4.60261525904589e-16,0.000375472797617291,7.04074978606604e-07
43.9036586382199,0.000375576597166918,7.0520292733604e-07,2.99498665993282e-10,4.62742777404255e-16,0.000375576896665584,7.05202927798783e-07
44.0036669722477,0.000375671788041487,7.06242779800531e-07,2.99906395946035e-10,4.65085959555011e-16,0.000375672087947883,7.06242780265617e-07
44.1036753062755,0.000375757703867247,7.07194752376993e-07,3.0030693166662e-10,4.67290599863522e-16,0.000375758004174179,7.07194752844283e-07
44.2036836403034,0.000375835962261109,7.08062863425684e-07,3.00701432056811e-10,4.69358932179613e-16,0.000375836262962541,7.08062863895043e-07
44.3036919743312,0.000375908764708893,7.08852313792462e-07,3.01091670417775e-10,4.7129439794843e-16,0.000375909065800563,7.08852314263756e-07
44.403700308359,0.000375976550964856,7.09565053276218e-07,3.01478120925144e-10,4.7309863771419e-16,0.000375976852442977,7.09565053749316e-07
44.5037086423869,0.000376037872135207,7.1019951229929e-07,3.01859671675213e-10,4.7477098797934e-16,0.000376038173994879,7.10199512774061e-07
44.6037169764147,0.000376091175499373,7.10753958399521e-07,3.02235013902275e-10,4.76310633246756e-16,0.000376091477734387,7.10753958875832e-07
44.7037253104425,0.000376135915003215,7.11228602211895e-07,3.02603609639079e-10,4.77718139021599e-16,0.000376136217606825,7.11228602689613e-07
44.8037336444704,0.000376172709885579,7.11625910524023e-07,3.0296586162331e-10,4.78995742231061e-16,0.00037617301285144,7.11625911003019e-07
44.9037419784982,0.000376202889579461,7.11949752495086e-07,3.03322800670373e-10,4.80146869664832e-16,0.000376203192902261,7.11949752975233e-07
45.003750312526,0.00037622722669823,7.12202999226938e-07,3.03675097185072e-10,4.81174567871264e-16,0.000376227530373327,7.12202999708113e-07
45.1037586465539,0.000376245156881845,7.12386037852691e-07,3.04022347024464e-10,4.82080352333171e-16,0.000376245460904192,7.12386038334771e-07
45.2037669805817,0.000376255561506726,7.12498247557409e-07,3.04363619898321e-10,4.82865061055065e-16,0.000376255865870346,7.12498248040274e-07
45.3037753146096,0.000376257849544873,7.12540049365394e-07,3.04698363376209e-10,4.83530286138775e-16,0.000376258154243236,7.12540049848924e-07
45.4037836486374,0.000376252207439095,7.1251338276654e-07,3.05026657184699e-10,4.8407878076751e-16,0.000376252512465753,7.12513383250618e-07
45.5037919826652,0.000376239345291543,7.1242122591229e-07,3.05349030323698e-10,4.84514168312673e-16,0.000376239650640573,7.12421226396804e-07
45.6038003166931,0.000376219920463921,7.12266501661218e-07,3.05666016170784e-10,4.84840228938533e-16,0.000376220226129937,7.12266502146058e-07
45.7038086507209,0.000376193881829066,7.12050832863527e-07,3.05977601197973e-10,4.85060015120265e-16,0.000376194187806667,7.12050833348587e-07
45.8038169847487,0.000376160556222588,7.1177470525649e-07,3.06283232970615e-10,4.85175858036014e-16,0.000376160862505821,7.11774705741665e-07
45.9038253187766,0.000376119386896082,7.11438865875279e-07,3.06582406467732e-10,4.85190294066629e-16,0.000376119693478489,7.1143886636047e-07
46.0038336528044,0.000376070344418026,7.11045100132039e-07,3.06875038011597e-10,4.8510665306846e-16,0.000376070651293064,7.11045100617146e-07
46.1038419868322,0.000376013793770994,7.10595978363974e-07,3.07161382055336e-10,4.8492891980777e-16,0.000376014100932376,7.10595978848903e-07
46.2038503208601,0.000375950175759822,7.10094250753618e-07,3.07441778725712e-10,4.8466132634949e-16,0.000375950483201601,7.10094251238279e-07
46.3038586548879,0.000375879627350107,7.09542128045887e-07,3.07716342891575e-10,4.84307853640222e-16,0.00037587993506645,7.09542128530195e-07
46.4038669889157,0.000375801830242368,7.08940996018317e-07,3.07984812047311e-10,4.83871988012571e-16,0.00037580213822718,7.08940996502189e-07
46.5038753229436,0.000375716348125659,7.08292053405582e-07,3.0824679582382e-10,4.83357112273425e-16,0.000375716656372455,7.0829205388894e-07
46.6038836569714,0.000375623034649251,7.07597080673389e-07,3.08502124252963e-10,4.82767048171641e-16,0.000375623343151375,7.07597081156156e-07
46.7038919909993,0.000375522059530184,7.06858486167571e-07,3.08750895163899e-10,4.82106122142643e-16,0.000375522368281079,7.06858486649677e-07
46.8039003250271,0.00037541369628222,7.0607890313752e-07,3.08993307044111e-10,4.81378894789774e-16,0.000375414005275527,7.06078903618899e-07
46.9039086590549,0.000375298099586465,7.05260768918461e-07,3.09229474418199e-10,4.80589865807543e-16,0.000375298408815939,7.05260769399051e-07
47.0039169930828,0.000375175159835957,7.04406051418901e-07,3.09459298345067e-10,4.79743268677808e-16,0.000375175469295256,7.04406051898644e-07
47.1039253271106,0.000375044594285009,7.03516421454097e-07,3.09682522919509e-10,4.78843157156867e-16,0.000375044903967532,7.0351642193294e-07
47.2039336611384,0.000374906220879027,7.02593766520761e-07,3.09898958237602e-10,4.77893747826129e-16,0.000374906530777986,7.02593766998654e-07
47.3039419951663,0.000374760085260783,7.01640426345435e-07,3.10108602169324e-10,4.7689960137613e-16,0.000374760395369386,7.01640426822335e-07
47.4039503291941,0.000374606350819367,7.00658983618349e-07,3.1031156057926e-10,4.75865491484811e-16,0.000374606661130927,7.00658984094215e-07
47.5039586632219,0.000374445140336536,6.9965196553503e-07,3.10507914925911e-10,4.74796195244797e-16,0.000374445450844451,6.99651966009827e-07
47.6039669972498,0.000374276435701128,6.98621655666459e-07,3.10697634236964e-10,4.73696354945798e-16,0.000374276746398763,6.98621656140156e-07
47.7039753312776,0.000374100080497561,6.97570099054919e-07,3.10880568270999e-10,4.7257046624179e-16,0.00037410039137813,6.9757009952749e-07
47.8039836653054,0.000373915915725877,6.96499355285791e-07,3.11056553371924e-10,4.71423037824176e-16,0.000373916226782431,6.96499355757214e-07
47.9039919993333,0.000373723913873397,6.95411746575372e-07,3.11225530112233e-10,4.70258766050227e-16,0.000373724225098927,6.95411747045631e-07
48.0040003333611,0.000373524160433414,6.94309820508784e-07,3.11387538521409e-10,4.6908252195159e-16,0.000373524471820953,6.94309820977867e-07
48.1040086673889,0.000373722787959714,6.93949585775093e-07,3.11825010075953e-10,4.68322805777074e-16,0.000373723099784724,6.93949586243415e-07
48.2040170014168,0.000374790143927484,6.95200251377593e-07,3.13011138949245e-10,4.68684782827746e-16,0.000374790456938623,6.95200251846277e-07
48.3040253354446,0.000375870384113234,6.96469819548917e-07,3.1427022917836e-10,4.69148470096473e-16,0.000375870698383463,6.96469820018065e-07
48.4040336694725,0.000376257927019804,6.96452679910843e-07,3.14978317498392e-10,4.68784039687318e-16,0.000376258241998121,6.96452680379627e-07
48.5040420035003,0.000375926882881136,6.95106307061363e-07,3.15067150264763e-10,4.67498220268357e-16,0.000375927197948286,6.95106307528861e-07
48.6040503375281,0.00037541556626258,6.93430272190712e-07,3.14960851591186e-10,4.65927740470861e-16,0.000375415881223431,6.93430272656639e-07
48.704058671556,0.000375369241472445,6.92616217987138e-07,3.15211389584156e-10,4.64889851146192e-16,0.000375369556683834,6.92616218452028e-07
48.8040670055838,0.000375969930717755,6.92995872704577e-07,3.16014249228432e-10,4.64666742162034e-16,0.000375970246732004,6.92995873169244e-07
48.9040753396116,0.000376790929814381,6.93778794515948e-07,3.17041477169248e-10,4.6476941612537e-16,0.000376791246855859,6.93778794980718e-07
49.0040836736395,0.000377285100195137,6.9395731310895e-07,3.17822097507351e-10,4.64506205106394e-16,0.000377285418017235,6.93957313573456e-07
49.1040920076673,0.000377285624023577,6.93227548471512e-07,3.18184219565974e-10,4.63630167721007e-16,0.000377285942207796,6.93227548935142e-07
49.2041003416951,0.000377044898289922,6.92056383734165e-07,3.18318665487142e-10,4.62424581158499e-16,0.000377045216608588,6.9205638419659e-07
49.304108675723,0.000376972888040993,6.91197128052489e-07,3.18570829919196e-10,4.61393152396611e-16,0.000376973206611823,6.91197128513882e-07
49.4041170097508,0.000377303005304605,6.91075860577561e-07,3.19158727047666e-10,4.60849092034146e-16,0.000377303324463332,6.9107586103841e-07
49.5041253437786,0.000377891289999521,6.91426146328905e-07,3.19985204154427e-10,4.60647638350287e-16,0.000377891609984725,6.91426146789552e-07
49.6041336778065,0.000378379767081324,6.91591946269736e-07,3.20750454465513e-10,4.6035500483342e-16,0.000378380087831779,6.91591946730091e-07
49.7041420118343,0.000378559061891863,6.91191898610196e-07,3.21258999131641e-10,4.59692335069727e-16,0.000378559383150862,6.91191899069888e-07
49.8041503458622,0.00037851547203744,6.90385700894772e-07,3.21566185392057e-10,4.58742226905993e-16,0.000378515793603625,6.90385701353514e-07
49.90415867989,0.000378496480549472,6.89625810114275e-07,3.21877762634878e-10,4.57800230155566e-16,0.000378496802427235,6.89625810572075e-07
50.0041670139178,0.000378698336744151,6.89269122894124e-07,3.22369804268388e-10,4.57116054913797e-16,0.000378698659113955,6.8926912335124e-07
50.1041753479457,0.000379112985616284,6.89299305824894e-07,3.23051126868209e-10,4.56699624933541e-16,0.000379113308667411,6.89299306281593e-07
50.2041836819735,0.000379544612885068,6.89359196496045e-07,3.23762796219844e-10,4.56324207551046e-16,0.000379544936647865,6.89359196952369e-07
50.3041920160013,0.000379808124403741,6.89112967921368e-07,3.24339482044981e-10,4.55757033090933e-16,0.000379808448743223,6.89112968377125e-07
50.4042003500292,0.000379895543992165,6.88547451148599e-07,3.24761247344438e-10,4.54972059065393e-16,0.000379895868753413,6.88547451603571e-07
50.504208684057,0.000379945238711155,6.87914405638872e-07,3.25140349397817e-10,4.54128252583659e-16,0.000379945563851504,6.87914406093e-07
50.6042170180848,0.000380102309710569,6.87476468024817e-07,3.25604544570105e-10,4.53404164003512e-16,0.000380102635315114,6.87476468478222e-07
50.7042253521127,0.000380406971355578,6.87305463821961e-07,3.26197298739241e-10,4.52858998129667e-16,0.000380407297552877,6.8730546427482e-07
50.8042336861405,0.000380770272788543,6.87239780153364e-07,3.26849624470581e-10,4.52395469588565e-16,0.000380770599638168,6.87239780605759e-07
50.9042420201683,0.000381060588736069,6.87041739567806e-07,3.27447308145401e-10,4.51855120223924e-16,0.000381060916183377,6.87041740019661e-07
51.0042503541962,0.000381228917519685,6.86623675738478e-07,3.27940228055775e-10,4.51169744712924e-16,0.000381229245459913,6.86623676189648e-07
51.104258688224,0.000381339334449197,6.86101748120106e-07,3.2837742573572e-10,4.50408054843414e-16,0.000381339662826623,6.86101748570514e-07
51.2042670222519,0.000381491767485583,6.85655926158032e-07,3.28845481600776e-10,4.49689233571503e-16,0.000381492096331065,6.85655926607721e-07
51.3042753562797,0.000381736313444919,6.85375812239409e-07,3.29392623080205e-10,4.49078647635431e-16,0.000381736642837542,6.85375812688488e-07
51.4042836903075,0.000382041797609589,6.85204821681205e-07,3.29997210717908e-10,4.48545817551167e-16,0.0003820421276068,6.85204822129751e-07
51.5042920243354,0.000382328194386544,6.84999165063042e-07,3.30591379025286e-10,4.47997978994256e-16,0.000382328524977923,6.8499916551104e-07
51.6043003583632,0.000382541010103627,6.84661490589513e-07,3.31124115712464e-10,4.47366344941025e-16,0.000382541341227743,6.8466149103688e-07
51.704308692391,0.000382698100751586,6.8422426455938e-07,3.31606004838944e-10,4.46666007870911e-16,0.000382698432357591,6.84224265006046e-07
51.8043170264189,0.000382861823793234,6.83799232781855e-07,3.32089912107755e-10,4.45968658669993e-16,0.000382862155883146,6.83799233227823e-07
51.9043253604467,0.00038307802735725,6.83468117230679e-07,3.32618217697464e-10,4.45331033850267e-16,0.000383078359975467,6.8346811767601e-07
52.0043336944745,0.000383343099653023,6.8322409468839e-07,3.3319132011374e-10,4.44753090314588e-16,0.000383343432844343,6.83224095133143e-07
52.1043420285024,0.000383613717412144,6.82989693421316e-07,3.3377331172246e-10,4.44186442985372e-16,0.000383614051185456,6.82989693865502e-07
52.2043503625302,0.000383846312042676,6.82687409144332e-07,3.34324882192762e-10,4.43578809307954e-16,0.000383846646367558,6.82687409587911e-07
52.304358696558,0.000384035670820904,6.82308268110572e-07,3.34838305641981e-10,4.42920376329851e-16,0.00038403600565921,6.82308268553492e-07
52.4043670305859,0.000384215095759692,6.8191167514813e-07,3.35340851372615e-10,4.4224762142333e-16,0.000384215431100543,6.81911675590378e-07
52.5043753646137,0.000384420705014892,6.81561715986531e-07,3.35865046616353e-10,4.41603469314985e-16,0.000384421040879939,6.81561716428134e-07
52.6043836986416,0.000384660887777541,6.81273051209536e-07,3.36420509685506e-10,4.41000259854144e-16,0.000384661224198051,6.81273051650536e-07
52.7043920326694,0.000384914735984494,6.81008447507389e-07,3.36990520351863e-10,4.40415739292648e-16,0.000384915072975015,6.81008447947805e-07
52.8044003666972,0.000385152583268184,6.80715388676503e-07,3.37548875542864e-10,4.39815573555827e-16,0.000385152920817059,6.80715389116319e-07
52.9044087007251,0.000385361663159347,6.80371460813132e-07,3.38082630744113e-10,4.39183099636104e-16,0.000385362001241978,6.80371461252316e-07
53.0044170347529,0.000385555881894463,6.8000139438282e-07,3.38602379326907e-10,4.38532364862988e-16,0.000385556220496842,6.80001394821353e-07
53.1044253687807,0.000385760019905131,6.79648942062982e-07,3.39129919531938e-10,4.37891707771253e-16,0.00038576035903505,6.79648942500874e-07
53.2044337028086,0.000385986332429549,6.79335592583796e-07,3.39677369329457e-10,4.37276639627199e-16,0.000385986672106918,6.79335593021073e-07
53.3044420368364,0.000386226794704379,6.79047080405645e-07,3.4023891736136e-10,4.36679455706349e-16,0.000386227134943297,6.79047080842324e-07
53.4044503708642,0.000386463033223187,6.78751043113706e-07,3.40798605435942e-10,4.36079558791961e-16,0.000386463374021792,6.78751043549786e-07
53.5044587048921,0.000386682421599987,6.78425365816321e-07,3.41344457404311e-10,4.35461695509829e-16,0.000386682762944445,6.78425366251782e-07
53.6044670389199,0.000386888185230158,6.78075823039564e-07,3.41878172881114e-10,4.34828209698583e-16,0.000386888527108331,6.78075823474392e-07
53.7044753729477,0.000387095013444024,6.77728223696532e-07,3.42412344951633e-10,4.34195233658066e-16,0.000387095355856369,6.77728224130727e-07
53.8044837069756,0.000387314502517618,6.77402834217007e-07,3.42957874025431e-10,4.33576552090897e-16,0.000387314845475492,6.77402834650584e-07
53.9044920410034,0.000387545661794182,6.77097832523708e-07,3.43514796490712e-10,4.32972076695752e-16,0.000387546005308979,6.7709783295668e-07
54.0045003750313,0.000387778060017292,6.76794934567197e-07,3.44074245412741e-10,4.32370528033666e-16,0.000387778404091537,6.76794934999567e-07
54.1045087090591,0.00038800175579957,6.76476804164727e-07,3.44627057741587e-10,4.3176039791568e-16,0.000388002100426627,6.76476804596488e-07
54.2045170430869,0.000388215289350855,6.76140962641351e-07,3.45171225046529e-10,4.31139265267745e-16,0.00038821563452208,6.7614096307249e-07
54.3045253771148,0.000388426081624831,6.75800390772518e-07,3.4571289035204e-10,4.30514895661319e-16,0.000388426427337722,6.75800391203033e-07
54.4045337111426,0.000388642981389382,6.75470482427613e-07,3.4626012712288e-10,4.29897352719997e-16,0.00038864332764951,6.7547048285751e-07
54.5045420451704,0.000388868263263078,6.75155141248335e-07,3.4681554907845e-10,4.29289811037045e-16,0.000388868610078627,6.75155141677625e-07
54.6045503791983,0.000389096782066858,6.74845386334496e-07,3.47374958651789e-10,4.28686996491625e-16,0.000389097129441817,6.74845386763183e-07
54.7045587132261,0.00038932154740233,6.74529087086788e-07,3.47932033476691e-10,4.28081086362949e-16,0.000389321895334364,6.74529087514869e-07
54.8045670472539,0.000389539647123867,6.74201231714364e-07,3.48483765718805e-10,4.27468424434467e-16,0.000389539995607633,6.74201232141832e-07
54.9045753812818,0.000389754113651316,6.73867109313683e-07,3.49032496682536e-10,4.26851945976144e-16,0.000389754462683812,6.73867109740535e-07
55.0045837153096,0.000389970733761366,6.73536737324971e-07,3.49583386242239e-10,4.2623798700991e-16,0.000389971083344752,6.73536737751209e-07
55.1045920493374,0.000390192670672422,6.73215556013964e-07,3.50139588892916e-10,4.25630363807953e-16,0.000390193020812011,6.73215556439595e-07
55.2046003833653,0.000390418057159411,6.72900310214658e-07,3.50699754978722e-10,4.25027383344966e-16,0.000390418407859166,6.72900310639685e-07
55.3046087173931,0.000390642431031119,6.72583295261471e-07,3.51259925990166e-10,4.24424220766113e-16,0.000390642782291045,6.72583295685895e-07
55.4046170514209,0.000390862864259311,6.72259483949603e-07,3.51817258339301e-10,4.23817455819629e-16,0.000390863216076569,6.72259484373421e-07
55.5046253854488,0.000391080092842862,6.71930168407775e-07,3.52372152530215e-10,4.23207609570179e-16,0.000391080445215014,6.71930168830983e-07
55.6046337194766,0.000391297455459821,6.71601099952797e-07,3.52927519567479e-10,4.2259820410212e-16,0.000391297808387341,6.71601100375395e-07
55.7046420535045,0.000391517769023431,6.71277105785437e-07,3.53486039048622e-10,4.2199244023854e-16,0.00039151812250947,6.7127710620743e-07
55.8046503875323,0.000391740927559931,6.70957983459397e-07,3.54047843995254e-10,4.21390445795909e-16,0.000391741281607775,6.70957983880787e-07
55.9046587215601,0.000391964411552423,6.70639403473554e-07,3.54610758527619e-10,4.20789606215724e-16,0.000391964766163181,6.70639403894343e-07
56.004667055588,0.000392185829366231,6.70317277163259e-07,3.55172529345265e-10,4.20187248461498e-16,0.00039218618453876,6.70317277583447e-07
56.1046753896158,0.000392404865501984,6.6999108056354e-07,3.55732700276024e-10,4.19582853843279e-16,0.000392405221234684,6.69991080983122e-07
56.2046837236436,0.000392623222702186,6.6966373376355e-07,3.56292711236747e-10,4.18978141004712e-16,0.000392623578994898,6.69663734182528e-07
56.3046920576715,0.000392842963099,6.69338753980492e-07,3.56854473667185e-10,4.18375359908219e-16,0.000392843319953474,6.69338754398867e-07
56.4047003916993,0.000393064707301969,6.69017187419337e-07,3.57418689128053e-10,4.17775317044027e-16,0.000393065064720658,6.69017187837113e-07
56.5047087257271,0.000393287268143083,6.68697002126121e-07,3.579843807873e-10,4.17176851933993e-16,0.000393287626127464,6.68697002543298e-07
56.604717059755,0.000393508942178064,6.68375300048975e-07,3.58549979788812e-10,4.16578130768535e-16,0.000393509300728044,6.68375300465553e-07
56.7047253937828,0.000393729036531106,6.68050912161866e-07,3.59114753257044e-10,4.15978311675029e-16,0.000393729395645859,6.68050912577844e-07
56.8047337278106,0.000393948272200545,6.67725071167717e-07,3.59679272176748e-10,4.15378069841535e-16,0.000393948631879817,6.67725071583096e-07
56.9047420618385,0.000394167986007238,6.67400045853764e-07,3.60244752151645e-10,4.14778814510809e-16,0.00039416834625199,6.67400046268543e-07
57.0047503958663,0.000394388942813644,6.67077126181076e-07,3.60811964382264e-10,4.1418142668733e-16,0.000394389303625609,6.67077126595257e-07
57.1047587298942,0.00039461074687802,6.66755635010397e-07,3.61380627177509e-10,4.13585570630911e-16,0.000394611108258648,6.66755635423982e-07
57.204767063922,0.000394832330791987,6.66433765362353e-07,3.61949779485271e-10,4.12990139396226e-16,0.000394832692741766,6.66433765775343e-07
57.3047753979498,0.000395052975314974,6.66110306446316e-07,3.62518709756534e-10,4.12394324023518e-16,0.000395053337833684,6.66110306858711e-07
57.4047837319777,0.000395272859677349,6.65785566572534e-07,3.63087518342563e-10,4.11798246970447e-16,0.000395273222764867,6.65785566984333e-07
57.5047920660055,0.000395492768049993,6.65460870048958e-07,3.63656904004458e-10,4.11202706108633e-16,0.000395493131706897,6.6546087046016e-07
57.6048004000333,0.000395713358406788,6.65137322334873e-07,3.64227503952883e-10,4.10608419823327e-16,0.000395713722634292,6.65137322745482e-07
57.7048087340612,0.000395934628884936,6.64814915583266e-07,3.64799370236468e-10,4.10015439385397e-16,0.000395934993684306,6.64814915993282e-07
57.804817068089,0.000396155996905355,6.6449266821032e-07,3.65371993165585e-10,4.09423185657222e-16,0.000396156362277348,6.64492668619743e-07
57.9048254021168,0.000396376878383401,6.64169601175618e-07,3.65944813843382e-10,4.08831031856727e-16,0.000396377244328215,6.64169601584449e-07
58.0048337361447,0.00039659719003508,6.63845578479659e-07,3.66517712969198e-10,4.08238848970369e-16,0.000396597556552793,6.63845578887898e-07
58.1048420701725,0.000396817338858209,6.6352128437022e-07,3.67091042011654e-10,4.07647032610459e-16,0.000396817705949251,6.63521284777867e-07
58.2048504042004,0.000397037808166176,6.63197527029151e-07,3.67665258426107e-10,4.0705609080173e-16,0.000397038175831435,6.63197527436207e-07
58.3048587382282,0.000397258748463473,6.62874555321074e-07,3.68240533823408e-10,4.06466209485428e-16,0.000397259116704007,6.6287455572754e-07
58.404867072256,0.000397479892938311,6.62551921410501e-07,3.68816646080131e-10,4.05877138731793e-16,0.000397480261754957,6.62551921816378e-07
58.5048754062839,0.000397700836063025,6.62228948853937e-07,3.69393216279977e-10,4.0528845966682e-16,0.000397701205456241,6.62228949259226e-07
58.6048837403117,0.00039792140204232,6.61905346712373e-07,3.69970056660185e-10,4.04699967910112e-16,0.000397921772012376,6.61905347117073e-07
58.7048920743395,0.000398141761227374,6.61581400544118e-07,3.70547304173323e-10,4.04111815937625e-16,0.000398142131774678,6.6158140094823e-07
58.8049004083674,0.000398362231845169,6.61257639834463e-07,3.71125254387287e-10,4.03524326837763e-16,0.000398362602970423,6.61257640237988e-07
58.9049087423952,0.00039858299375874,6.60934361990003e-07,3.71704092376604e-10,4.02937699793846e-16,0.000398583365462832,6.6093436239294e-07
59.004917076423,0.000398803959135131,6.60611419584502e-07,3.72283755370816e-10,4.02351863476558e-16,0.000398804331418886,6.60611419986854e-07
59.1049254104509,0.00039902487989853,6.60288400859565e-07,3.72864016670356e-10,4.01766570728582e-16,0.000399025252762547,6.60288401261331e-07
59.2049337444787,0.000399245579722584,6.59965014742972e-07,3.73444699723806e-10,4.01181631415803e-16,0.000399245953167284,6.59965015144154e-07
59.3049420785065,0.00039946609626328,6.59641324901803e-07,3.74025824030299e-10,4.00597067876851e-16,0.000399466470289104,6.596413253024e-07
59.4049504125344,0.000399686617091839,6.59317641898401e-07,3.74607560046294e-10,4.00013063428852e-16,0.000399686991699399,6.59317642298414e-07
59.5049587465622,0.000399907298671458,6.58994223459318e-07,3.75190062641716e-10,3.99429782475902e-16,0.000399907673861521,6.58994223858748e-07
59.6049670805901,0.000400128141480891,6.58671069293215e-07,3.75773345271874e-10,3.98847237178848e-16,0.000400128517254236,6.58671069692063e-07
59.7049754146179,0.000400349011280216,6.58347957635122e-07,3.76357288653305e-10,3.98265299003446e-16,0.000400349387637505,6.58347958033387e-07
59.8049837486457,0.000400569769213094,6.58024660275151e-07,3.76941758117929e-10,3.97683824794376e-16,0.000400570146154853,6.58024660672835e-07
59.9049920826736,0.000400790391129243,6.57701138353993e-07,3.77526720974717e-10,3.97102780518314e-16,0.000400790768655964,6.57701138751096e-07
