data1,data2,data3,data4,data5
0,-0.399717791891229,-0.554494336381414,-0.312514810002375,-0.173310166528041
0.0100016669444907,-0.326317941043519,-0.50327664548944,-0.312514810002375,-0.173310166528041
0.0200033338889815,-0.253640098631521,-0.421590311121852,-0.226680341151646,-0.139552161275365
0.0300050008334722,0.0892416423262136,-0.189232608414162,-0.0361262149387463,0.0741540846818766
0.040006667777963,0.105569488406792,-0.172865580510826,-0.0196045777658076,0.074391624310902
0.0500083347224537,0.109153754181589,-0.169281377011532,-0.0160204448770979,0.0779809703938689
0.0600100016669445,0.110497218698078,-0.167938063741316,-0.0146789252153044,0.0793212814905752
0.0700116686114352,0.111882636225212,-0.166549463430952,-0.013288667636741,0.0807116047912327
0.080013335555926,0.113629201985562,-0.164795228592348,-0.0115285438630678,0.082475765456974
0.0900150025004167,0.115748963248386,-0.162661929456341,-0.00938372820401791,0.0846299914913458
0.100016669444907,0.118259764062512,-0.160130308250447,-0.00683349975298284,0.0871965023047654
0.110018336389398,0.121187716416079,-0.157172763800049,-0.00384871438752286,0.0902060352554411
0.120020003333889,0.124564467663525,-0.153756077471418,-0.000394518183020892,0.0936951397880708
0.13002167027838,0.128425234007295,-0.149843398871895,0.00356765186284859,0.097704166393613
0.14002333722287,0.132806517748495,-0.145396579369592,0.0080776869752139,0.102274842023133
0.150025004167361,0.137743437823288,-0.140378926780421,0.0131739693608515,0.107447353179009
0.160026671111852,0.14326665147558,-0.134758404687568,0.0188900531055097,0.113256908607748
0.170028338056343,0.149398947676607,-0.128511193016909,0.0252509485834005,0.119729868133121
0.180030005000833,0.156151725344225,-0.121625387625899,0.0322692410992979,0.126879676045019
0.190031671945324,0.163521700655946,-0.114104477470896,0.0399414218377552,0.134702993184416
0.200033338889815,0.171488283170574,-0.105970134690036,0.0482449206417402,0.143176541938928
0.210035005834306,0.18001207905851,-0.0972638292067368,0.0571363596322984,0.152255214217692
0.220036672778796,0.189034888363643,-0.0880468710609325,0.0665514555617341,0.161871902559846
0.230038339723287,0.198481354881941,-0.0783986993932916,0.0764067763116958,0.171939285940948
0.240040006667778,0.208262133660093,-0.0684135448331922,0.0866032351872535,0.182353466510094
0.250041673612269,0.218278130183415,-0.0581959212045666,0.0970308591060496,0.192998987449121
0.260043340556759,0.228425120589711,-0.0478556645833296,0.107574086631182,0.203754463363637
0.27004500750125,0.238597952086046,-0.0375033593731931,0.11811671772071,0.21449790713997
0.280046674445741,0.248693574266981,-0.0272469418233814,0.128545683022314,0.225110878836327
0.290048341390232,0.258612343313994,-0.0171900730624421,0.138753005210417,0.235480792364694
0.300050008334722,0.268257315110416,-0.0074325862222618,0.148635625521422,0.24550102919033
0.310051675279213,0.277531535385607,0.00192699485333696,0.158093090932291,0.255068845937956
0.320053342223704,0.286333599070909,0.0107871435704097,0.167023385442527,0.26408136363754
0.330055009168195,0.29455197402779,0.0190377313885451,0.175317422516457,0.272430166369414
0.340056676112685,0.302058784340934,0.0265538446260773,0.182852910341885,0.279995229967404
0.350058343057176,0.308703960172619,0.0331899221323289,0.18948849351791,0.286639084050312
0.360060010001667,0.314310914055804,0.0387753571262839,0.19505929864242,0.292202319874905
0.370061676946158,0.318675196540657,0.0431129848219761,0.199375274156702,0.296501803314035
0.380063343890648,0.321567861356993,0.0459821449140193,0.202223971141977,0.299333196219403
0.390065010835139,0.322745400039434,0.047148138870195,0.203379541963065,0.300479517181145
0.40006667777963,0.321967874243868,0.0463796880494633,0.202619535772084,0.299727288963091
0.410068344724121,0.319026011117088,0.0434751739361521,0.19975028240114,0.296891068396751
0.420070011668611,0.313776293829278,0.0382967653385295,0.194640037532928,0.291845594136235
0.430071678613102,0.306180429219663,0.030808952507627,0.187256545969585,0.28456234351931
0.440073345557593,0.296342369915305,0.0211148576142142,0.177702588905071,0.275144264069212
0.450075012502084,0.284533254905276,0.00948089523035884,0.166240308041571,0.263849701001004
0.460076679446574,0.2711936961886,-0.00366062112033716,0.153294082213676,0.251095488689188
0.470078346391065,0.256905359906034,-0.0177389187075089,0.13942403146328,0.23743135915626
0.480080013335556,0.242330555379453,-0.0321036443038382,0.125268652898771,0.223484073900336
0.490081680280047,0.228128512350853,-0.0461067906216205,0.111464691277119,0.209879093596412
0.500083347224537,0.214866823240759,-0.0591896166686721,0.0985618767127015,0.197156995302473
0.510085014169028,0.202951307631539,-0.0709517329918679,0.0869549307145384,0.185706608902
0.520086681113519,0.192593491362289,-0.0811834180050613,0.0768515086140729,0.175733269162016
0.53008834805801,0.183822216030086,-0.0898546106000041,0.0682826562040228,0.167268771234292
0.5400900150025,0.17653008218189,-0.0970695552879179,0.0611471084162107,0.160214646616824
0.550091681946991,0.170534549178718,-0.103006843519405,0.0552701136662652,0.154399863291762
0.560093348891482,0.165632859488614,-0.10786534879026,0.0504566273679047,0.14963313905966
0.570095015835973,0.161638286911447,-0.111828436658137,0.0465266249041072,0.145737760607209
0.580096682780463,0.158396171112906,-0.115048055291348,0.0433308697626123,0.142567194674594
0.590098349724954,0.155785552536041,-0.117643037830144,0.0407526636309638,0.140006880169924
0.600100016669445,0.153713898331586,-0.119704251575963,0.0387028169538566,0.137969312928953
0.610101683613936,0.15211032307624,-0.121301258967381,0.037113104129078,0.136387614556102
0.620103350558426,0.150919820237887,-0.122487996100875,0.0359306741885167,0.135210031197932
0.630105017502917,0.150099056666663,-0.123306915069306,0.0351139712849569,0.134395916304032
0.640106684447408,0.149613459638988,-0.123791853079686,0.0346299092245123,0.133912948481195
0.650108351391899,0.149435182156851,-0.123970036144173,0.0344518986737804,0.133735189389959
0.660110018336389,0.149541626343503,-0.123863533283544,0.0345584153033395,0.133841674112609
0.67011168528088,0.149914321242306,-0.123490362417444,0.0349319101998682,0.134215337810233
0.680113352225371,0.150538032270523,-0.122865369163117,0.035557942836155,0.134842160448058
0.690115019169862,0.151400027377433,-0.122000952507561,0.0364244636024363,0.135710457540085
0.700116686114352,0.152489452432861,-0.120907684137089,0.0375211997881498,0.136810271455728
0.710118353058843,0.153796784862532,-0.119594851880471,0.0388391150696374,0.138132833838093
0.720120020003334,0.155313345191907,-0.118070947161503,0.0403699230364613,0.139670080079461
0.730121686947825,0.157030853577208,-0.116344108975179,0.0421056426372001,0.141414204116376
0.740123353892315,0.158941023914332,-0.114422531392092,0.0440381889349853,0.143357247318417
0.750125020836806,0.161035192389145,-0.112314837304454,0.0461589968757018,0.145490719581828
0.760126687781297,0.16330398067872,-0.11003041775202,0.0484586791795516,0.147805254183293
0.770128354725788,0.165736996545564,-0.107579733604883,0.0509267220613776,0.150290300581867
0.780130021670278,0.168322576287498,-0.10497457464152,0.0535512242470047,0.152933861147508
0.790131688614769,0.171047574369098,-0.102228270200911,0.0563186856145008,0.1557222786644
0.80013335555926,0.173897205524688,-0.0993558456582553,0.0592138516897841,0.158640081335142
0.810135022503751,0.176854943694654,-0.0963741199745942,0.0622196191581277,0.161669890882714
0.820136689448241,0.179902480425709,-0.0933017414147054,0.0653170056005133,0.164792397290775
0.830138356392732,0.183019743022847,-0.0901591610211001,0.0684851840224854,0.167986400936774
0.840140023337223,0.186184970077357,-0.0869685462747943,0.0717015797211301,0.171228919671939
0.850141690281714,0.189374839378995,-0.0837536401845728,0.0749420240277673,0.174495355195369
0.860143357226204,0.192564641049468,-0.0805395734099162,0.078180956903035,0.17775971030646
0.870145024170695,0.195728487378962,-0.0773526385499471,0.0813916686548221,0.180994846727648
0.880146691115186,0.198839550586994,-0.0742200361252502,0.0845465705118802,0.184172772499693
0.890148358059677,0.201870320699058,-0.0711696008929479,0.0876174845786341,0.187264948640575
0.900150025004167,0.204792877889215,-0.0682295150035002,0.0905759457916742,0.190242606806727
0.910151691948658,0.207579176757615,-0.0654280113585612,0.0933935116683495,0.193077072876279
0.920153358893149,0.210201343693692,-0.0627930667656378,0.0960420794750985,0.195740095276301
0.93015502583764,0.212631992192733,-0.0603520806442264,0.0984942144018522,0.19820418094544
0.94015669278213,0.214844564139472,-0.0581315317361902,0.100723495782092,0.200442945422853
0.950158359726621,0.216813707020948,-0.0561566031459896,0.102704890701068,0.202431486029793
0.960160026671112,0.218515697196042,-0.0544507656765819,0.10441516488806,0.204146787855673
0.970161693615603,0.219928917246881,-0.0530353113218318,0.105833339101488,0.20556817078149
0.980163360560093,0.221034390751479,-0.0519288332436992,0.106941194969134,0.206677781749971
0.990165027504584,0.221816370472316,-0.051146655679262,0.107723827361534,0.207461129844279
1.00016669444907,0.222262966196974,-0.0507002267485262,0.108170231090501,0.20790765269756
1.01016836139357,0.222366786938077,-0.0505964984361183,0.108273898659381,0.208011291936712
1.02017002833806,0.22212556000072,-0.0508373300166577,0.108033394010303,0.207771043810628
1.03017169528255,0.221542678121907,-0.0514189623457805,0.107452856228911,0.207191440351684
1.04017336222704,0.22062761743197,-0.052331618824495,0.106542378867914,0.206282908224875
1.05017502917153,0.219396165528814,-0.0535592923499153,0.105318207017502,0.205061948876628
1.06017669611602,0.217870402499974,-0.05507977420804,0.103802697437866,0.203551086630154
1.07017836306051,0.216078389696968,-0.0568649692321721,0.102023998376401,0.201778542370467
1.080180030005,0.214053541800535,-0.0588815212918398,0.100015425481787,0.199777609790417
1.09018169694949,0.211833686041161,-0.0610917454245965,0.0978145374046373,0.197585737770839
1.10018336389398,0.209459845462407,-0.0634548305047939,0.095461946477208,0.195243353645594
1.11018503083847,0.206974816378125,-0.0659282436318166,0.0929999320055972,0.192792493654034
1.12018669778296,0.204421638268693,-0.0684692397369283,0.0904709509554224,0.190275333670257
1.13018836472745,0.201842071947276,-0.0710363625184238,0.0879161579769649,0.187732730210552
1.14019003167195,0.199275204881682,-0.0735908197028402,0.0853740498580252,0.185202884865242
1.15019169861644,0.196756289511417,-0.0760976283713287,0.0828793370338961,0.182720233101783
1.16019336556093,0.194315892795762,-0.0785264531968794,0.0804621181606434,0.180314632231331
1.17019503250542,0.191979397612585,-0.08085209745611,0.0781473973341053,0.17801088749652
1.18019669944991,0.189766855606747,-0.0830546471088824,0.0759549437047838,0.175828616008419
1.1901983663944,0.187693153778748,-0.0851193050602836,0.0738994569181613,0.173782412453648
1.20020003333889,0.185768429431814,-0.0870359800752405,0.0719909747891324,0.171882253824479
1.21020170028338,0.183998653463197,-0.0887987093236933,0.0702354452550422,0.17013406622272
1.22020336722787,0.182386300736515,-0.0904049948302021,0.0686353833250334,0.168540375446963
1.23020503417236,0.180931036036267,-0.0918551245062357,0.0671905431817997,0.167100972365919
1.24020670111685,0.179630360827568,-0.0931515319506343,0.0658985518617076,0.165813540134312
1.25020836806134,0.17848018526957,-0.0942982302122293,0.064755469698438,0.164674208836792
1.26021003500583,0.177475307915129,-0.0953003369241569,0.063756260298355,0.163678020525652
1.27021170195032,0.176609799875629,-0.0961636940194439,0.0628951668658252,0.162819301514904
1.28021336889482,0.175877299998504,-0.096894575559864,0.0621660012790716,0.162091948276405
1.29021503583931,0.175271233019546,-0.0974994718402217,0.0615623576384377,0.161489638552601
1.3002167027838,0.17478496462271,-0.0979849359713081,0.0610777639529962,0.161005981226577
1.31021836972829,0.174411907003422,-0.0983574794733448,0.0607057853087084,0.160634618170772
1.32022003667278,0.174145586925338,-0.0986235050000766,0.0604400902891302,0.160369289738084
1.33022170361727,0.173979686164167,-0.0987892663896145,0.0602744903631795,0.160203873521008
1.34022337056176,0.173908062137129,-0.098860848313792,0.0602029598976191,0.160132403965789
1.35022503750625,0.173924754675634,-0.0988441596221594,0.0602196426438886,0.160149078636558
1.36022670445074,0.174023983400449,-0.0987449359615837,0.0603188490774518,0.160248255466199
1.37022837139523,0.174200138997336,-0.0985687484031136,0.0604950478276981,0.160424444201076
1.38023003833972,0.17444777081828,-0.0983210156725219,0.0607428535798394,0.160672294398325
1.39023170528421,0.174761572588495,-0.098007018219728,0.0610570131976517,0.160986581708099
1.4002333722287,0.175136367526041,-0.0976319128311219,0.0614323913517236,0.161362193713654
1.4102350391732,0.175567093832715,-0.0972007468336667,0.0618639565964076,0.161794116264156
1.42023670611769,0.176048791256454,-0.0967184711957522,0.0623467685849662,0.162277420983878
1.43023837306218,0.176576589230823,-0.0961899520229437,0.0628759669208396,0.162807254451548
1.44024004000667,0.177145696947538,-0.0956199800954579,0.0634467619952243,0.163378829396881
1.45024170695116,0.177751395600409,-0.0950132782113912,0.064054428044411,0.163987418145109
1.46024337389565,0.178389032944403,-0.0943745061944059,0.0646942985656894,0.164628348445738
1.47024504084014,0.179054020235489,-0.0937082635029043,0.0653617641520311,0.165297001742933
1.48024670778463,0.179741831551342,-0.0930190894438128,0.0660522727391828,0.165988813877887
1.49024837472912,0.180448005437109,-0.092311461050633,0.0667613322016257,0.166699278155693
1.50025004167361,0.181168148772453,-0.0915897887340599,0.0674845151845116,0.167423950659201
1.5102517086181,0.18189794271512,-0.0908584098551773,0.0682174660162625,0.168158457649196
1.52025337556259,0.18263315054158,-0.0901215804065217,0.068955909510595,0.168898504853599
1.53025504250708,0.183369627176748,-0.0893834650153744,0.0696956614371225,0.169639888418263
1.54025670945158,0.184103330182164,-0.0886481255066093,0.0704326404163532,0.170378507268164
1.55025837639607,0.184830331955195,-0.0879195082793515,0.0711628809777951,0.171110376610471
1.56026004334056,0.185546832880738,-0.0872014307627482,0.0718825475088796,0.171831642300006
1.57026171028505,0.186249175171119,-0.0864975672215757,0.0725879488172836,0.172538595782697
1.58026337722954,0.186933857129158,-0.0858114341826039,0.0732755530295486,0.173227689333476
1.59026504417403,0.187597547573052,-0.085146375748185,0.073942002554108,0.173895551310969
1.60026671111852,0.188237100169176,-0.0845055490550917,0.0745841288462323,0.174539001161714
1.61026837806301,0.188849567429416,-0.0838919101249937,0.0751989667251734,0.175155063920507
1.6202700450075,0.189432214142393,-0.0833082003389452,0.0757837680090823,0.175740983970062
1.63027171195199,0.189982530022161,-0.0827569337526569,0.0763360142502364,0.176294237841506
1.64027337889648,0.190498241373035,-0.0822403854528846,0.0768534283709681,0.176812545856517
1.65027504584097,0.19097732158453,-0.0817605811385662,0.0773339850187915,0.177293882431446
1.66027671278546,0.191418000285581,-0.0813192880938007,0.0777759194771149,0.177736484883053
1.67027837972995,0.191818771002217,-0.0809180077035971,0.0781777349853423,0.178138860594193
1.68028004667445,0.192178397177575,-0.0805579696475042,0.0785382083390998,0.17849979241586
1.69028171361894,0.19249591642798,-0.0802401278905301,0.0788563936579524,0.178818342199648
1.70028338056343,0.192770642924142,-0.0799651585747462,0.0791316242247234,0.179093852372169
1.71028504750792,0.193002167802983,-0.0797334598980735,0.0793635123179213,0.179325945480952
1.72028671445241,0.193190357533795,-0.0795451540483192,0.0795519469774738,0.17951452166031
1.7302883813969,0.193335350183124,-0.0794000912399129,0.0796970896645964,0.179659753986404
1.74029004834139,0.193437549546381,-0.0792978558774158,0.0797993677997747,0.179762081713633
1.75029171528588,0.193497617141222,-0.0792377748433438,0.0798594661889114,0.1798222014102
1.76029338223037,0.193516462088313,-0.0792189278779826,0.0798783163768776,0.179841056039182
1.77029504917486,0.193495228938992,-0.0792401599858473,0.0798570839998772,0.179819822062823
1.78029671611935,0.193435283546066,-0.0793000957677387,0.0797971542427167,0.179759894681416
1.79029838306384,0.193338197112641,-0.0793971555398376,0.0797001155434516,0.179662871353408
1.80030005000833,0.193205728593195,-0.0795295730631751,0.0795677417247763,0.179530533779058
1.81030171695283,0.193039805659532,-0.0796954146696143,0.0794019727674819,0.179364828564664
1.82030338389732,0.192842504480038,-0.0798925995359034,0.0792048944746601,0.179167846816518
1.83030505084181,0.192616028591991,-0.0801189208272084,0.0789787173043038,0.178941802941487
1.8403067177863,0.192362687171629,-0.0803720674075944,0.0787257546708258,0.178689012952943
1.85030838473079,0.19208487302375,-0.0806496457987821,0.0784484010312171,0.178411872594938
1.86031005167528,0.191785040620428,-0.0809492020614484,0.0781491100778487,0.178112835603037
1.87031171861977,0.191465684516108,-0.0812682432761969,0.0778303733564696,0.177794392416129
1.88031338556426,0.191129318453631,-0.0816042583144211,0.0774946996144655,0.177459049639608
1.89031505250875,0.190778455452845,-0.081954737612324,0.0771445951611978,0.177109310536864
1.90031671945324,0.190415589141292,-0.082317191693516,0.0767825454900836,0.176747656793803
1.91031838639773,0.190043176546408,-0.0826891682254687,0.0764109983723845,0.176376531761587
1.92032005334222,0.189663622522584,-0.0830682674408387,0.076032348587258,0.175998325337647
1.93032172028671,0.189279265936544,-0.0834521558041284,0.0756489244036082,0.175615360596425
1.94032338723121,0.188892367683066,-0.0838385778550278,0.0752629758789266,0.17522988223151
1.9503250541757,0.18850510055249,-0.0842253662097744,0.074876664990907,0.174844046821929
1.96032672112019,0.188119540923852,-0.0846104497488571,0.0744920575712323,0.174459914889654
1.97032838806468,0.187737662214736,-0.0849918600615478,0.074111116969381,0.174079444674371
1.98033005500917,0.187361329982443,-0.0853677362536575,0.0737356993389525,0.173704487516823
1.99033172195366,0.186992298541845,-0.0857363282536357,0.0733675504108129,0.173336784714343
2.00033338889815,0.186632208943787,-0.0860959987731986,0.073008303596748,0.17297796569206
2.01033505584264,0.186282588144093,-0.0864452240920925,0.0726594792542727,0.172629547320603
2.02033672278713,0.185944849186766,-0.0867825938427764,0.0723224849373792,0.172292934205579
2.03033838973162,0.185620292225077,-0.0871068099704691,0.0719986164585746,0.171969419774922
2.04034005667611,0.185310106209982,-0.0874166850381161,0.0716890595936218,0.171660187996452
2.0503417236206,0.18501537108557,-0.0877111400354652,0.0713948922708665,0.171366315568547
2.06034339056509,0.184737060344896,-0.0879892018377206,0.0711170871008125,0.171088774440711
2.07034505750958,0.184476043815567,-0.0882500004432626,0.070856514117606,0.170828434536801
2.08034672445408,0.184233090561703,-0.0884927661026415,0.0706139436213542,0.170586066570982
2.09034839139857,0.184008871806681,-0.0887168264333339,0.0703900490278864,0.170362344864082
2.10035005834306,0.183803963798609,-0.0889216035972692,0.0701854096500021,0.170157850085438
2.11035172528755,0.183618850557236,-0.0891066116014042,0.0700005133509166,0.169973071861945
2.12035339223204,0.18345392645671,-0.0892714537660198,0.0698357590261652,0.169808411211471
2.13035505917653,0.183309498612872,-0.0894158203911564,0.0696914588844267,0.169664182772009
2.14035672612102,0.183185789056668,-0.0895394866387992,0.0695678405104781,0.169540616810573
2.15035839306551,0.183082936686597,-0.0896423106371053,0.0694650487047691,0.16943786100713
2.16036006001,0.183000999003072,-0.0897242318030706,0.0693831471039582,0.169355982018638
2.17036172695449,0.18293995363613,-0.0897852693714863,0.0693221195952674,0.169294966836769
2.18036339389898,0.182899699685298,-0.089825521110718,0.069281871544806,0.169254723960147
2.19036506084347,0.182880058896626,-0.0898451621996257,0.0692622308662054,0.169235084408122
2.20036672778796,0.182880776707171,-0.0898444442347142,0.0692629489611167,0.169235802608266
2.21036839473246,0.182901523191586,-0.0898236943322539,0.0692837015674612,0.169256557194127
2.22037006167695,0.182941893949039,-0.0897833142865329,0.0693240895548772,0.169296951753318
2.23037172862144,0.183001410971596,-0.0897237797425398,0.069383639709659,0.169356515568809
2.24037339556593,0.183079523537455,-0.0896456393391508,0.0694618055536769,0.169434704398528
2.25037506251042,0.18317560917402,-0.0895495137772922,0.0695579682433454,0.169530901339871
2.26037672945491,0.183288974736919,-0.0894360947665297,0.0696714375956811,0.169644417826689
2.2703783963994,0.183418857651491,-0.0893061438031135,0.069801453288873,0.169774494806644
2.28038006334389,0.183564427363207,-0.0891604907326724,0.0699471862845538,0.169920304146539
2.29038173028838,0.183724787042753,-0.0890000320515355,0.0701077405181112,0.1700809503123
2.30038339723287,0.183898975590193,-0.0888257289020747,0.0702821549018687,0.17025547236871
2.31038506417736,0.184085969980642,-0.0886386047195433,0.0704694056837923,0.170442846341692
2.32038673112185,0.184284687991234,-0.0884397424906501,0.070668409201497,0.170641987982994
2.33038839806634,0.184493991345798,-0.0882302815875895,0.070878025067726,0.170851755973357
2.34039006501084,0.184712689309609,-0.0880114141454535,0.0710970598191356,0.171070955595804
2.35039173195533,0.184939542761734,-0.0877843809559041,0.0713242710551283,0.171298342905454
2.36039339889982,0.185173268766982,-0.0875504668556746,0.0715583720876398,0.171532629416267
2.37039506584431,0.185412545663141,-0.0873109955948986,0.0717980371162132,0.171772487318422
2.3803967327888,0.185656018672218,-0.0870673241774071,0.0720419069354107,0.172016555232605
2.39039839973329,0.185902306036655,-0.0868208366729614,0.0722885951736547,0.17226344449937
2.40040006667778,0.186150005673193,-0.086572937509845,0.0725366950540178,0.172511745993064
2.41040173362227,0.186397702328097,-0.0863250442652657,0.0727847866583508,0.17276003744056
2.42040340056676,0.186643975207999,-0.0860785799805344,0.0730314446665525,0.173006891215367
2.43040506751125,0.186887406050784,-0.0858349650378863,0.0732752465328325,0.17325088256769
2.44040673445574,0.187126587590761,-0.085595608645984,0.0735147810506348,0.173490598240807
2.45040840140023,0.187360132362024,-0.0853618999914321,0.0737486572476169,0.173724645413858
2.46041006834472,0.187586681773628,-0.0851351991238961,0.0739755135418773,0.173951660900992
2.47041173528921,0.187804915380001,-0.0849168276524479,0.0741940270806899,0.174170320526987
2.48041340223371,0.188013560260348,-0.0847080593403572,0.074402923173542,0.174379348590109
2.4904150691782,0.188211400411626,-0.0845101106944779,0.0746009847225188,0.174577527314383
2.50041673612269,0.188397286051514,-0.0843241316533805,0.0747870615452739,0.17476370618587
2.51041840306718,0.188570142720721,-0.0841511964851915,0.0749600794792522,0.174936811061168
2.52042007001167,0.188728980068384,-0.0839922950114363,0.0751190491507489,0.175095852931555
2.53042173695616,0.188872900200514,-0.0838483242767525,0.0752630742890826,0.17523993622312
2.54042340390065,0.189001105469578,-0.0837200807858762,0.0753913594648958,0.175368266512266
2.55042507084514,0.189112905583864,-0.0836082534285455,0.0755032171326236,0.17548015753725
2.56042673778963,0.189207723918268,-0.0835134172096808,0.0755980738606984,0.175575037390202
2.57042840473412,0.18928510291394,-0.0834360278962349,0.0756754756392562,0.175652453780517
2.58043007167861,0.189344708462774,-0.0833764176833315,0.0757350921640692,0.175712078269644
2.5904317386231,0.189386333184222,-0.0833347919707144,0.0757767200071728,0.175753709389214
2.60043340556759,0.189409898516166,-0.0833112273261785,0.0758002845991037,0.175777274569006
2.61043507251209,0.189415455558482,-0.0833056706957176,0.0758058409646421,0.175782830818263
2.62043673945658,0.1894031846272,-0.083317939900899,0.0757935731731598,0.175770564123101
2.63043840640107,0.18937339349835,-0.0833477254428517,0.07576379248573,0.175740787543714
2.64044007334556,0.189326514343257,-0.0833945936097418,0.0757169342035335,0.175693938017378
2.65044174029005,0.189263099380513,-0.0834579908613089,0.0756535532452268,0.175630571896181
2.66044340723454,0.189183815293528,-0.083537249440608,0.0755743185041388,0.175551359271424
2.67044507417903,0.189089436485628,-0.0836315941402772,0.0754800060587399,0.17545707715896
2.68044674112352,0.188980837266471,-0.0837401501291445,0.0753714913310561,0.175348601640671
2.69044840806801,0.18885898308329,-0.0838619517255219,0.0752497403068794,0.175226899076225
2.7004500750125,0.188724920927534,-0.0839959519867554,0.0751157999481206,0.175093016515403
2.71045174195699,0.188579769061296,-0.0841410329710697,0.0749707879409066,0.174948071454325
2.72045340890148,0.188424706217972,-0.084296016517909,0.0748158819326138,0.174793241088189
2.73045507584597,0.188260960437687,-0.0844596753871107,0.074652308416675,0.174629751218589
2.74045674279047,0.188089797699932,-0.0846307445955043,0.0744813314255662,0.174458864974852
2.75045840973496,0.187912510513658,-0.0848079327918461,0.0743042411899273,0.174281871506233
2.76046007667945,0.187730406618967,-0.0849899335171892,0.0741223429154971,0.174100074795459
2.77046174362394,0.187544797944846,-0.0851754362074917,0.0739369458198069,0.173914782734301
2.78046341056843,0.187356989954684,-0.0853631368079868,0.0737493525578563,0.173727296589164
2.79046507751292,0.187168271496031,-0.0855517478840164,0.0735608491508786,0.173538900969577
2.80046674445741,0.186979905254038,-0.0857400081299904,0.0733726955154247,0.173350854395711
2.8104684114019,0.186793118889794,-0.0859266911962159,0.0731861166720302,0.173164380543151
2.82047007834639,0.186609096926097,-0.0861106137718683,0.0730022946943523,0.172980660224946
2.83047174529088,0.186428973424725,-0.0862906428807042,0.0728223614414834,0.17280082415292
2.84047341223537,0.186253825481499,-0.0864657023636908,0.072647392098747,0.172625946502992
2.85047507917986,0.186084667548972,-0.0866347785390526,0.0724783995361225,0.172457039293251
2.86047674612435,0.185922446581693,-0.0867969250449303,0.0723163294789114,0.172295047569188
2.87047841306884,0.185768037986047,-0.0869512668826429,0.0721620564726231,0.172140845377982
2.88048008001334,0.185622242345847,-0.087097003689254,0.0720163806134841,0.171995232503318
2.89048174695783,0.185485782886126,-0.0872334122767136,0.0718800250075326,0.171858931923906
2.90048341390232,0.185359303631067,-0.0873598484812807,0.0717536339149336,0.171732587952645
2.91048508084681,0.185243368207509,-0.0874757483713433,0.0716377715318261,0.171616765009149
2.9204867477913,0.185138459242851,-0.0875806288642769,0.0715329213595573,0.171511946975971
2.93048841473579,0.185044978305325,-0.0876740878038417,0.0714394861103527,0.171418537088106
2.94049008168028,0.184963246335107,-0.0877558035490293,0.0713577880990903,0.171336858305999
2.95049174862477,0.184893504516564,-0.0878255341234801,0.0712880700726537,0.171267154124146
2.96049341556926,0.184835915544635,-0.0878831159718608,0.0712304964310723,0.171209589770068
2.97049508251375,0.18479056524183,-0.0879284623661448,0.0711851547980913,0.171164253751898
2.98049674945824,0.184757464486264,-0.087961561500815,0.0711520579027157,0.171131159716693
2.99049841640273,0.184736551415382,-0.0879824743118106,0.0711311457374358,0.171110248585711
3.00050008334722,0.184727693874362,-0.0879913320497509,0.071122287963092,0.171101390937117
3.01050175029172,0.184730692082462,-0.087988333633747,0.0711252865345125,0.171104389610701
3.02050341723621,0.18474528149463,-0.0879737428080866,0.0711398785250277,0.171118982513117
3.0305050841807,0.184771135839519,-0.0879478851203591,0.071165739131631,0.171144845605774
3.04050675112519,0.184807870318378,-0.0879111447362538,0.0712024848458306,0.171181596060696
3.05050841806968,0.184855044952313,-0.0878639611033781,0.0712496767780612,0.171228795572482
3.06051008501417,0.18491216806779,-0.0878068254740446,0.0713068241258607,0.171285953816713
3.07051175195866,0.184978699912279,-0.0877402772950905,0.0713733877778439,0.171352532046969
3.08051341890315,0.185054056393298,-0.0876649004714255,0.0714487840468075,0.171427946823842
3.09051508584764,0.185137612935076,-0.0875813195091555,0.0715323885260934,0.171511573870041
3.10051675279213,0.185228708447425,-0.0874901955437755,0.0716235400636308,0.171602752045966
3.11051841973662,0.185326649401363,-0.0873922222590494,0.0717215448479016,0.171700787439853
3.12052008668111,0.185430714005518,-0.0872881217027591,0.0718256805994567,0.171804957565948
3.1305217536256,0.185540156476398,-0.0871786400064671,0.0719352008606018,0.171914515663111
3.1405234205701,0.185654211394362,-0.0870645430177592,0.0720493393745101,0.172028695084827
3.15052508751459,0.185772098135515,-0.0869466118550588,0.0721673145433576,0.172146713769923
3.16052675445908,0.185893025367909,-0.0868256383969793,0.0722883339531736,0.172267778781353
3.17052842140357,0.186016195598368,-0.0867024207202531,0.0724115989510048,0.172391090898283
3.18053008834806,0.18614080975409,-0.0865777585024805,0.0725363092577771,0.172515849244485
3.19053175529255,0.186266071780858,-0.0864524484082167,0.0726616675979517,0.172641255933771
3.20053342223704,0.186391193237459,-0.0863272794792065,0.0727868843247937,0.172766520710879
3.21053508918153,0.186515397863597,-0.0862030285518047,0.0729111820178452,0.172890865564062
3.22053675612602,0.186637926096511,-0.0860804557267388,0.0730338000271032,0.173013529283494
3.23053842307051,0.186758039509493,-0.0859602999183047,0.0731539989364951,0.173133771937797
3.240540090015,0.186875025143808,-0.0858432745117761,0.0732710649175873,0.173250879239296
3.25054175695949,0.186988199704065,-0.0857300631592019,0.0733843139431183,0.173364166767371
3.26054342390398,0.187096913586004,-0.0856213157447965,0.0734930958289575,0.173472984018286
3.27054509084847,0.187200554704999,-0.0855176445517518,0.0735967980725273,0.173576718249394
3.28054675779297,0.187298552093345,-0.0854196206624697,0.0736948494556068,0.17367479808553
3.29054842473746,0.187390379234656,-0.0853277706238888,0.0737867233798234,0.173766696855871
3.30055009168195,0.187475557104514,-0.0852425734087289,0.0738719409040417,0.173851935630491
3.31055175862644,0.187553656887809,-0.0851644577020868,0.073950073454312,0.173930085927348
3.32055342557093,0.18762430234516,-0.0850937995408643,0.0740207451790414,0.174000772062509
3.33055509251542,0.187687171803192,-0.0850309203310119,0.0740836349246,0.174063673119
3.34055675945991,0.187741999746517,-0.0849760852645317,0.0741384778096573,0.174118524512818
3.3505584264044,0.187788577992714,-0.0849295021546365,0.0741850663801249,0.174165119138234
3.36056009334889,0.187826756435625,-0.0848913207034498,0.074223251330623,0.17420330807861
3.37056176029338,0.187856443346695,-0.0848616322122084,0.0742529417828255,0.174233000873402
3.38056342723787,0.187877605228807,-0.0848404697391729,0.0742741051158092,0.17425416533679
3.39056509418236,0.187890266222118,-0.0848278087054308,0.0742867663485453,0.174266826928418
3.40056676112685,0.187894507066565,-0.084823567943601,0.074291007079843,0.17427106768186
3.41056842807135,0.187890463630995,-0.0848276111792049,0.0742869639962724,0.174267024701648
3.42057009501584,0.187878325024081,-0.0848397489292756,0.074274826963766,0.174254888244832
3.43057176196033,0.187858331307277,-0.084859740797735,0.0742548367235987,0.174234899408017
3.44057342890482,0.18783077083487,-0.084887298142293,0.0742272822181859,0.174207347445517
3.45057509584931,0.187795977250656,-0.0849220870832176,0.0741924975764964,0.174172566748579
3.4605767627938,0.187754326174726,-0.0849637318203843,0.0741508587927697,0.174130933519478
3.47057842973829,0.187706231617322,-0.0850118182216272,0.0741027801355659,0.174082862177575
3.48058009668278,0.187652142159494,-0.0850658976426526,0.0740487103268882,0.174028801537079
3.49058176362727,0.187592536942455,-0.0851254909366946,0.073989128533152,0.173969230798266
3.50058343057176,0.187527921508889,-0.0851900926107274,0.0739245402111,0.173904655395171
3.51058509751625,0.187458823540187,-0.0852591750844174,0.073855472852351,0.173835602743313
3.52058676446074,0.18738578853349,-0.0853321930080981,0.0737824716701429,0.173762617930879
3.53058843140523,0.187309375461627,-0.0854085875968539,0.0737060952709975,0.173686259395902
3.54059009834973,0.187230152457623,-0.0854877909392692,0.0736269113525457,0.173607094630475
3.55059176529422,0.187148692563344,-0.0855692302414743,0.0735454924666666,0.173525695950939
3.56059343223871,0.187065569579279,-0.0856523319697251,0.0734624118844805,0.173442636370373
3.5705950991832,0.186981354049375,-0.0857365258578103,0.073378239596682,0.173358485606635
3.58059676612769,0.186896609411437,-0.0858212487489911,0.0732935384792968,0.17327380625584
3.59059843307218,0.186811888339907,-0.0859059482458488,0.0732088606512851,0.173189150157481
3.60060010001667,0.186727729303991,-0.0859900861452532,0.0731247440466009,0.173105054973629
3.61060176696116,0.186644653360171,-0.086073141639566,0.0730417092194311,0.173022041000765
3.62060343390565,0.186563161194229,-0.0861546142690784,0.0729602563974815,0.172940608228968
3.63060510085014,0.186483730424114,-0.086234026614463,0.0728808627944235,0.17286123365947
3.64060676779463,0.186406813171318,-0.0863109267216291,0.0728039801890304,0.172784368888005
3.65060843473912,0.186332833905058,-0.0863848902547502,0.0727300327751848,0.172710437958091
3.66061010168361,0.186262187560401,-0.0864555223763245,0.0726594152838712,0.172639835485321
3.6706117686281,0.186195237928694,-0.0865224593559172,0.0725924913755074,0.172572925051002
3.6806134355726,0.186132316316157,-0.086585369911675,0.0725295922985512,0.172510037861125
3.69061510251709,0.186073720464412,-0.0866439562908002,0.072471015808242,0.172451471664542
3.70061676946158,0.186019713724937,-0.0866979550969204,0.0724170253376099,0.172397489922559
3.71061843640607,0.185970524478009,-0.0867471378737001,0.0723678494114897,0.172348321220762
3.72062010335056,0.185926345785601,-0.0867913114551261,0.0723236812932041,0.172304158912826
3.73062177029505,0.185887335266907,-0.0868303180936899,0.0722846788528008,0.172265160985308
3.74062343723954,0.185853615184635,-0.0868640353782094,0.0722509646452135,0.172231450131895
3.75062510418403,0.185825272729921,-0.0868923759533187,0.0722226261864362,0.172203114025313
3.76062677112852,0.185802360493634,-0.0869152870527355,0.0721997164157201,0.17218020577504
3.77062843807301,0.185784897111936,-0.0869327498583295,0.0721822543318843,0.172162744559002
3.7806301050175,0.185772868074176,-0.0869447786968006,0.0721702257920448,0.172150716417707
3.79063177196199,0.185766226681526,-0.0869514200854577,0.0721635844613769,0.172144075199499
3.80063343890648,0.18576489514515,-0.0869527516382052,0.0721622529028992,0.172142743646054
3.81063510585098,0.185768765813145,-0.0869488808424244,0.0721661237966818,0.172146614607587
3.82063677279547,0.185777702515922,-0.0869399437169992,0.0721750612783017,0.172155552377688
3.83063843973996,0.185791542020145,-0.0869261033613133,0.0721889023867854,0.172169394138081
3.84064010668445,0.185810095581756,-0.0869075484046458,0.0722074586126585,0.172187951503985
3.85064177362894,0.185833150588973,-0.0868844913650401,0.0722305175370671,0.172211012161087
3.86064344057343,0.185860472286464,-0.0868571669264212,0.0722578445532171,0.172238341585386
3.87064510751792,0.185891805572167,-0.0868258301424999,0.0722891846616042,0.172269684837417
3.88064677446241,0.185926876858375,-0.0867907545758349,0.0723242643306582,0.172304768422448
3.8906484414069,0.185965395988838,-0.0867522303803245,0.0723627934145155,0.172343302208383
3.90065010835139,0.186007058203683,-0.0867105623353697,0.0724044671196481,0.172384981393047
3.91065177529588,0.186051546143899,-0.0866660678399858,0.0724489680120364,0.172429488512522
3.92065344224037,0.186098531887076,-0.0866190748752323,0.0724959680564641,0.172476495482062
3.93065510918486,0.186147679005949,-0.0865699199434759,0.0725451306793653,0.172525665660957
3.94065677612935,0.186198644641088,-0.0865189459931917,0.072596112846458,0.172576655932525
3.95065844307385,0.186251081578907,-0.0864665003382176,0.0726485671461756,0.172629118790176
3.96066011001834,0.186304640325897,-0.0864129325806205,0.0727021438696702,0.172682704420245
3.97066177696283,0.186358971169759,-0.0863585925465685,0.072756493077918,0.172737062772052
3.98066344390732,0.186413726217894,-0.0863038282448378,0.0728112666462227,0.172791845605427
3.99066511085181,0.186468561403467,-0.0862489838577974,0.0728661202762053,0.17284670850568
4.0006667777963,0.186523138449104,-0.0861943977748852,0.0729207154651926,0.172901312855899
4.01066844474079,0.186577126778141,-0.0861404006787224,0.0729747214227966,0.172955327756269
4.02067011168528,0.186630205363266,-0.0860873136940747,0.0730278169244161,0.173008431880104
4.03067177862977,0.18668206450241,-0.0860354466098628,0.0730796920914058,0.173060315256274
4.04067344557426,0.186732407511807,-0.0859850961843349,0.0731300500877596,0.173110680967827
4.05067511251875,0.186780952326339,-0.085936544543324,0.0731786087233481,0.173159246756818
4.06067677946324,0.186827432997537,-0.0858900576812317,0.0732251019540463,0.173205746525647
4.07067844640773,0.186871601080015,-0.0858458840739829,0.0732692812694932,0.173249931725635
4.08068011335223,0.186913226897591,-0.0858042534126928,0.0733109169597359,0.173291572624074
4.09068178029672,0.186952100680969,-0.0857653754661685,0.0733497992526434,0.173330459441661
4.10068344724121,0.18698803356956,-0.08572943907964,0.0733857393147108,0.173366403352926
4.1106851141857,0.187020858470873,-0.0856966113162741,0.0734185701087234,0.17339923734316
4.12068678113019,0.187050430771827,-0.0856670367470842,0.0734481471027032,0.173428816916293
4.13068844807468,0.187076628897359,-0.085640836893808,0.0734743488256021,0.173455020649225
4.14069011501917,0.18709935471285,-0.0856181098282034,0.0734970772663405,0.173477750589253
4.15069178196366,0.187118533768045,-0.0855989299300128,0.0735162581139888,0.173496932492433
4.16069344890815,0.187134115381443,-0.0855833478045913,0.0735318408381506,0.17351251590201
4.17069511585264,0.187146072565383,-0.085571390359893,0.0735437986099092,0.173524474067306
4.18069678279713,0.187154401793423,-0.0855630610411857,0.0735521280650206,0.17353280370482
4.19069844974162,0.187159122612902,-0.0855583402205329,0.0735568489123692,0.173537524604609
4.20070011668611,0.187160277106924,-0.085557185736761,0.0735580033920181,0.173538679086332
4.21070178363061,0.18715792921129,-0.0855595335803472,0.0735556555884684,0.173536331310619
4.2207034505751,0.187152163893125,-0.085565298716423,0.0735498906059709,0.173530566452652
4.23070511751959,0.18714308619915,-0.085574376037929,0.0735408136138956,0.173521489746003
4.24070678446408,0.187130820182596,-0.0855866414398746,0.0735285487712291,0.17350922540583
4.25070845140857,0.187115507718771,-0.0856019530046899,0.0735132380402407,0.173493915441496
4.26071011835306,0.187097307220133,-0.085620152287796,0.0734950399002018,0.173475718369507
4.27071178529755,0.187076392262452,-0.085641065691801,0.0734741279727595,0.173454807838388
4.28071345224204,0.187052950134254,-0.0856645059171417,0.0734506895711442,0.173431371177673
4.29071511918653,0.187027180322165,-0.0856902734765524,0.0734249241858217,0.173405607883609
4.30071678613102,0.18699929294508,-0.0857181582604553,0.0733970419194809,0.173377728054461
4.31071845307551,0.186969507150231,-0.0857479411402258,0.0733672618843835,0.173347950788422
4.32072012002,0.186938049484207,-0.0857793955962996,0.0733358105750827,0.173316502557106
4.33072178696449,0.186905152251835,-0.0858122893582403,0.0733029202293631,0.173283615567455
4.34072345390898,0.186871051875557,-0.0858463860441783,0.0732688271899562,0.173249526124574
4.35072512085348,0.186835987267507,-0.085881446787447,0.0732337702791713,0.173214473007604
4.36072678779797,0.186800198225954,-0.0859172318387782,0.0731979891980429,0.1731786958702
4.37072845474246,0.186763923867178,-0.0859535021330475,0.0731617229609652,0.173142433676534
4.38073012168695,0.186727401103075,-0.0859900208102869,0.0731252083760624,0.173105923183052
4.39073178863144,0.186690863174033,-0.0860265546814716,0.0730886785807514,0.173069397475399
4.40073345557593,0.18665453824575,-0.0860628756304409,0.0730523616411064,0.173033084569085
4.41073512252042,0.186618648077765,-0.0860987619442002,0.0730164792227462,0.172997206081588
4.42073678946491,0.186583406770568,-0.086133999564772,0.072981245340056,0.172961975982679
4.4307384564094,0.186549019597219,-0.0861683832566878,0.0729468651896256,0.172927599428829
4.44074012335389,0.186515681924456,-0.0862017176851389,0.0729135340728726,0.172894271686643
4.45074179029838,0.186483578227404,-0.0862338184007162,0.0728814364119078,0.172862177149373
4.46074345724287,0.18645288120104,-0.086264512727551,0.0728507448618226,0.172831488449682
4.47074512418736,0.186423750970785,-0.0862936405525227,0.0728216195217318,0.172802365670979
4.48074679113186,0.18639633440373,-0.0863210550140037,0.0727942072461014,0.172774955658862
4.49074845807635,0.186370764521256,-0.0863466230893754,0.0727686410571359,0.172749391433455
4.50075012502084,0.186347160013105,-0.0863702260812525,0.0727450396582965,0.172725791702701
4.51075179196533,0.186325624852299,-0.0863917600030074,0.0727235070483716,0.17270426047607
4.52075345890982,0.186306248009692,-0.0864111358647806,0.0727041322349314,0.172684886777508
4.53075512585431,0.186289103266422,-0.0864282798617009,0.0726869890454606,0.172667744455946
4.5407567927988,0.186274249122034,-0.0864431334665235,0.0726721360339825,0.172652892091211
4.55075845974329,0.186261728795607,-0.0864556534293207,0.0726596164805589,0.172640372992732
4.56076012668778,0.186251570316861,-0.0864658116872432,0.0726494584806753,0.172630215288081
4.57076179363227,0.186243786703862,-0.0864735951876968,0.0726416751211836,0.172622432098039
4.58076346057676,0.186238376223669,-0.0864790056285724,0.0726362647391901,0.172617021794602
4.59076512752125,0.186235322732025,-0.0864820591194144,0.0726332112600244,0.172613968338079
4.60076679446574,0.186234596087955,-0.0864827857676297,0.0726324846102045,0.172613241689225
4.61076846141023,0.186236152638988,-0.0864812291940247,0.0726340412011329,0.172614798292146
4.62077012835473,0.186239935772515,-0.0864774459821155,0.0726378244790898,0.172618581623585
4.63077179529922,0.186245876528711,-0.086471505065796,0.0726437655369565,0.172624522804008
4.64077346224371,0.186253894270292,-0.0864634870600637,0.0726517837829763,0.172632541265827
4.6507751291882,0.18626389740431,-0.0864534835396085,0.0726617876617598,0.172642545473976
4.66077679613269,0.186275784151075,-0.0864415962701553,0.0726736754226456,0.172654433693941
4.67077846307718,0.18628944335524,-0.086427936397532,0.0726873359304498,0.172668094802305
4.68078013002167,0.186304755334014,-0.0864126235995001,0.0727026495135662,0.172683409134743
4.69078179696616,0.186321592757403,-0.0863957852054442,0.0727194888443183,0.172700249366394
4.70078346391065,0.186339821555342,-0.086377555289067,0.0727377198464099,0.172718481419429
4.71078513085514,0.186359301846541,-0.0863580737392776,0.072757202624282,0.172737965392627
4.72078679779963,0.186379888883833,-0.0863374853144922,0.0727777924091432,0.17275855650772
4.73078846474412,0.186401434010789,-0.0863159386855876,0.0727993405164259,0.172780106067238
4.74079013168862,0.18642378562438,-0.086293585472758,0.0728216953094019,0.172802462418581
4.75079179863311,0.186446790138436,-0.0862705792815206,0.0728447031637006,0.172825471919054
4.7607934655776,0.186470292942696,-0.0862470747430969,0.0728682094274862,0.172848979896591
4.77079513252209,0.186494139352287,-0.0862232265643586,0.072892059372092,0.172872831600967
4.78079679946658,0.186518175542482,-0.0861991885924729,0.0729160991279623,0.172896873140328
4.79079846641107,0.18654224946374,-0.0861751128992995,0.0729401766008325,0.172920952397952
4.80080013335556,0.186566211732045,-0.0861511488904949,0.0729641423631822,0.172944919924263
4.81080180030005,0.186589916489764,-0.0861274424441483,0.072987850516121,0.172968629799254
4.82080346724454,0.186613222232342,-0.0861041350836205,0.0730111595170259,0.172991940460609
4.83080513418903,0.186635992596369,-0.0860813631890727,0.0730339329684327,0.173014715493031
4.84080680113352,0.186658097104748,-0.0860592572519608,0.0730560403638981,0.173036824374477
4.85080846807801,0.186679411864935,-0.0860379411765256,0.0730773577867958,0.17305814317526
4.8608101350225,0.186699820216503,-0.0860175316320377,0.0730977685582827,0.173078555206242
4.87081180196699,0.186719213324575,-0.0859981374592505,0.0731171638309806,0.173097951612675
4.88081346891149,0.186737490716004,-0.0859798591341821,0.0731354431252498,0.173116231910546
4.89081513585598,0.186754560755537,-0.085962788291989,0.0731525148052969,0.173133304462683
4.90081680280047,0.18677034105959,-0.0859470073133021,0.0731682964927457,0.173149086892256
4.91081846974496,0.186784758845659,-0.0859325889749923,0.0731827154157111,0.173163506431704
4.92082013668945,0.186797751215827,-0.0859195961668959,0.0731957086918525,0.17317650020558
4.93082180363394,0.186809265373284,-0.0859080816755867,0.0732072235443257,0.173188015446241
4.94082347057843,0.186819258771214,-0.0858980880358176,0.0732172174500212,0.173198009641779
4.95082513752292,0.186827699193889,-0.0858896474497855,0.0732256582199443,0.173206450616049
4.96082680446741,0.186834564770293,-0.0858827817738962,0.0732325240120693,0.173213316541149
4.9708284714119,0.186839843921048,-0.0858775025722335,0.0732378032774759,0.173218595883168
4.98083013835639,0.18684353523991,-0.0858738112354632,0.0732414946410457,0.173222287282478
4.99083180530088,0.186845647311547,-0.0858716991634434,0.0732436067184586,0.173224399370337
5.00083347224537,0.186846198467769,-0.0858711480093669,0.0732441578716729,0.173224950523987
5.01083513918987,0.185510337044641,-0.0871602929995017,0.0719550233538349,0.171935823551162
5.02083680613436,0.170226156537859,-0.100732640437409,0.0590710770659662,0.159394477345123
5.03083847307885,0.177153589488908,-0.0876901523464343,0.0755129342922231,0.174364942208007
5.04084014002334,0.184233774276088,-0.0806122356892132,0.0825884701257315,0.186233603935977
5.05084180696783,0.191907812038241,-0.0729164772849772,0.0902862565586732,0.193928808165156
5.06084347391232,0.199083704610911,-0.0657454664151572,0.0974793380308341,0.201142218083449
5.07084514085681,0.205818715943807,-0.0590617665580175,0.104134628655571,0.207793031001194
5.0808468078013,0.212064734135006,-0.0529010277290818,0.110229170438036,0.213841220856173
5.09084847474579,0.217676549884521,-0.0473943448958776,0.115646040697521,0.219184236037426
5.10085014169028,0.222396716593449,-0.0427816874938768,0.12016241917256,0.223616133585616
5.11085180863477,0.225837743869541,-0.039429347108822,0.123433037248009,0.226812417869337
5.12085347557926,0.227478019235582,-0.0378346099033603,0.124985007252142,0.228324594057731
5.13085514252375,0.226684874356746,-0.0386045501064247,0.124237274505586,0.227597976382024
5.14085680946824,0.222781735620393,-0.0423923299576665,0.120560936635687,0.224028712858734
5.15085847641274,0.215173637257435,-0.0497766556739239,0.113394795992921,0.217074346665216
5.16086014335723,0.203530834835159,-0.0610838580910442,0.102417426158453,0.206419890958555
5.17086181030172,0.187999535354386,-0.0761818665430371,0.0877482088308022,0.192173590226035
5.18086347724621,0.169366640160259,-0.0943167844683339,0.0701091169505364,0.175026706753835
5.1908651441907,0.149074119104372,-0.114094285651068,0.0508473112666504,0.156279829434715
5.20086681113519,0.128996359383762,-0.133692019824686,0.0317328961184285,0.137650694660286
5.21086847807968,0.110989765426581,-0.151296340239275,0.0145359375614033,0.120865046042088
5.22087014502417,0.0963728387858782,-0.165610764193773,0.000529721573733741,0.107171870208085
5.23087181196866,0.0855933306420689,-0.176185542749895,-0.0098351015578934,0.0970216467514534
5.24087347891315,0.0782676714289032,-0.183384810318381,-0.0169038521603759,0.0900871994618165
5.25087514585764,0.0735440957204892,-0.188035175361059,-0.0214780545588465,0.085591931245677
5.26087681280213,0.0705347497155232,-0.191003150428562,-0.0244026356873053,0.0827126740411453
5.27087847974662,0.0685754786201014,-0.192938884412839,-0.0263134461462759,0.0808281253054673
5.28088014669112,0.0672637619627515,-0.194237081038518,-0.027597161160626,0.0795598285568668
5.29088181363561,0.0663800680210146,-0.195113143212678,-0.0284649288972763,0.0787010057226483
5.3008834805801,0.0658032033961877,-0.195685966865923,-0.0290332737693522,0.0781375722979456
5.31088514752459,0.0654599407066385,-0.196027369035754,-0.0293725542155994,0.0778006733067678
5.32088681446908,0.0653020542522934,-0.196184639005547,-0.0295290882426008,0.0776449946843591
5.33088848141357,0.0652963518253543,-0.196190315404268,-0.0295347342431512,0.07763938344214
5.34089014835806,0.0654197481195802,-0.196067009071588,-0.0294116076066046,0.0777622395744401
5.35089181530255,0.0656563893944158,-0.195830214694029,-0.0291748270756017,0.0779988363994761
5.36089348224704,0.0659957799275755,-0.195490142825787,-0.0288343040766932,0.0783395749805466
5.37089514919153,0.0664314746164709,-0.195052999648347,-0.0283959939072673,0.0787787623803306
5.38089681613602,0.0669601151867155,-0.194521932548706,-0.0278628223151486,0.0793137048246903
5.39089848308051,0.067580680189733,-0.19389776876274,-0.0272354121064148,0.0799439937841377
5.400900150025,0.0682938668983161,-0.19317962745141,-0.0265126886088553,0.0806709076985749
5.41090181696949,0.0691015510253438,-0.192365458365676,-0.0256924162266023,0.0814968780290378
5.42090348391399,0.0700062881996508,-0.19145254258122,-0.024771700992377,0.0824249852924265
5.43090515085848,0.0710108343118993,-0.190437977748788,-0.023747481141469,0.0834584634554166
5.44090681780297,0.0721176727383458,-0.189319159404172,-0.022617016829748,0.0846002019587469
5.45090848474746,0.0733285462831568,-0.18809425991795,-0.0213783800259617,0.0858522448598075
5.46091015169195,0.0746440008014908,-0.186762697315583,-0.0200309360290398,0.0872152963925903
5.47091181863644,0.0760629555681684,-0.185325577810749,-0.0185757993796242,0.0886882512273871
5.48091348558093,0.0775823217378421,-0.183786089327937,-0.0170162400665001,0.090267774898387
5.49091515252542,0.0791966936251023,-0.182149819693216,-0.0153580120940874,0.0919479639619126
5.50091681946991,0.0808981369804949,-0.180424973658358,-0.0136095768697551,0.0937201151769821
5.5109184864144,0.0826760933370332,-0.178622468172679,-0.0117821992384297,0.0955726275408838
5.52092015335889,0.0845174100174473,-0.176755895196248,-0.00988990424233584,0.0974910504163627
5.53092182030338,0.0864064926761772,-0.174841354689657,-0.00794929663669855,0.0994582764385471
5.54092348724787,0.0883255633787767,-0.172897175069739,-0.00597926062933658,0.10145486167163
5.55092515419236,0.0902549948370391,-0.170943551626109,-0.00400057135469824,0.103459440591596
5.56092682113686,0.0921736831430938,-0.169002142389332,-0.00203545933956748,0.105449192945196
5.57092848808135,0.0940594191483746,-0.167095663636771,-0.000107172449925866,0.107400315727562
5.58093015502584,0.0958892233541356,-0.165247522703169,0.00176042446737288,0.109288457511751
5.59093182197033,0.0976396203697783,-0.163481514474193,0.00354318338576885,0.111089083739491
5.60093348891482,0.0992868450945988,-0.161821591502813,0.00521692823106766,0.112777758616411
5.61093515585931,0.100806991537848,-0.160291698455382,0.00675763892414591,0.114330349388716
5.6209368228038,0.102176134145607,-0.158915642146798,0.00814159185100749,0.115723179198937
5.63093848974829,0.103370468319905,-0.157716951182108,0.00934550194640666,0.116933172816747
5.64094015669278,0.104366529419667,-0.156718666299314,0.0103467248223948,0.11793805311186
5.65094182363727,0.105141555998839,-0.155942995807526,0.0111235843098839,0.118716653309657
5.66094349058176,0.10567406136751,-0.155410771955494,0.0116558895649581,0.119249409073559
5.67094515752625,0.105944665529416,-0.15514065576523,0.0119256945157655,0.119519083396166
5.68094682447075,0.10593721480192,-0.155148062064376,0.0119183287657023,0.119511754148635
5.69094849141524,0.10564017704367,-0.155443814993321,0.0116236913617262,0.119218057261173
5.70095015835973,0.105048246028039,-0.156032597524589,0.0110377467135112,0.118634627532971
5.71095182530422,0.104164021890912,-0.156911323845413,0.010164097969677,0.117765616459529
5.72095349224871,0.102999563465366,-0.158067633353461,0.00901544454334645,0.116624099203182
5.7309551591932,0.101577546584947,-0.159478765981701,0.00761467037595793,0.115233123690295
5.74095682613769,0.0999317298076157,-0.161111111320828,0.00599527676946889,0.113626122173042
5.75095849308218,0.0981064479069429,-0.162920706504576,0.0042008898420605,0.111846420660009
5.76096016002667,0.0961549424425441,-0.164854871678192,0.00228365606689408,0.109945662371779
5.77096182697116,0.0941365030411858,-0.166855011570188,0.000301495648000839,0.107981113689501
5.78096349391565,0.0921126153268346,-0.168860393883626,-0.00168560328760966,0.106012029642761
5.79096516086014,0.0901425472535074,-0.170812483264185,-0.00361983876831247,0.104095479729265
5.80096682780463,0.0882789891991786,-0.172659227953595,-0.00544980695375575,0.102282211895942
5.81096849474913,0.0865644263848764,-0.174358632172493,-0.00713401695499755,0.100613197558752
5.82097016169362,0.085028822093889,-0.175881043589186,-0.00864314616272003,0.0991174112240233
5.83097182863811,0.0836889344033446,-0.177209835221361,-0.0099607180271747,0.0978111596300059
5.8409734955826,0.0825492435607428,-0.178340500651984,-0.0110822176422722,0.0966989481109717
5.85097516252709,0.0816041365958738,-0.179278507531319,-0.0120129819354453,0.095775555260893
5.86097682947158,0.0808407826873048,-0.1800364657791,-0.0127654108481075,0.0950287794786836
5.87097849641607,0.0802420933584208,-0.180631207628758,-0.013356087712654,0.0944422782593679
5.88098016336056,0.0797892834691963,-0.181081257984,-0.0138032814802228,0.0939980336367431
5.89098183030505,0.079463763401418,-0.18140496281035,-0.0141250963874237,0.0936781805785768
5.90098349724954,0.0792483121492396,-0.181619326864884,-0.0143383211904817,0.0934661455766001
5.91098516419403,0.0791276387514042,-0.181739455865052,-0.0144578755020073,0.093347195572707
5.92098683113852,0.0790885113063423,-0.181778426644782,-0.0144966795385987,0.0933085681896847
5.93098849808301,0.0791196322953963,-0.181747408835166,-0.0144657730942236,0.093339355163885
5.9409901650275,0.0792113980373453,-0.181655901728845,-0.0143745489128663,0.0934302722627588
5.950991831972,0.079355629260848,-0.181512000135837,-0.0142310150943197,0.0935734001967044
5.96099349891649,0.0795453175176594,-0.181322644837561,-0.0140420424938517,0.0937619401865012
5.97099516586098,0.079774404528038,-0.181093840622903,-0.0138135801910788,0.0939900010031083
5.98099683280547,0.0800375968698654,-0.180830839458146,-0.0135508365533681,0.0942524199706265
5.99099849974996,0.0803302123215599,-0.1805382924087,-0.0132584294459058,0.0945446144395615
6.00100016669445,0.0806480526341706,-0.180220375462749,-0.0129405106680486,0.094862458717099
6.01100183363894,0.0809872979101162,-0.179880894012875,-0.0126008693081129,0.0952021818232984
6.02100350058343,0.0813444187341709,-0.179523369792796,-0.0122430177583077,0.0955602823849929
6.03100516752792,0.0817161031634732,-0.179151113113112,-0.011870263185559,0.0959334579184498
6.04100683447241,0.0820991964633308,-0.178767282466308,-0.0114857664862367,0.0963185465141649
6.0510085014169,0.0824906520600085,-0.178374932992159,-0.0110925901786228,0.0967124795068103
6.06101016836139,0.0828874926028382,-0.177977054878336,-0.0106937362750929,0.0971122441210894
6.07101183530588,0.083286780322134,-0.177576602481576,-0.0102921748909737,0.0975148553651158
6.08101350225038,0.0836855960652772,-0.177176514763781,-0.00989086416071582,0.0979173366248307
6.09101516919487,0.0840810265117597,-0.176779727524246,-0.00949276192391882,0.0983167085161848
6.10101683613936,0.0844701591242089,-0.176389177858619,-0.00910082959873234,0.0987099855913945
6.11101850308385,0.0848500843985317,-0.176007801275182,-0.00871802866611578,0.0990941804836745
6.12102017002834,0.0852179049428697,-0.175638521938789,-0.00834731023457176,0.0994663150223658
6.13102183697283,0.0855707508520534,-0.175284236582227,-0.00799159823085563,0.0998234377679322
6.14102350391732,0.0859058007615611,-0.174947792713603,-0.00765376685735802,0.100162647314634
6.15102517086181,0.0862203078723752,-0.174631961846625,-0.00733661306092803,0.100481120598576
6.1610268378063,0.0865116301448971,-0.174339408578553,-0.0070428248608038,0.100776145340715
6.17102850475079,0.086777263774622,-0.174072656429508,-0.0067749464759238,0.10104515565776
6.18103017169528,0.0870148789915203,-0.173834051429388,-0.00653534126663365,0.101285769796723
6.19103183863977,0.0872223571740099,-0.173625724489747,-0.00632615355721103,0.101495828896783
6.20103350558426,0.0873978282397641,-0.173449553624683,-0.00614927043071613,0.101673435658404
6.21103517252875,0.0875397072697922,-0.173307127086783,-0.00600628458603728,0.101816991804629
6.22103683947325,0.0876467293375453,-0.173199708463216,-0.00589845932062796,0.101925233251095
6.23103850641774,0.0877179815479741,-0.173128204736801,-0.00582669665516949,0.101997261955498
6.24104017336223,0.0877529313383494,-0.173093138261867,-0.00579150955316821,0.102032573488597
6.25104184030672,0.0877514501492017,-0.173094623539376,-0.00579299911436498,0.102031079451938
6.26104350725121,0.0877138316368145,-0.173132349603975,-0.00583083754000052,0.101993123957473
6.2710451741957,0.0876408036669693,-0.173205568759104,-0.00590425758292936,0.101919493478093
6.28104684114019,0.0875335334040145,-0.173313092314714,-0.00601204910645226,0.101811419475132
6.29104850808468,0.0873936248932477,-0.173453293892568,-0.00615256328009159,0.101670573311005
6.30105017502917,0.087223108633701,-0.173624120761258,-0.00632372483349831,0.1014990530668
6.31105184197366,0.0870244227599551,-0.173823113539957,-0.00652305266459937,0.10129936201211
6.32105350891815,0.0868003856032537,-0.174047434459056,-0.00674768894759002,0.101074378624985
6.33105517586264,0.0865541595907521,-0.174293904180401,-0.00699443670371676,0.100827318240106
6.34105684280713,0.0862892066714565,-0.174559046955475,-0.00725980557847742,0.10056168661783
6.35105850975163,0.0860092357285202,-0.174839143636028,-0.00754006531215838,0.100281225976589
6.36106017669612,0.0857181427448701,-0.175130291753222,-0.00783130610092677,0.0999898543121474
6.37106184364061,0.085419944821237,-0.175428471559131,-0.00812950473338045,0.0996915991296379
6.3810635105851,0.0851187094847594,-0.175729616595631,-0.0084305950691109,0.0993905270220828
6.39106517752959,0.0848184810489443,-0.176029687043197,-0.0087305411235934,0.0990906708208155
6.40106684447408,0.0845232060643852,-0.17632474383264,-0.00902541076373654,0.0987959562934053
6.41106851141857,0.0842366601052301,-0.176611021304837,-0.00931144782843049,0.0985101305463048
6.42107017836306,0.0839623782416484,-0.176884996103779,-0.00958514039463978,0.0982366943768563
6.43107184530755,0.0837035915314562,-0.177143450008382,-0.00984328293320476,0.097978840791761
6.44107351225204,0.0834631717113187,-0.177383524561652,-0.0100830302524211,0.0977394017540029
6.45107517919653,0.0832435859778085,-0.177602765643656,-0.0103019414134641,0.0975208049357535
6.46107684614102,0.0830468633323638,-0.177799156546386,-0.0104980122089796,0.0973250418515951
6.47107851308551,0.0828745734463008,-0.177971138619948,-0.0106696953011554,0.0971536482475724
6.48108018003,0.0827278184182475,-0.17811761913547,-0.0108159076837973,0.097007697061044
6.4910818469745,0.0826072371903114,-0.178237966607765,-0.0109360257221432,0.096887803685544
6.50108351391899,0.0825130218077961,-0.178331994394034,-0.0110298685890063,0.0967941427185003
6.51108518086348,0.0824449441949959,-0.17839993388972,-0.0110976714130192,0.0967264748803101
6.52108684780797,0.0824023917139014,-0.178442399042178,-0.0111400498479479,0.0966841824066828
6.53108851475246,0.0823844094994805,-0.178460344171567,-0.0111579580360428,0.0966663109571437
6.54109018169695,0.082389747436537,-0.178455017214371,-0.0111526420615202,0.0966716159626264
6.55109184864144,0.0824169096564475,-0.178427910490804,-0.011125590975006,0.0966986113516914
6.56109351558593,0.0824642045716795,-0.178380710958447,-0.0110784873313555,0.0967456187330364
6.57109518253042,0.0825297937061685,-0.178315251676213,-0.0110131589468022,0.0968108153468021
6.58109684947491,0.0826117378885699,-0.178233465896593,-0.0109315332779149,0.096892279398081
6.5910985164194,0.0827080397196064,-0.178137344863159,-0.0108355954870721,0.0969880317206657
6.60110018336389,0.0828166815728895,-0.178028900045512,-0.0107273509177049,0.0970960730572053
6.61110185030839,0.0829356587146428,-0.17791013022098,-0.010608792382895,0.0972144165583782
6.62110351725288,0.083063007412648,-0.177782993530285,-0.0104818723916725,0.0973411153800337
6.63110518419737,0.083196828137048,-0.177649384404406,-0.0103484802097261,0.097474285482454
6.64110685114186,0.083335304131045,-0.177511115086202,-0.010210423479451,0.0976121239057695
6.65110851808635,0.0834767157495517,-0.177369901351633,-0.0100694140068027,0.0977529229116279
6.66111018503084,0.0836194510342577,-0.177227351965749,-0.00992705725365156,0.0978950804490843
6.67111185197533,0.0837620130226246,-0.177084961379997,-0.00978484504612139,0.098037107430383
6.68111351891982,0.0839030242853123,-0.176944105180471,-0.00964415101263233,0.0981776322988891
6.69111518586431,0.0840412291605644,-0.176806037822585,-0.00950622829111042,0.0983154033457371
6.7011168528088,0.0841754941132892,-0.176671892228155,-0.00937220908508866,0.0984492891917309
6.71111851975329,0.0843048065976908,-0.176542680869393,-0.00924310569659033,0.0985782778031872
6.72112018669778,0.084428272750529,-0.176419298015682,-0.00911981271465795,0.0987014743598247
6.73112185364227,0.0845451141911407,-0.176302522869538,-0.00900311008851887,0.0988180982430711
6.74112352058676,0.0846546641566825,-0.176193023365435,-0.00889366686125963,0.0989274793666681
6.75112518753126,0.0847563631580762,-0.176091360447791,-0.00879204538212882,0.0990290540295727
6.76112685447575,0.0848497543045006,-0.175997992681702,-0.00869870585256801,0.0991223604345025
6.77112852142024,0.0849344784120872,-0.175913281081946,-0.00861401109268211,0.0992070339841559
6.78113018836473,0.0850102689854914,-0.175837494072479,-0.00853823144134866,0.0992828024409013
6.79113185530922,0.0850769471387854,-0.175770812510696,-0.00847154972497071,0.0993494810141428
6.80113352225371,0.0851344165041028,-0.175713334728547,-0.00841406624754066,0.0994069674220893
6.8111351891982,0.0851826581620895,-0.175665081556848,-0.0083658037687635,0.0994552369607278
6.82113685614269,0.0852217256169276,-0.175626001310267,-0.00832671244802934,0.0994943376018866
6.83113852308718,0.0852517398300013,-0.175595974719109,-0.00829667474052234,0.0995243851338855
6.84114019003167,0.0852728843197093,-0.175574819800443,-0.00827551023814404,0.0995455583519673
6.85114185697616,0.0852854003301268,-0.175562296665903,-0.00826298045258674,0.0995580943011248
6.86114352392065,0.0852895820678523,-0.175558112266764,-0.00825879354113581,0.0995622835707596
6.87114519086514,0.085285772004175,-0.175561925079044,-0.00826260897786707,0.0995584656385791
6.88114685780964,0.0852743562384486,-0.175573349732605,-0.0082740421740525,0.0995470242600448
6.89114852475413,0.0852557599180855,-0.17559196158862,-0.00829266905196738,0.0995283828993549
6.90115019169862,0.085230442710735,-0.175617301269592,-0.00831803057604467,0.0995030001982359
6.91115185864311,0.0851988943248867,-0.1756488791454,-0.008349637244562,0.0994713654796296
6.9211535255876,0.0851616300762263,-0.175686179777696,-0.00838697354386616,0.0994339942845808
6.93115519253209,0.0851191864985109,-0.175728666323506,-0.00842950236561691,0.099391423942205
6.94115685947658,0.0850721169994442,-0.17577578489713,-0.00847666938573238,0.0993442091744542
6.95115852642107,0.0850209875639681,-0.175826968887468,-0.00852790740170198,0.0992929177394592
6.96116019336556,0.0849663725094915,-0.175881643225735,-0.00858264062275186,0.0992381261194472
6.97116186031005,0.0849088502998032,-0.175939228596301,-0.00864028890505651,0.09918041526156
6.98116352725454,0.0848489994267142,-0.17599914558104,-0.00870027192183511,0.0991203663822836
6.99116519419903,0.0847873943707955,-0.176060818725245,-0.00876201325580711,0.0990585568485891
7.00116686114352,0.0847246016548832,-0.176123680510839,-0.00882494439915501,0.0989955561512262
7.01116852808801,0.0846611760062475,-0.176187175220408,-0.00888850864390908,0.0989319219878495
7.02117019503251,0.0845976566454347,-0.176250762673446,-0.00895216484357836,0.0988681964757439
7.031171861977,0.0845345637217253,-0.176313921814327,-0.00901539102496062,0.0988049025157885
7.04117352892149,0.0844723949168633,-0.176376154129817,-0.00907768782742224,0.09874254033091
7.05117519586598,0.0844116222401476,-0.17643698687257,-0.00913858174560231,0.0986815842035679
7.06117686281047,0.0843526890390793,-0.176495976066002,-0.00919762815051529,0.0986224794377363
7.07117852975496,0.0842960072504818,-0.176552709265298,-0.00925441406345485,0.0985656395713469
7.08118019669945,0.0842419549172968,-0.176606808049103,-0.00930856065698773,0.098511443865188
7.09118186364394,0.0841908739960611,-0.17665793021675,-0.00935972545771675,0.0984602350937713
7.10118353058843,0.0841430684793382,-0.176705771666696,-0.00940760422642985,0.0984123176626379
7.11118519753292,0.0840988028560695,-0.176750067933278,-0.00945193249277455,0.098367956074945
7.12118686447741,0.0840583009308895,-0.176790595360914,-0.00949248672373573,0.0983273737679308
7.1311885314219,0.0840217450208813,-0.176827171897537,-0.00952908510797088,0.0982907523369668
7.14119019836639,0.0839892755450234,-0.176859657492403,-0.00956158794148168,0.0982582311613866
7.15119186531089,0.0839609910176833,-0.176887954087364,-0.0095898976041694,0.0982299074421141
7.16119353225538,0.083936948452971,-0.176912005195332,-0.00961395812151391,0.0982058366563484
7.17119519919987,0.083917164181607,-0.176931795064868,-0.00963375431088707,0.0981860334292248
7.18119686614436,0.0839016150762444,-0.176947347435567,-0.00964931051779709,0.0981704728165469
7.19119853308885,0.0838902401750122,-0.176958723895125,-0.0096606889535651,0.0981590919864565
7.20120020003334,0.0838829426865237,-0.176966021855446,-0.00966798765243919,0.0981517922814062
7.21120186697783,0.0838795923528801,-0.176969372171862,-0.00967133807280314,0.0981484416351732
7.22120353392232,0.0838800281404681,-0.176968936436202,-0.00967090237376134,0.0981488773130748
7.23120520086681,0.0838840612218105,-0.176964903980901,-0.0096668704047774,0.0981529089372179
7.2412068678113,0.0838914782055937,-0.176957488637398,-0.00965945645199566,0.0981603217527486
7.25120853475579,0.0839020445665155,-0.176946925297455,-0.00964889579015573,0.098170880085886
7.26121020170028,0.0839155082219819,-0.176933466330504,-0.00963544109339842,0.098184330940245
7.27121186864477,0.0839316031991757,-0.176917377913554,-0.00961935876154521,0.0982004076747804
7.28121353558926,0.0839500533337941,-0.176898936332282,-0.00960092522043175,0.0982188337048024
7.29121520253376,0.0839705759409784,-0.176878424312617,-0.00958042325544494,0.0982393261670465
7.30121686947825,0.083992885399723,-0.176856127441256,-0.00955813843646102,0.0982615994908312
7.31121853642274,0.0840166965944002,-0.176832330731142,-0.00953435568988083,0.0982853688199203
7.32122020336723,0.0840417281609354,-0.176807315383967,-0.00950935606944242,0.0983103532337828
7.33122187031172,0.0840677054905122,-0.176781355796388,-0.00948341377207055,0.0983362787224111
7.34122353725621,0.0840943634503057,-0.176754716850006,-0.00945679343837042,0.0983628808755305
7.3512252042007,0.0841214487883999,-0.176727651517511,-0.0094297477697231,0.098389907254685
7.36122687114519,0.0841487221984498,-0.176700398809015,-0.00940251548557719,0.0984171194250314
7.37122853808968,0.0841759600284955,-0.176673182073777,-0.00937531963576846,0.0984442946324
7.38123020503417,0.0842029556272645,-0.176646207663675,-0.00934836627386808,0.0984712271199648
7.39123187197866,0.0842295203299994,-0.176619663956103,-0.00932184348898643,0.0984977290873798
7.40123353892315,0.0842554840939924,-0.176593720725935,-0.00929592078544602,0.0985236313031873
7.41123520586764,0.0842806958013362,-0.176568528848906,-0.00927074879254813,0.0985487833884246
7.42123687281213,0.084305023252685,-0.176544220312561,-0.00924645928050448,0.0985730537954445
7.43123853975663,0.0843283528809125,-0.176520908505888,-0.00922316545363716,0.0985963295108667
7.44124020670112,0.0843505892173584,-0.176498688754984,-0.00920096248825177,0.0986185155152249
7.45124187364561,0.0843716541458581,-0.176477639069681,-0.00917992828017845,0.0986395340342328
7.4612435405901,0.0843914859809824,-0.176457821064818,-0.00916012436581173,0.098659323617722
7.47124520753459,0.0844100384069736,-0.176439281019836,-0.00914159698047066,0.0986778380822849
7.48124687447908,0.0844272793128862,-0.176422051041363,-0.00912437821891009,0.0986950453526301
7.49124854142357,0.0844431895575847,-0.17640615029531,-0.00910848726468038,0.0987109262347806
7.50125020836806,0.0844577616957002,-0.176391586277548,-0.00909393165757868,0.0987254731517039
7.51125187531255,0.0844709986925912,-0.176378356095287,-0.00908070857147641,0.0987386888689223
7.52125354225704,0.0844829126529589,-0.176366447734656,-0.00906880607816965,0.0987505852343087
7.53125520920153,0.0844935235842182,-0.176355841293514,-0.00905820437642038,0.0987611819527603
7.54125687614602,0.08450285821214,-0.176346510162087,-0.00904887696889454,0.0987705054129319
7.55125854309052,0.0845109488628068,-0.176338422137481,-0.00904079177314173,0.0987785875797838
7.56126021003501,0.0845178324216315,-0.176331540461387,-0.00903391215600823,0.0987854649634798
7.5712618769795,0.0845235493771605,-0.176325824773315,-0.00902819788386342,0.0987911776721956
7.58126354392399,0.084528142954665,-0.176321231974372,-0.00902360598370596,0.0987957685537348
7.59126521086848,0.0845316583421228,-0.176317716999013,-0.00902009151257781,0.0987992824285024
7.60126687781297,0.0845341420091416,-0.176315233494196,-0.00901760823474435,0.0988017654143687
7.61126854475746,0.0845356411176387,-0.176313734407139,-0.00901610920780827,0.0988032643422614
7.62127021170195,0.0845362030216738,-0.176313172484247,-0.00901554728032862,0.098803826259927
7.63127187864644,0.084535874852686,-0.176313500684941,-0.00901587550464374,0.0988034980201833
7.64127354559093,0.0845347031855068,-0.176314672514987,-0.00901704746947485,0.0988023259491128
7.65127521253542,0.084532733779846,-0.176316642284603,-0.00901901755754962,0.0988003555889846
7.66127687947991,0.0845300113914724,-0.176319365297074,-0.00902174113396303,0.0987976315102183
7.6712785464244,0.0845265796469887,-0.17632279797397,-0.0090251746713171,0.0987941971863772
7.6812802133689,0.0845224809758992,-0.176326897923218,-0.00902927581788024,0.0987900949259782
7.69128188031339,0.0845177565935843,-0.176331623956397,-0.00903400341510467,0.0987853658548054
7.70128354725788,0.0845124465287751,-0.176336936061641,-0.00903931747085934,0.0987800499423936
7.71128521420237,0.0845065896891769,-0.176342795338482,-0.00904517909469296,0.0987741860663852
7.72128688114686,0.084500223958986,-0.176349163900865,-0.00905155040135189,0.0987678121085531
7.73128854809135,0.0844933863221751,-0.176356004754461,-0.00905839438865035,0.0987609650764036
7.74129021503584,0.0844861130055904,-0.176363281654214,-0.00906567479563542,0.0987536812444274
7.75129188198033,0.0844784396360827,-0.176370958947901,-0.00907335594680853,0.0987459963092424
7.76129354892482,0.0844704014061065,-0.17637900141126,-0.00908140258796426,0.0987379455530724
7.77129521586931,0.0844620332424412,-0.176387374080041,-0.00908977971898428,0.0987295640102263
7.7812968828138,0.0844533699729416,-0.176396042084058,-0.00909845242867956,0.0987208866314868
7.79129854975829,0.0844444464864875,-0.176404970488077,-0.0091073857365054,0.0987119484415838
7.80130021670278,0.0844352978816025,-0.176414124144071,-0.00911654444567795,0.0987027846852273
7.81130188364727,0.0844259595995316,-0.176423467559046,-0.00912589301189568,0.0986934309574965
7.82130355059177,0.0844164675379252,-0.176432964782285,-0.00913539543151075,0.0986839233147466
7.83130521753626,0.0844068581416652,-0.176442579315471,-0.00914501515260187,0.0986742983625851
7.84130688448075,0.084397168467795,-0.176452274048714,-0.00915471501196895,0.0986645933179071
7.85130855142524,0.0843874362219804,-0.176462011225054,-0.00916445720060147,0.0986548460424475
7.86131021836973,0.0843776997644307,-0.176471752435479,-0.0091742032596652,0.0986450950458195
7.87131188531422,0.0843679980837441,-0.176481458646005,-0.00918391410850988,0.0986353794565503
7.88131355225871,0.084358370737718,-0.176491090257729,-0.00919355010562482,0.0986257389602067
7.8913152192032,0.0843488577607605,-0.176500607200225,-0.00920307114286698,0.0986162137043045
7.90131688614769,0.0843394995381637,-0.176509969057991,-0.00921243677266182,0.0986068441703196
7.91131855309218,0.0843303366481359,-0.176519135229034,-0.00922160636724148,0.09859767101376
7.92132022003667,0.0843214096731287,-0.176528065114032,-0.00923053930834541,0.0985887348738897
7.93132188698116,0.0843127589826314,-0.176536718333903,-0.00923919520517865,0.0985800761553301
7.94132355392565,0.0843044244902155,-0.17654505497295,-0.00924753413781379,0.0985717347843675
7.95132522087015,0.0842964453881959,-0.176553035844249,-0.00925551692264842,0.098563749943368
7.96132688781464,0.0842888598638097,-0.176560622773324,-0.00926310539600377,0.0985561597872233
7.97132855475913,0.0842817048012824,-0.176567778895785,-0.00927026271148691,0.0985490011462083
7.98133022170362,0.0842750154745551,-0.176574468964115,-0.00927695364635106,0.0985423092200165
7.99133188864811,0.0842688252357503,-0.176580659658574,-0.0092831449117886,0.098536117268032
8.0013335555926,0.0842631652046714,-0.176586319896907,-0.00928880546189064,0.0985304563010924
8.01133522253709,0.084258063964729,-0.176591421137504,-0.00929390679591377,0.0985253547800861
8.02133688948158,0.0842535472706799,-0.17659593767064,-0.00929842324851412,0.0985208383267022
8.03133855642607,0.0842496377734348,-0.176599846892561,-0.00930233226274587,0.0985169294515102
8.04134022337056,0.0842463547669454,-0.17660312955745,-0.00930561464087309,0.0985136473042918
8.05134189031505,0.0842437139618186,-0.176605770002636,-0.00930825476840832,0.0985110074511792
8.06134355725954,0.0842417272898457,-0.176607756342911,-0.00931024080725912,0.0985090216826876
8.07134522420403,0.0842404027430653,-0.176609080630355,-0.00931156485442489,0.0985076978561645
8.08134689114853,0.0842397442503435,-0.176609738976726,-0.00931222306332563,0.0985070397755438
8.09134855809302,0.084239751593746,-0.176609731636159,-0.00931221572554428,0.0985070471105921
8.10135022503751,0.0842404203662295,-0.176609063046676,-0.00931154731150679,0.0985077153570965
8.111351891982,0.0842417419714068,-0.17660774182978,-0.00931022646938626,0.0985090358386855
8.12135355892649,0.0842437036653714,-0.176605780748152,-0.00930826598228037,0.0985109957502146
8.13135522587098,0.0842462886398118,-0.176603196622232,-0.00930568268445132,0.0985135782419151
8.14135689281547,0.0842494761449372,-0.17660001020718,-0.00930249733811691,0.0985167625428116
8.15135855975996,0.0842532416500885,-0.176596246032321,-0.00929873447292046,0.0985205241212765
8.16136022670445,0.0842575570393269,-0.176591932205795,-0.00929442219077136,0.098524834880037
8.17136189364894,0.0842623908388132,-0.176587100187576,-0.00928959193922506,0.0985296633824721
8.18136356059343,0.0842677084723936,-0.176581784534428,-0.00928427825695229,0.0985349751066674
8.19136522753792,0.0842734725415258,-0.176576022620653,-0.00927851849512745,0.0985407327234119
8.20136689448241,0.08427964312549,-0.176569854338652,-0.00927235251874436,0.0985468963941543
8.21136856142691,0.0842861780977509,-0.176563321783417,-0.00926582239194676,0.0985534240848518
8.22137022837139,0.0842930334543437,-0.176556468925056,-0.00925897205144613,0.0985602718916673
8.23137189531589,0.0843001636502607,-0.176549341273337,-0.00925184697199969,0.0985673943745654
8.24137356226038,0.0843075219399864,-0.176541985538087,-0.00924449382774776,0.0985747448950375
8.25137522920487,0.0843150607185692,-0.176534449289035,-0.00923696015297314,0.0985822759544152
8.26137689614936,0.0843227318599058,-0.176526780618392,-0.00922929400556077,0.0985899395295199
8.27137856309385,0.0843304870492384,-0.176519027809148,-0.00922154363611575,0.0985976874027104
8.28138023003834,0.0843382781072131,-0.176511239011736,-0.00921375716535595,0.0986054714837327
8.29138189698283,0.084346057303206,-0.176503461931314,-0.00920598227204391,0.0986132441211209
8.30138356392732,0.0843537776559758,-0.176495743527623,-0.00919826589337386,0.0986209584012485
8.31138523087181,0.0843613932200521,-0.176488129728987,-0.00919065393939162,0.09862856843346
8.3213868978163,0.0843688593565858,-0.176480665161727,-0.00918319102270838,0.0986360296200292
8.33138856476079,0.0843761329876908,-0.176473392895965,-0.0091759202044782,0.0986432989099751
8.34139023170528,0.0843831728335675,-0.176466354208526,-0.00916888275734995,0.0986503350360272
8.35139189864977,0.084389939631933,-0.176459588363409,-0.00916211794587914,0.0986570987342485
8.36139356559427,0.0843963963394745,-0.176453132410134,-0.00915566282469558,0.0986635529460169
8.37139523253876,0.0844025083152023,-0.176447021000086,-0.00914955205456922,0.0986696630022124
8.38139689948325,0.0844082434857013,-0.17644128622087,-0.00914381773639679,0.0986753967895785
8.39139856642774,0.0844135724923718,-0.176435957448607,-0.00913848926304493,0.0986807248993098
8.40140023337223,0.0844184688208084,-0.176431061218021,-0.00913359318892661,0.0986856207579753
8.41140190031672,0.0844229089125031,-0.176426621110163,-0.00912915311715496,0.0986900607409198
8.42140356726121,0.0844268722590704,-0.176422657657576,-0.00912518960410647,0.0986940242682956
8.4314052342057,0.0844303414791891,-0.176419188266724,-0.00912172008123011,0.0986974938838733
8.44140690115019,0.0844333023784353,-0.176416227157537,-0.00911875879395614,0.0987004553167638
8.45140856809468,0.0844357439921592,-0.176413785319913,-0.00911631675758329,0.0987028975261553
8.46141023503917,0.0844376586115246,-0.176411870487092,-0.0091144017300513,0.0987048127291471
8.47141190198366,0.0844390417928031,-0.176410487125809,-0.00911301820153433,0.0987061964117292
8.48141356892815,0.0844398923499848,-0.176409636443186,-0.00911216740081475,0.0987070473229377
8.49141523587265,0.0844402123307509,-0.176409316410318,-0.00911184731841394,0.0987073674521967
8.50141690281714,0.0844400069758417,-0.176409521802533,-0.00911205274646346,0.0987071619898557
8.51141856976163,0.0844392846618546,-0.176410244256299,-0.00911277533529488,0.0987064392709358
8.52142023670612,0.084438056827526,-0.176411472342728,-0.00911400366670619,0.0987052107021206
8.53142190365061,0.0844363378835786,-0.176413191657593,-0.00911572334382828,0.0987034906720655
8.5414235705951,0.0844341451062654,-0.17641538492774,-0.00911791709746235,0.098701296445151
8.55142523753959,0.0844314985148073,-0.176418032133681,-0.00912056490869145,0.0986986480388788
8.56142690448408,0.0844284207329998,-0.176421110648104,-0.00912364414748414,0.098695568085192
8.57142857142857,0.0844249368353622,-0.176424595389916,-0.00912712972690731,0.0986920816761093
8.58143023837306,0.084421074178317,-0.176428458993319,-0.0091309942724505,0.0986882161941737
8.59143190531755,0.0844168622170077,-0.176432671991317,-0.00913520830583487,0.0986840011283508
8.60143357226204,0.0844123323085046,-0.176437203012881,-0.00913974044254161,0.0986794678761518
8.61143523920653,0.0844075175022909,-0.176442018992874,-0.00914455760214595,0.0986746495329019
8.62143690615103,0.0844024523190736,-0.176447085393692,-0.00914962523038999,0.0986695806692355
8.63143857309552,0.0843971725191191,-0.176452366437385,-0.00915490753177129,0.0986642970980495
8.64144024004001,0.0843917148614685,-0.176457825346916,-0.00916036771126835,0.0986588356323076
8.6514419069845,0.0843861168555378,-0.176463424595021,-0.00916596822367324,0.098653233835237
8.66144357392899,0.0843804165067543,-0.176469126159028,-0.00917167102885747,0.0986475297646025
8.67144524087348,0.0843746520580119,-0.176474891779815,-0.00917743785116515,0.0986417617128773
8.68144690781797,0.0843688617288496,-0.176480683223015,-0.00918323044100989,0.0986359679452418
8.69144857476246,0.0843630834543566,-0.176486462540448,-0.0091890108366525,0.0986301864374458
8.70145024170695,0.0843573546258909,-0.176492192329682,-0.00919474162405901,0.0986244546156415
8.71145190865144,0.0843517118357516,-0.176497835989583,-0.00920038619268477,0.0986188091003472
8.72145357559593,0.0843461906279775,-0.176503357969668,-0.00920590898500396,0.0986132854567303
8.73145524254042,0.0843408252574462,-0.176508724011101,-0.00921127573760585,0.0986079179533883
8.74145690948491,0.0843356484594171,-0.176513901377167,-0.00921645371171165,0.0986027393317775
8.75145857642941,0.084330691231604,-0.176518859071159,-0.00922141191102941,0.0985977805883712
8.76146024337389,0.08432598263077,-0.176523568039672,-0.00922612128495929,0.0985930707715314
8.77146191031839,0.0843215495857164,-0.176528001359455,-0.00923055491528761,0.0985886367949534
8.78146357726288,0.0843174167283833,-0.176532134406084,-0.00923468818466323,0.0985845032693836
8.79146524420737,0.0843136062445995,-0.176535945002961,-0.00923849892533362,0.0985806923541245
8.80146691115186,0.0843101377458136,-0.176539413549276,-0.00924196754682606,0.0985772236296368
8.81146857809635,0.0843070281629069,-0.176542523125876,-0.00924507714149021,0.0985741139923099
8.82147024504084,0.0843042916629446,-0.176545259578166,-0.00924781356706707,0.0985713775722282
8.83147191198533,0.084301939589456,-0.176547611575487,-0.00925016550571154,0.098569025674496
8.84147357892982,0.0842999804265641,-0.176549570646636,-0.00925212449916838,0.0985670667444108
8.85147524587431,0.0842984197870082,-0.176551131191507,-0.00925368496007669,0.0985655063565004
8.8614769128188,0.0842972604238258,-0.1765522904691,-0.00925484415965409,0.0985643472271637
8.87147857976329,0.0842965022651893,-0.176553048562395,-0.00925560219228069,0.0985635892503879
8.88148024670778,0.0842961424716318,-0.176553408320875,-0.0092559619177621,0.0985632295557536
8.89148191365228,0.0842961755146513,-0.176553375281713,-0.00925592888229317,0.0985632625877021
8.90148358059677,0.0842965932754559,-0.176552957570859,-0.00925551121936819,0.0985636802048138
8.91148524754126,0.0842973851624115,-0.17655216578547,-0.0092547195320825,0.0985644717976488
8.92148691448575,0.0842985382455745,-0.176551012859309,-0.00925356675844376,0.0985656244235309
8.93148858143024,0.0843000374065496,-0.176549513912861,-0.0092520680214552,0.098567122956511
8.94149024837473,0.0843018655017927,-0.176547686090055,-0.00925024046584577,0.0985689502506371
8.95149191531922,0.0843040035373987,-0.176545548383537,-0.00924810308340413,0.0985710873145746
8.96149358226371,0.0843064308533596,-0.176543121450523,-0.0092456765289222,0.0985735134955763
8.9714952492082,0.084309125315261,-0.176540427421238,-0.00924298292877218,0.0985762066707808
8.98149691615269,0.0843120635113936,-0.176537489701979,-0.00924004568412921,0.0985791434438337
8.99149858309718,0.0843152209532958,-0.176534332774766,-0.00923688927081135,0.0985822993448639
9.00150025004167,0.0843185722778105,-0.176530981995494,-0.00923353903764278,0.0985856490319173
9.01150191698616,0.0843220914488241,-0.176527463392422,-0.00923002100515784,0.0985891664920346
9.02150358393066,0.0843257519569662,-0.176523803466693,-0.00922636166635514,0.0985928252402718
9.03150525087515,0.0843295270156737,-0.176520028996504,-0.00922258779108691,0.0985965985150838
9.04150691781964,0.0843333897521571,-0.176516166846354,-0.00921872623553228,0.0986004594686285
9.05150858476413,0.084337313391957,-0.176512243782696,-0.00921480375805745,0.0986043813506936
9.06151025170862,0.0843412714359282,-0.176508286297141,-0.00921084684261492,0.0986083376850993
9.07151191865311,0.0843452378286455,-0.176504320438221,-0.00920688153068059,0.0986123024375825
9.0815135855976,0.0843491871173767,-0.176500371652564,-0.00920293326257555,0.0986162501743181
9.09151525254209,0.0843530946009211,-0.176496464636167,-0.00919902672887032,0.0986201562103844
9.10151691948658,0.0843569364677546,-0.176492623196348,-0.00919518573242689,0.0986239967476165
9.11151858643107,0.0843606899230585,-0.176488870124772,-0.00919143306149848,0.0986277490014318
9.12152025337556,0.0843643333043395,-0.176485227081868,-0.00918779037418189,0.0986313913163308
9.13152192032005,0.0843678461854597,-0.1764817144928,-0.00918427809440167,0.0986349032698956
9.14152358726454,0.0843712094690052,-0.176478351455077,-0.00918091531950222,0.0986382657652071
9.15152525420904,0.0843744054670129,-0.176475155657777,-0.00917771973943131,0.0986414611116973
9.16152692115353,0.0843774179701566,-0.17647214331229,-0.00917470756741844,0.0986444730945304
9.17152858809802,0.0843802323055631,-0.176469329094416,-0.00917189348198241,0.0986472870326756
9.18153025504251,0.084382835383489,-0.176466726097573,-0.00916929058004489,0.0986498898258928
9.191531921987,0.0843852157331351,-0.176464345796871,-0.00916691034087836,0.0986522699908979
9.20153358893149,0.0843873635279153,-0.176462198023706,-0.00916476260057966,0.0986544176870152
9.21153525587598,0.0843892706005256,-0.176460290950559,-0.00916285553672926,0.098656324731651
9.22153692282047,0.0843909304481833,-0.176458631085618,-0.00916119566287486,0.0986579846059482
9.23153858976496,0.0843923382284204,-0.176457223276842,-0.00915978783246066,0.0986593924509955
9.24154025670945,0.084393490745828,-0.176456070725087,-0.00915863525181285,0.0986605450549793
9.25154192365394,0.084394386430155,-0.176455175005876,-0.00915773950178411,0.0986614408316696
9.26154359059843,0.0843950253061677,-0.176454536099424,-0.00915710056765542,0.0986620797906418
9.27154525754292,0.0843954089556794,-0.176454152428502,-0.00915671687689077,0.0986624634996339
9.28154692448742,0.0843955404721616,-0.176454020903732,-0.00915658534433877,0.0986625950394445
9.2915485914319,0.0843954244083449,-0.17645413697591,-0.00915670142447357,0.0986624789517761
9.3015502583764,0.0843950667172248,-0.176454494694944,-0.00915705917026558,0.0986621211804335
9.31155192532089,0.0843944746868828,-0.176455086774982,-0.0091576512982697,0.0986615290062866
9.32155359226538,0.0843936568695434,-0.176455904665338,-0.00915846925951436,0.0986607109764153
9.33155525920987,0.0843926230052874,-0.176456938626768,-0.00915950331576867,0.0986596768278593
9.34155692615436,0.0843913839408516,-0.176458177812679,-0.0091607426207572,0.0986584374064018
9.35155859309885,0.0843899515439543,-0.17645961035483,-0.00916217530588213,0.0986570045808298
9.36156026004334,0.0843883386135945,-0.176461223453073,-0.00916378857000128,0.098655391153123
9.37156192698783,0.084386558786788,-0.176463003468673,-0.00916556877279703,0.0986536107650377
9.38156359393232,0.0843846264422143,-0.176464936020722,-0.00916750153125716,0.0986516778015654
9.39156526087681,0.0843825566012667,-0.176467006085169,-0.0091695718187733,0.0986496072917645
9.4015669278213,0.0843803648270103,-0.176469198095942,-0.00917176406634659,0.0986474148074749
9.41156859476579,0.0843780671215688,-0.176471496047649,-0.00917406226537518,0.098645116360445
9.42157026171028,0.084375679822478,-0.176473883599316,-0.0091764500714822,0.0986427282984144
9.43157192865478,0.0843732194985547,-0.17647634417861,-0.00917891090882981,0.0986402672007081
9.44157359559927,0.0843707028458439,-0.176478861085981,-0.00918142807435233,0.0986377497739122
9.45157526254376,0.0843681465842166,-0.17648141759815,-0.00918398484133199,0.0986351927482099
9.46157692948825,0.0843655673551977,-0.176483997070364,-0.00918656456173422,0.0986326127749628
9.47157859643274,0.0843629816216056,-0.176486583036825,-0.00918915076671613,0.0986300263261245
9.48158026337723,0.0843604055695867,-0.176489159308725,-0.00919172726472311,0.0986274495960758
9.49158193032172,0.0843578550136216,-0.176491710069291,-0.00919427823659347,0.0986248984064602
9.50158359726621,0.0843553453050708,-0.176494219965282,-0.00919678832710192,0.0986223881145918
9.5115852642107,0.0843528912448118,-0.176496674194387,-0.00919924273238789,0.0986199335259898
9.52158693115519,0.0843505070004998,-0.176499058587977,-0.00920162728273561,0.0986175488115732
9.53158859809968,0.0843482060289602,-0.176501359688724,-0.00920392852019954,0.0986152474300224
9.54159026504417,0.084346001004185,-0.176503564822601,-0.00920613377060006,0.0986130420557824
9.55159193198866,0.084343903751375,-0.176505662164818,-0.00920823120945197,0.0986109445131454
9.56159359893316,0.084341925187423,-0.176507640799317,-0.00921020992143036,0.0986089657168061
9.57159526587765,0.0843400752681888,-0.176509490771459,-0.0092120599530252,0.0986071156192394
9.58159693282214,0.0843383629428658,-0.176511203133612,-0.00921377235808771,0.0986054031651941
9.59159859976663,0.0843367961156845,-0.176512769983399,-0.0092153392360262,0.0986038362535451
9.60160026671112,0.0843353816151392,-0.176514184494411,-0.00921675376246747,0.0986024217066865
9.61160193365561,0.084334125170865,-0.176515440939274,-0.0092180102122603,0.0986011652475864
9.6216036006001,0.08433303139823,-0.176516534704992,-0.00921910397475981,0.0986000714845636
9.63160526754459,0.0843321037906428,-0.176517462300577,-0.00922003156139458,0.0985991439037832
9.64160693448908,0.0843313447195154,-0.176518221357028,-0.00922079060558145,0.098598384869404
9.65160860143357,0.0843307554417557,-0.176518810619776,-0.0092213798551152,0.0985977956312481
9.66161026837806,0.0843303361146049,-0.176519229933795,-0.00922179915722091,0.0985973763398057
9.67161193532255,0.0843300858175777,-0.176519480221612,-0.00922204943651493,0.0985971260683256
9.68161360226704,0.0843300025812044,-0.17651956345452,-0.00922213266617522,0.098597042841691
9.69161526921154,0.0843300834222264,-0.176519482617354,-0.00922205183267295,0.0985971236717271
9.70161693615603,0.0843303243848472,-0.176519241667201,-0.00922181089446356,0.0985973645985416
9.71161860310052,0.0843307205876011,-0.176518845486521,-0.00922141473507694,0.0985977607374585
9.72162027004501,0.0843312662753629,-0.176518299831123,-0.00922086911108228,0.0985983063310689
9.7316219369895,0.0843319548759944,-0.176517611273513,-0.00922018059543292,0.0985989948058935
9.74162360393399,0.0843327790610975,-0.176516787142146,-0.00921935651672108,0.0985998188331267
9.75162527087848,0.0843337308103245,-0.176515835457133,-0.00921840489488941,0.0986007703929173
9.76162693782297,0.084334801478687,-0.176514764862942,-0.00921733437395865,0.0986018408416245
9.77162860476746,0.0843359818662964,-0.176513584558692,-0.00921615415233581,0.0986030209814882
9.78163027171195,0.0843372622899697,-0.176512304226569,-0.00921487391126741,0.0986043011321474
9.79163193865644,0.0843386326561414,-0.176510933958956,-0.00921350374199608,0.0986056712034516
9.80163360560093,0.0843400825345295,-0.1765094841848,-0.00921205407216836,0.0986071207690169
9.81163527254542,0.0843416012320246,-0.176507965595763,-0.00921053559202539,0.098608639139996
9.82163693948992,0.084343177866285,-0.176506389072669,-0.00920895918088833,0.0986102154385529
9.83163860643441,0.0843448014385506,-0.17650476561273,-0.0092073358344268,0.0986118386705536
9.8416402733789,0.0843464609052094,-0.176503106258021,-0.00920567659317154,0.098613497797013
9.85164194032339,0.084348145247685,-0.176501422025626,-0.00920399247270316,0.0986151818038674
9.86164360726788,0.0843498435402419,-0.176499723839874,-0.00920229439591725,0.098616879769673
9.87164527421237,0.0843515450153408,-0.176498022467007,-0.00920059312773317,0.0986185809308639
9.88164694115686,0.0843532391262081,-0.176496328452647,-0.00919889921257996,0.098620274744237
9.89164860810135,0.0843549156063207,-0.176494652062325,-0.00919722291495812,0.0986219509463649
9.90165027504584,0.0843565645255402,-0.17649300322537,-0.00919557416334187,0.0986235996096735
9.91165194199033,0.0843581763426667,-0.176491391482369,-0.00919396249765208,0.0986252111949541
9.92165360893482,0.0843597419542134,-0.176489825936393,-0.00919239702049698,0.0986267766001127
9.93165527587931,0.0843612527392398,-0.176488315208172,-0.00919088635234519,0.0986282872049923
9.9416569428238,0.0843627006001078,-0.176486867395333,-0.00918943859076451,0.0986297349121345
9.95165860976829,0.084364077999059,-0.176485490035818,-0.00918806127383035,0.0986311121833763
9.96166027671279,0.0843653779905385,-0.176484190075543,-0.00918676134777951,0.0986324120722065
9.97166194365728,0.0843665942492158,-0.176482973840367,-0.00918554513895831,0.0986336282518309
9.98166361060177,0.0843677210936802,-0.176481847012373,-0.00918441833008971,0.0986347550389234
9.99166527754626,0.0843687535058105,-0.176480814610481,-0.0091833859408604,0.0986357874130589
