0,0,112.5
0.045003750312526,-35.4880036622684,112.506973043954
0.0900075006250521,-32.4240435903749,112.506972115338
0.135011250937578,-23.4558666282136,112.506976080902
0.180015001250104,-12.0226171075046,112.506982846872
0.22501875156263,-1.42150253555358,112.506999910715
0.270022501875156,6.15614246401523,112.506994372812
0.315026252187682,9.80951961384308,112.506991414028
0.360030002500208,9.675125865367,112.506991025345
0.405033752812734,6.64922994191238,112.506986463968
0.45003750312526,2.07433805860552,112.506971547135
0.495041253437786,-2.61493459215503,112.506963388708
0.540045003750313,-6.2358101312716,112.506961858148
0.585048754062839,-8.11283733142631,112.506959143751
0.630052504375365,-8.15624927185652,112.506959783912
0.675056254687891,-6.75600846257234,112.506963186991
0.720060005000417,-4.57024556484333,112.506964605216
0.765063755312943,-2.29762355805229,112.506966614784
0.810067505625469,-0.497917110636024,112.506970486547
0.855071255937995,0.507381777891987,112.506965850081
0.900075006250521,0.654523542231001,112.506965706131
0.945078756563047,0.0955931842046449,112.506966404248
0.990082506875573,-0.881334280522571,112.506965640929
1.0350862571881,-1.94647728171991,112.506963653495
1.08009000750063,-2.81465316785883,112.506961623947
1.12509375781315,-3.30501885181459,112.506960715679
1.17009750812568,-3.36399133418951,112.506960740173
1.2151012584382,-3.05233184143001,112.50696099918
1.26010500875073,-2.50698701745902,112.506961291137
1.30510875906326,-1.89273740882463,112.506961727115
1.35011250937578,-1.35775158532214,112.506962409269
1.39511625968831,-1.00267904214393,112.506963108025
1.44012001000083,-0.867286829950786,112.506963331953
1.48512376031336,-0.933690178717177,112.506963333663
1.53012751062589,-1.14185661989728,112.506963942548
1.57513126093841,-1.41141059262762,112.506964861979
1.62013501125094,-1.66363655042325,112.50696543368
1.66513876156346,-1.83870754820517,112.506965602915
1.71014251187599,-1.90518467377586,112.506965611182
1.75514626218852,-1.86119340772928,112.506965669385
1.80015001250104,-1.72875264058533,112.506965867939
1.84515376281357,-1.54402040581261,112.506966188729
1.89015751312609,-1.34655284493839,112.506966554117
1.93516126343862,-1.17018896239066,112.506966880564
1.98016501375115,-1.03719780475613,112.506967112905
2.02516876406367,-0.956215522498282,112.50696723524
2.0701725143762,-0.923544361319482,112.506967269133
2.11517626468872,-0.926754108330382,112.506967263634
2.16018001500125,-0.949273858111601,112.506967269216
2.20518376531378,-0.9747525584992,112.506967300391
2.2501875156263,-0.990304084985696,112.506967325688
2.29519126593883,-0.988208756464662,112.506967306994
2.34019501625135,-0.966089744513285,112.506967240602
2.38519876656388,-0.92591926425651,112.506967153902
2.43020251687641,-0.872382660312419,112.506967077698
2.47520626718893,-0.811136734261607,112.506967028904
2.52021001750146,-0.747380495421666,112.506967009725
2.56521376781398,-0.684971495396898,112.506967013894
2.61021751812651,-0.626129555880419,112.506967032657
2.65522126843904,-0.571618730246782,112.506967058162
2.70022501875156,-0.521213224942454,112.50696708449
2.74522876906409,-0.474237447235808,112.50696710729
2.79023251937661,-0.430010759563805,112.50696712306
2.83523626968914,-0.388100285392806,112.506967128848
2.88024002000167,-0.34836439627505,112.506967122712
2.92524377031419,-0.310833883408423,112.506967104655
2.97024752062672,-0.275514395364263,112.506967077093
3.01525127093924,-0.242199383050037,112.506967044141
3.06025502125177,-0.210362769694385,112.506967010043
3.1052587715643,-0.179165346372546,112.506966977932
3.15026252187682,-0.147570543099508,112.506966949576
3.19526627218935,-0.114534132065358,112.506966925788
3.24027002250188,-0.0792151615819227,112.506966906852
3.2852737728144,-0.0411539728562562,112.506966892673
3.33027752312693,-0.000375337048726415,112.506966882755
3.37528127343945,0.0426044504093998,112.506966876174
3.42028502375198,0.0868644165371599,112.506966871668
3.46528877406451,0.131237523247535,112.506966867845
3.51029252437703,0.174505964758943,112.506966863448
3.55529627468956,0.215594059552374,112.506966857594
3.60030002500208,0.253724054953408,112.506966849905
3.64530377531461,0.288510823250742,112.506966840498
3.69030752562714,0.319985261632072,112.506966829837
3.73531127593966,0.348550029887331,112.506966818504
3.78031502625219,0.374882447587264,112.506966807017
3.82531877656471,0.399806281901426,112.506966795738
3.87032252687724,0.424156255162511,112.50696678489
3.91532627718977,0.448656849467194,112.506966774624
3.96033002750229,0.473831551648004,112.506966765058
4.00533377781482,0.49995157313173,112.506966756285
4.05033752812734,0.527025790196995,112.506966748351
4.09534127843987,0.554827392888006,112.506966741241
4.1403450287524,0.582948281664682,112.506966734875
4.18534877906492,0.610869916974324,112.506966729139
4.23035252937745,0.638039008399004,112.506966723908
4.27535627968997,0.663937739838862,112.50696671908
4.3203600300025,0.688140629804688,112.506966714589
4.36536378031503,0.710353062607611,112.506966710414
4.41036753062755,0.730429507398885,112.506966706564
4.45537128094008,0.748372099188365,112.506966703063
4.5003750312526,0.764312357250099,112.506966699928
4.54537878156513,0.778480254513621,112.506966697162
4.59038253187766,0.791165617107729,112.506966694747
4.63538628219018,0.802676982976449,112.50696669265
4.68039003250271,0.813302677827109,112.506966690831
4.72539378281523,0.823278089433322,112.506966689253
4.77039753312776,0.832762057737757,112.506966687888
4.81540128344029,0.841824069017954,112.506966686714
4.86040503375281,0.850442666067256,112.506966685719
4.90540878406534,0.858514276481085,112.506966684895
4.95041253437786,0.865870622041832,112.506966684236
4.99541628469039,0.87230209226476,112.506966683736
5.04042003500292,0.877584008820435,112.506966683386
5.08542378531544,0.881502607494665,112.506966683172
5.13042753562797,0.88387781628546,112.506966683073
5.17543128594049,0.884580469724591,112.50696668306
5.22043503625302,0.883542393963973,112.506966683099
5.26543878656555,0.880758722824777,112.506966683149
5.31044253687807,0.876282747745516,112.506966683166
5.3554462871906,0.870214452561137,112.506966683109
5.40045003750313,0.862684541992992,112.506966682939
5.44545378781565,0.853836173430332,112.506966682624
5.49045753812818,0.84380671320653,112.506966682137
5.5354612884407,0.832711666757024,112.506966681454
5.58046503875323,0.820632516840265,112.506966680552
5.62546878906576,0.807609612484419,112.506966679408
5.67047253937828,0.793640567247831,112.506966677993
5.71547628969081,0.778683937553912,112.506966676275
5.76048004000333,0.762667342840571,112.506966674211
5.80548379031586,0.745498725818991,112.506966671757
5.85048754062839,0.72707917745521,112.506966668861
5.89549129094091,0.707315685492841,112.506966665473
5.94049504125344,0.686132299410287,112.506966661543
5.98549879156596,0.66347850750952,112.506966657029
6.03050254187849,0.63933404461979,112.506966651894
6.07550629219102,0.613709832443554,112.50696664611
6.12051004250354,0.58664523696671,112.506966639658
6.16551379281607,0.558202251540632,112.506966632523
6.21051754312859,0.528457534329081,112.506966624693
6.25552129344112,0.497493414653281,112.506966616153
6.30052504375365,0.465389022299685,112.506966606887
6.34552879406617,0.432212593152516,112.50696659687
6.3905325443787,0.398015785735617,112.506966586073
6.43553629469122,0.362830540863136,112.506966574461
6.48054004500375,0.326668672467811,112.506966561997
6.52554379531628,0.289524035656529,112.506966548643
6.5705475456288,0.251376818717942,112.506966534365
6.61555129594133,0.21219928197457,112.506966519134
6.66055504625385,0.171962139688344,112.506966502932
6.70555879656638,0.130640760384522,112.506966485747
6.75056254687891,0.0882204414333268,112.50696646758
6.79556629719143,0.0447001791345907,112.506966448434
6.84057004750396,9.45802803917891e-05,112.50696642832
6.88557379781648,-0.0455661859752054,112.506966407247
6.93057754812901,-0.0922382488471921,112.506966385218
6.97558129844154,-0.139867348643818,112.50696636223
7.02058504875406,-0.188393086176288,112.506966338272
7.06558879906659,-0.237753513040328,112.506966313323
7.11059254937912,-0.287889465924018,112.506966287358
7.15559629969164,-0.338748121652686,112.506966260351
7.20060005000417,-0.390285383942364,112.506966232278
7.24560380031669,-0.442466887163064,112.506966203123
7.29060755062922,-0.49526759236425,112.50696617288
7.33561130094175,-0.548670131416857,112.506966141558
7.38061505125427,-0.602662204041159,112.506966109177
7.4256188015668,-0.657233432711778,112.506966075769
7.47062255187932,-0.712372122137935,112.506966041376
7.51562630219185,-0.768062351466088,112.506966006043
7.56063005250438,-0.824281754648359,112.506965969814
7.6056338028169,-0.881000230339318,112.506965932731
7.65063755312943,-0.938179684637166,112.506965894826
7.69564130344195,-0.995774767522692,112.506965856123
7.74064505375448,-1.0537344359637,112.506965816635
7.78564880406701,-1.11200407931584,112.50696577637
7.83065255437953,-1.17052788685526,112.506965735332
7.87565630469206,-1.22925112784753,112.506965693528
7.92066005500458,-1.2881220498236,112.506965650972
7.96566380531711,-1.3470931731422,112.506965607688
8.01066755562964,-1.40612185733062,112.506965563714
8.05567130594216,-1.46517012233716,112.506965519102
8.10067505625469,-1.52420381038304,112.506965473918
8.14567880656721,-1.58319125789987,112.506965428238
8.19068255687974,-1.64210170178386,112.506965382144
8.23568630719227,-1.7009036642457,112.506965335722
8.28069005750479,-1.75956354538178,112.506965289056
8.32569380781732,-1.81804460667115,112.506965242224
8.37069755812984,-1.87630646038157,112.506965195298
8.41570130844237,-1.93430510040569,112.506965148344
8.4607050587549,-1.9919934313171,112.506965101418
8.50570880906742,-2.04932218551495,112.506965054576
8.55071255937995,-2.10624107192761,112.506965007871
8.59571630969247,-2.16269997905989,112.506964961361
8.640720060005,-2.21865006135977,112.506964915108
8.68572381031753,-2.27404456816365,112.506964869183
8.73072756063005,-2.32883932274691,112.506964823664
8.77573131094258,-2.38299281697234,112.506964778637
8.8207350612551,-2.43646594553569,112.506964734197
8.86573881156763,-2.48922145426295,112.506964690439
8.91074256188016,-2.54122321251126,112.506964647459
8.95574631219268,-2.59243543632717,112.506964605351
9.00075006250521,-2.64282198561061,112.506964564204
9.04575381281773,-2.69234583715755,112.506964524099
9.09075756313026,-2.74096880068093,112.50696448511
9.13576131344279,-2.78865150299507,112.506964447305
9.18076506375531,-2.83535362334666,112.506964410743
9.22576881406784,-2.88103432677013,112.50696437548
9.27077256438037,-2.92565281730155,112.506964341566
9.31577631469289,-2.96916892180116,112.506964309051
9.36078006500542,-3.011543618544,112.506964277981
9.40578381531794,-3.05273944091044,112.5069642484
9.45078756563047,-3.09272071189175,112.50696422035
9.49579131594299,-3.13145359503476,112.50696419387
9.54079506625552,-3.16890597688403,112.506964168992
9.58579881656805,-3.20504722043557,112.506964145742
9.63080256688057,-3.23984784524176,112.506964124137
9.6758063171931,-3.27327919583439,112.506964104185
9.72081006750563,-3.30531315603865,112.506964085882
9.76581381781815,-3.33592195408823,112.506964069215
9.81081756813068,-3.36507808499554,112.506964054159
9.8558213184432,-3.39275435581691,112.50696404068
9.90082506875573,-3.41892403977326,112.506964028733
9.94582881906826,-3.44356110964498,112.506964018265
9.99083256938078,-3.46664051151127,112.506964009213
10.0358363196933,-3.48798342657948,112.506964001894
10.0808400700058,-3.50143893639991,112.506963998327
10.1258438203184,-3.50505270289414,112.506963997907
10.1708475706309,-3.50054931713889,112.506963998635
10.2158513209434,-3.49062597803929,112.506963998764
10.2608550712559,-3.47826859545068,112.506963997695
10.3058588215685,-3.46617522838287,112.506963995904
10.350862571881,-3.45636135422762,112.506963994249
10.3958663221935,-3.44997359652089,112.506963993283
10.440870072506,-3.44729663427024,112.506963993018
10.4858738228186,-3.44790795228626,112.506963993116
10.5308775731311,-3.45091954979098,112.506963993226
10.5758813234436,-3.45524428533199,112.506963993197
10.6208850737561,-3.45983437067286,112.506963993075
10.6658888240687,-3.46385640720687,112.506963992977
10.7108925743812,-3.46678672911445,112.506963992965
10.7558963246937,-3.46842869058677,112.506963993006
10.8009000750063,-3.46886707908316,112.506963993016
10.8459038253188,-3.46838261919842,112.506963992938
10.8909075756313,-3.46735145336853,112.506963992772
10.9359113259438,-3.46615150259793,112.506963992573
10.9809150762564,-3.46509133687711,112.506963992406
11.0259188265689,-3.46436947021203,112.50696399231
11.0709225768814,-3.46406454925046,112.506963992282
11.1159263271939,-3.46415102480905,112.506963992298
11.1609300775065,-3.46453132104684,112.506963992329
11.205933827819,-3.46507441038317,112.506963992357
11.2509375781315,-3.4656517397028,112.506963992378
11.295941328444,-3.46616398405024,112.506963992396
11.3409450787566,-3.46655533661104,112.506963992411
11.3859488290691,-3.4668152208119,112.506963992424
11.4309525793816,-3.46696984058126,112.506963992435
11.4759563296941,-3.46706751838731,112.506963992444
11.5209600800067,-3.46716221533664,112.506963992456
11.5659638303192,-3.4672991146211,112.506963992476
11.6109675806317,-3.46750496564894,112.506963992507
11.6559713309442,-3.46778439014912,112.506963992546
11.7009750812568,-3.46812189374287,112.50696399259
11.7459788315693,-3.46848818478772,112.506963992632
11.7909825818818,-3.46884874329922,112.506963992669
11.8359863321944,-3.46917245064155,112.506963992697
11.8809900825069,-3.46943842083315,112.506963992718
11.9259938328194,-3.46963982462921,112.506963992733
11.9709975831319,-3.46978428859178,112.506963992743
12.0160013334445,-3.46989120648205,112.506963992751
12.061005083757,-3.46998690575425,112.50696399276
12.1060088340695,-3.4700954277783,112.506963992769
12.151012584382,-3.47021549136369,112.506963992775
12.1960163346946,-3.47031733905765,112.506963992776
12.2410200850071,-3.47035809757045,112.506963992776
12.2860238353196,-3.47029931756561,112.506963992781
12.3310275856321,-3.4701214500284,112.506963992798
12.3760313359447,-3.46983188607912,112.506963992825
12.4210350862572,-3.46946521411625,112.506963992856
12.4660388365697,-3.46907635707313,112.506963992881
12.5110425868822,-3.4687288211369,112.506963992895
12.5560463371948,-3.46848115245536,112.506963992898
12.6010500875073,-3.46837478180835,112.506963992897
12.6460538378198,-3.4684258309509,112.5069639929
12.6910575881323,-3.46862237585274,112.506963992911
12.7360613384449,-3.46892739254305,112.506963992926
12.7810650887574,-3.46928643113404,112.506963992941
12.8260688390699,-3.4696381979958,112.506963992951
12.8710725893824,-3.46992580909003,112.506963992954
12.916076339695,-3.47010653898328,112.506963992953
12.9610800900075,-3.47015836407692,112.506963992953
13.00608384032,-3.47008234861282,112.506963992956
13.0510875906326,-3.46990077596026,112.506963992963
13.0960913409451,-3.46965171461973,112.506963992972
13.1410950912576,-3.46938129002605,112.50696399298
13.1860988415701,-3.46913522531934,112.506963992985
13.2311025918827,-3.46895119518768,112.506963992986
13.2761063421952,-3.46885324396795,112.506963992986
13.3211100925077,-3.46884903470839,112.506963992986
13.3661138428202,-3.46893012690614,112.506963992988
13.4111175931328,-3.46907493688284,112.50696399299
13.4561213434453,-3.46925360888528,112.506963992993
13.5011250937578,-3.46943377822417,112.506963992995
13.5461288440703,-3.46958616293593,112.506963992995
13.5911325943829,-3.46968906265914,112.506963992995
13.6361363446954,-3.46973112713085,112.506963992995
13.6811400950079,-3.46971211735158,112.506963992995
13.7261438453204,-3.4696417498308,112.506963992996
13.771147595633,-3.46953702527783,112.506963992998
13.8161513459455,-3.46941865152542,112.506963993
13.861155096258,-3.46930725304192,112.506963993001
13.9061588465705,-3.46922001679288,112.506963993001
13.9511625968831,-3.46916827813948,112.506963993001
13.9961663471956,-3.46915633741043,112.506963993001
14.0411700975081,-3.4691815611425,112.506963993001
14.0861738478207,-3.4692356039197,112.506963993002
14.1311775981332,-3.46930642128237,112.506963993002
14.1761813484457,-3.46938065252921,112.506963993002
14.2211850987582,-3.46944594079383,112.506963993002
14.2661888490708,-3.46949281887701,112.506963993002
14.3111925993833,-3.46951590421335,112.506963993002
14.3561963496958,-3.46951428968801,112.506963993002
14.4012001000083,-3.46949116181977,112.506963993002
14.4462038503209,-3.46945280014942,112.506963993003
14.4912076006334,-3.46940719417802,112.506963993003
14.5362113509459,-3.46936254819254,112.506963993003
14.5812151012584,-3.46932593011264,112.506963993003
14.626218851571,-3.46930226625757,112.506963993003
14.6712226018835,-3.46929380338045,112.506963993003
14.716226352196,-3.4693000687855,112.506963993003
14.7612301025085,-3.46931827479496,112.506963993003
14.8062338528211,-3.46934404829791,112.506963993003
14.8512376031336,-3.46937232792583,112.506963993003
14.8962413534461,-3.46939826341656,112.506963993003
14.9412451037586,-3.46941797154339,112.506963993003
14.9862488540712,-3.46942904397167,112.506963993003
15.0312526043837,-3.46943075531351,112.506963993003
15.0762563546962,-3.46942397444231,112.506963993003
15.1212601050088,-3.4694108296968,112.506963993003
15.1662638553213,-3.46939421213869,112.506963993004
15.2112676056338,-3.46937721683532,112.506963993004
15.2562713559463,-3.46936261984968,112.506963993004
15.3012751062589,-3.46935247083934,112.506963993004
15.3462788565714,-3.46934785268163,112.506963993004
15.3912826068839,-3.46934882627625,112.506963993004
15.4362863571964,-3.46935454659272,112.506963993004
15.481290107509,-3.46936351015851,112.506963993004
15.5262938578215,-3.46937387792748,112.506963993004
15.571297608134,-3.46938381225984,112.506963993004
15.6163013584465,-3.46939177205072,112.506963993004
15.6613051087591,-3.46939672370703,112.506963993004
15.7063088590716,-3.46939824445264,112.506963993004
15.7513126093841,-3.46939651467939,112.506963993004
15.7963163596966,-3.46939221431642,112.506963993004
15.8413201100092,-3.4693863517708,112.506963993004
15.8863238603217,-3.46938006129321,112.506963993004
15.9313276106342,-3.46937440524931,112.506963993004
15.9763313609467,-3.46937021246037,112.506963993004
16.0213351112593,-3.46936797410911,112.506963993004
16.0663388615718,-3.4693678067859,112.506963993004
16.1113426118843,-3.46936948027196,112.506963993004
16.1563463621968,-3.46937249755479,112.506963993004
16.2013501125094,-3.46937620773475,112.506963993004
16.2463538628219,-3.46937992960453,112.506963993004
16.2913576131344,-3.46938306473225,112.506963993004
16.336361363447,-3.46938518319917,112.506963993004
16.3813651137595,-3.46938607162969,112.506963993004
16.426368864072,-3.46938574049605,112.506963993004
16.4713726143845,-3.46938439459318,112.506963993004
16.5163763646971,-3.46938237600643,112.506963993004
16.5613801150096,-3.46938009214929,112.506963993004
16.6063838653221,-3.46937794227765,112.506963993004
16.6513876156346,-3.46937625446201,112.506963993004
16.6963913659472,-3.46937524182784,112.506963993004
16.7413951162597,-3.46937498268472,112.506963993004
16.7863988665722,-3.46937542475635,112.506963993004
16.8314026168847,-3.46937640982981,112.506963993004
16.8764063671973,-3.46937771232553,112.506963993004
16.9214101175098,-3.46937908386642,112.506963993004
16.9664138678223,-3.46938029594928,112.506963993004
17.0114176181348,-3.46938117411105,112.506963993004
17.0564213684474,-3.46938161917023,112.506963993004
17.1014251187599,-3.469381613748,112.506963993004
17.1464288690724,-3.46938121485851,112.506963993004
17.1914326193849,-3.4693805354937,112.506963993004
17.2364363696975,-3.46937971952781,112.506963993004
17.28144012001,-3.46937891479917,112.506963993004
17.3264438703225,-3.46937824891287,112.506963993004
17.3714476206351,-3.46937781130499,112.506963993004
17.4164513709476,-3.4693776436633,112.506963993004
17.4614551212601,-3.46937773919828,112.506963993004
17.5064588715726,-3.46937804977721,112.506963993004
17.5514626218852,-3.46937849879686,112.506963993004
17.5964663721977,-3.4693789970148,112.506963993004
17.6414701225102,-3.46937945843252,112.506963993004
17.6864738728227,-3.46937981367701,112.506963993004
17.7314776231353,-3.46938001904783,112.506963993004
17.7764813734478,-3.46938006032009,112.506963993004
17.8214851237603,-3.46937995134761,112.506963993004
17.8664888740728,-3.46937972833944,112.506963993004
17.9114926243854,-3.46937944126666,112.506963993004
17.9564963746979,-3.46937914413525,112.506963993004
18.0015001250104,-3.46937888582592,112.506963993004
18.0465038753229,-3.46937870289826,112.506963993004
18.0915076256355,-3.46937861526785,112.506963993004
18.136511375948,-3.46937862509067,112.506963993004
18.1815151262605,-3.46937871863345,112.506963993004
18.226518876573,-3.46937887045744,112.506963993004
18.2715226268856,-3.46937904895657,112.506963993004
18.3165263771981,-3.46937922219289,112.506963993004
18.3615301275106,-3.46937936305716,112.506963993004
18.4065338778232,-3.46937945301139,112.506963993004
18.4515376281357,-3.46937948399058,112.506963993004
18.4965413784482,-3.46937945838857,112.506963993004
18.5415451287607,-3.4693793873691,112.506963993004
18.5865488790733,-3.46937928798218,112.506963993004
18.6315526293858,-3.46937917969679,112.506963993004
18.6765563796983,-3.4693790809786,112.506963993004
18.7215601300108,-3.46937900645552,112.506963993004
18.7665638803234,-3.46937896505218,112.506963993004
18.8115676306359,-3.46937895927129,112.506963993004
18.8565713809484,-3.46937898559392,112.506963993004
18.9015751312609,-3.46937903579501,112.506963993004
18.9465788815735,-3.46937909884889,112.506963993004
18.991582631886,-3.46937916304599,112.506963993004
19.0365863821985,-3.4693792179548,112.506963993004
19.081590132511,-3.46937925593431,112.506963993004
19.1265938828236,-3.46937927301035,112.506963993004
19.1715976331361,-3.46937926905492,112.506963993004
19.2166013834486,-3.46937924732666,112.506963993004
19.2616051337611,-3.46937921352596,112.506963993004
19.3066088840737,-3.46937917457661,112.506963993004
19.3516126343862,-3.46937913736349,112.506963993004
19.3966163846987,-3.46937910763393,112.506963993004
19.4416201350113,-3.46937908921862,112.506963993004
19.4866238853238,-3.46937908365683,112.506963993004
19.5316276356363,-3.46937909023579,112.506963993004
19.5766313859488,-3.46937910638589,112.506963993004
19.6216351362614,-3.46937912832429,112.506963993004
19.6666388865739,-3.46937915181264,112.506963993004
19.7116426368864,-3.46937917289311,112.506963993004
19.7566463871989,-3.46937918848778,112.506963993004
19.8016501375115,-3.46937919678201,112.506963993004
19.846653887824,-3.46937919735769,112.506963993004
19.8916576381365,-3.46937919108587,112.506963993004
19.936661388449,-3.46937917982632,112.506963993004
19.9816651387616,-3.46937916600605,112.506963993004
20.0266688890741,-3.46937915215954,112.506963993004
20.0716726393866,-3.46937914050916,112.506963993004
20.1166763896991,-3.46937913264796,112.506963993004
20.1616801400117,-3.46937912936288,112.506963993004
20.2066838903242,-3.46937913060926,112.506963993004
20.2516876406367,-3.46937913562179,112.506963993004
20.2966913909492,-3.46937914312709,112.506963993004
20.3416951412618,-3.46937915161124,112.506963993004
20.3866988915743,-3.46937915959235,112.506963993004
20.4317026418868,-3.46937916585414,112.506963993004
20.4767063921994,-3.46937916960767,112.506963993004
20.5217101425119,-3.46937917056442,112.506963993004
20.5667138928244,-3.46937916892014,112.506963993004
20.6117176431369,-3.46937916526299,112.506963993004
20.6567213934495,-3.46937916043026,112.506963993004
20.701725143762,-3.4693791553432,112.506963993004
20.7467288940745,-3.46937915084881,112.506963993004
20.791732644387,-3.46937914759342,112.506963993004
20.8367363946996,-3.4693791459441,112.506963993004
20.8817401450121,-3.46937914596471,112.506963993004
20.9267438953246,-3.46937914744354,112.506963993004
20.9717476456371,-3.46937914996159,112.506963993004
21.0167513959497,-3.46937915298559,112.506963993004
21.0617551462622,-3.46937915596777,112.506963993004
21.1067588965747,-3.46937915843541,112.506963993004
21.1517626468872,-3.46937916005728,112.506963993004
21.1967663971998,-3.46937916067901,112.506963993004
21.2417701475123,-3.46937916032577,112.506963993004
21.2867738978248,-3.46937915917588,112.506963993004
21.3317776481373,-3.46937915751303,112.506963993004
21.3767813984499,-3.46937915566774,112.506963993004
21.4217851487624,-3.46937915395852,112.506963993004
21.4667888990749,-3.46937915264232,112.506963993004
21.5117926493874,-3.46937915188102,112.506963993004
21.5567963997,-3.46937915172735,112.506963993004
21.6018001500125,-3.4693791521301,112.506963993004
21.646803900325,-3.4693791529553,112.506963993004
21.6918076506376,-3.46937915401796,112.506963993004
21.7368114009501,-3.46937915511815,112.506963993004
21.7818151512626,-3.46937915607485,112.506963993004
21.8268189015751,-3.46937915675266,112.506963993004
21.8718226518877,-3.46937915707776,112.506963993004
21.9168264022002,-3.46937915704207,112.506963993004
21.9618301525127,-3.46937915669634,112.506963993004
22.0068339028252,-3.46937915613467,112.506963993004
22.0518376531378,-3.46937915547403,112.506963993004
22.0968414034503,-3.46937915483265,112.506963993004
22.1418451537628,-3.46937915431091,112.506963993004
22.1868489040753,-3.46937915397748,112.506963993004
22.2318526543879,-3.46937915386232,112.506963993004
22.2768564047004,-3.46937915395662,112.506963993004
22.3218601550129,-3.46937915421915,112.506963993004
22.3668639053254,-3.46937915458682,112.506963993004
22.411867655638,-3.46937915498759,112.506963993004
22.4568714059505,-3.4693791553531,112.506963993004
22.501875156263,-3.46937915562917,112.506963993004
22.5468789065755,-3.46937915578273,112.506963993004
22.5918826568881,-3.46937915580445,112.506963993004
22.6368864072006,-3.46937915570731,112.506963993004
22.6818901575131,-3.46937915552171,112.506963993004
22.7268939078257,-3.46937915528844,112.506963993004
22.7718976581382,-3.46937915505082,112.506963993004
22.8169014084507,-3.46937915484749,112.506963993004
22.8619051587632,-3.46937915470675,112.506963993004
22.9069089090758,-3.46937915464336,112.506963993004
22.9519126593883,-3.4693791546578,112.506963993004
22.9969164097008,-3.46937915473805,112.506963993004
23.0419201600133,-3.46937915486304,112.506963993004
23.0869239103259,-3.46937915500715,112.506963993004
23.1319276606384,-3.46937915514491,112.506963993004
23.1769314109509,-3.469379155255,112.506963993004
23.2219351612634,-3.46937915532327,112.506963993004
23.266938911576,-3.46937915534398,112.506963993004
23.3119426618885,-3.46937915531975,112.506963993004
23.356946412201,-3.46937915526009,112.506963993004
23.4019501625135,-3.46937915517895,112.506963993004
23.4469539128261,-3.46937915509203,112.506963993004
23.4919576631386,-3.46937915501399,112.506963993004
23.5369614134511,-3.46937915495621,112.506963993004
23.5819651637636,-3.46937915492544,112.506963993004
23.6269689140762,-3.46937915492323,112.506963993004
23.6719726643887,-3.46937915494638,112.506963993004
23.7169764147012,-3.46937915498801,112.506963993004
23.7619801650137,-3.46937915503913,112.506963993004
23.8069839153263,-3.46937915509037,112.506963993004
23.8519876656388,-3.46937915513351,112.506963993004
23.8969914159513,-3.46937915516264,112.506963993004
23.9419951662639,-3.46937915517485,112.506963993004
23.9869989165764,-3.46937915517029,112.506963993004
24.0320026668889,-3.46937915506266,112.506963993004
24.0770064172014,-3.46937930402468,112.506963993004
24.122010167514,-3.46939628424463,112.506963993006
24.1670139178265,-3.46949452477377,112.506963993025
24.212017668139,-3.46976660500579,112.506963993101
24.2570214184515,-3.47029654842721,112.506963993288
24.3020251687641,-3.47112778722982,112.506963993621
24.3470289190766,-3.47224390077183,112.506963994082
24.3920326693891,-3.47356601386074,112.506963994603
24.4370364197016,-3.47496629659592,112.506963995088
24.4820401700142,-3.47629330158012,112.50696399546
24.5270439203267,-3.47740258698053,112.506963995693
24.5720476706392,-3.47818548925553,112.506963995805
24.6170514209517,-3.47858992138772,112.50696399584
24.6620551712643,-3.47862926652496,112.506963995838
24.7070589215768,-3.47837821808044,112.506963995819
24.7520626718893,-3.47795715343215,112.506963995789
24.7970664222019,-3.47750877839958,112.50696399575
24.8420701725144,-3.47717198572411,112.506963995714
24.8870739228269,-3.47705800195487,112.506963995707
24.9320776731394,-3.47723304475585,112.506963995757
24.977081423452,-3.47771014441111,112.506963995879
25.0220851737645,-3.47845087075006,112.506963996063
25.067088924077,-3.47937584281963,112.506963996284
25.1120926743895,-3.4803814221487,112.506963996505
25.1570964247021,-3.48135912999049,112.506963996694
25.2021001750146,-3.48221417447183,112.506963996834
25.2471039253271,-3.48287997697501,112.506963996925
25.2921076756396,-3.48332658753358,112.506963996975
25.3371114259522,-3.48356214557602,112.506963996996
25.3821151762647,-3.48362782343662,112.506963997
25.4271189265772,-3.48358776039476,112.506963996994
25.4721226768897,-3.48351619198441,112.506963996987
25.5171264272023,-3.48348422385186,112.506963996985
25.5621301775148,-3.48354849978449,112.506963996998
25.6071339278273,-3.48374345349607,112.506963997032
25.6521376781398,-3.48407804933169,112.50696399709
25.6971414284524,-3.4845370668971,112.506963997167
25.7421451787649,-3.48508622017167,112.506963997257
25.7871489290774,-3.48567984217804,112.506963997349
25.8321526793899,-3.48626958233332,112.506963997434
25.8771564297025,-3.48681257097864,112.506963997506
25.922160180015,-3.48727776918286,112.506963997562
25.9671639303275,-3.48764966785253,112.506963997603
26.0121676806401,-3.48792903287233,112.506963997632
26.0571714309526,-3.488130913815,112.506963997652
26.1021751812651,-3.48828055783618,112.506963997667
26.1471789315776,-3.48840813905862,112.50696399768
26.1921826818902,-3.48854330116382,112.506963997696
26.2371864322027,-3.48871042422221,112.506963997716
26.2821901825152,-3.48892530103547,112.506963997743
26.3271939328277,-3.48919359715821,112.506963997776
26.3721976831403,-3.48951113357756,112.506963997815
26.4172014334528,-3.48986572957264,112.506963997858
26.4622051837653,-3.49024012080975,112.506963997902
26.5072089340778,-3.49061535106558,112.506963997944
26.5522126843904,-3.49097403133306,112.506963997982
26.5972164347029,-3.4913029546056,112.506963998015
26.6422201850154,-3.49159472088559,112.506963998044
26.6872239353279,-3.49184822913202,112.506963998067
26.7322276856405,-3.49206809369864,112.506963998087
26.777231435953,-3.4922632098665,112.506963998105
26.8222351862655,-3.49244480336732,112.506963998122
26.867238936578,-3.49262434140189,112.506963998138
26.9122426868906,-3.49281165897637,112.506963998156
26.9572464372031,-3.4930135763852,112.506963998175
27.0022501875156,-3.49323317065933,112.506963998196
27.0472539378282,-3.49346973835884,112.506963998218
27.0922576881407,-3.49371937102873,112.506963998241
27.1372614384532,-3.49397597554922,112.506963998264
27.1822651887657,-3.49423252055494,112.506963998287
27.2272689390783,-3.49448228061332,112.506963998308
27.2722726893908,-3.49471987833077,112.506963998328
27.3172764397033,-3.49494198170733,112.506963998345
27.3622801900158,-3.49514758712553,112.506963998361
27.4072839403284,-3.49533789359522,112.506963998376
27.4522876906409,-3.49551583889947,112.506963998389
27.4972914409534,-3.49568541389775,112.506963998402
27.5422951912659,-3.49585089251061,112.506963998414
27.5872989415785,-3.496016111435,112.506963998426
27.632302691891,-3.49618390905318,112.506963998438
27.6773064422035,-3.49635579387409,112.506963998451
27.722310192516,-3.49653186727821,112.506963998464
27.7673139428286,-3.49671098144912,112.506963998476
27.8123176931411,-3.49689107800546,112.506963998489
27.8573214434536,-3.49706963061837,112.506963998501
27.9023251937661,-3.49724410774428,112.506963998512
27.9473289440787,-3.4974123787937,112.506963998523
27.9923326943912,-3.49757300565439,112.506963998533
28.0373364447037,-3.49772538708548,112.506963998543
28.0823401950163,-3.49786975112291,112.506963998551
28.1273439453288,-3.49800701560017,112.506963998559
28.1723476956413,-3.49813855552282,112.506963998567
28.2173514459538,-3.49826592614071,112.506963998574
28.2623551962664,-3.4983905915819,112.506963998581
28.3073589465789,-3.49851370181528,112.506963998588
28.3523626968914,-3.49863594764466,112.506963998595
28.3973664472039,-3.49875750724235,112.506963998601
28.4423701975165,-3.49887808138932,112.506963998608
28.487373947829,-3.49899700073876,112.506963998614
28.5323776981415,-3.49911337896624,112.50696399862
28.577381448454,-3.49922628158041,112.506963998625
28.6223851987666,-3.49933488142656,112.506963998631
28.6673889490791,-3.49943857765518,112.506963998635
28.7123926993916,-3.49953706366889,112.50696399864
28.7573964497041,-3.49963033953183,112.506963998644
28.8024002000167,-3.49971867377529,112.506963998648
28.8474039503292,-3.49980252701509,112.506963998651
28.8924077006417,-3.49988245435884,112.506963998655
28.9374114509542,-3.49995900485757,112.506963998658
28.9824152012668,-3.50003263445355,112.506963998661
29.0274189515793,-3.50010364466589,112.506963998664
29.0724227018918,-3.50017215361259,112.506963998666
29.1174264522043,-3.50023809997255,112.506963998669
29.1624302025169,-3.50030127514798,112.506963998671
29.2074339528294,-3.5003613749683,112.506963998673
29.2524377031419,-3.50041806023141,112.506963998675
29.2974414534545,-3.50047101530014,112.506963998677
29.342445203767,-3.50051999562699,112.506963998678
29.3874489540795,-3.50056485798897,112.50696399868
29.432452704392,-3.50060557075458,112.506963998681
29.4774564547046,-3.50064220503097,112.506963998682
29.5224602050171,-3.5006749104908,112.506963998683
29.5674639553296,-3.50070388165374,112.506963998684
29.6124677056421,-3.50072932120274,112.506963998684
29.6574714559547,-3.50075140656915,112.506963998685
29.7024752062672,-3.50077026472038,112.506963998685
29.7474789565797,-3.50078595815714,112.506963998686
29.7924827068922,-3.50079848296074,112.506963998686
29.8374864572048,-3.50080777769978,112.506963998686
29.8824902075173,-3.50081374041845,112.506963998686
29.9274939578298,-3.50081624998331,112.506963998686
29.9724977081423,-3.50081518783341,112.506963998686
30.0175014584549,-3.50079434944412,112.506963998687
30.0625052087674,-3.50279533407636,112.506963998749
30.1075089590799,-3.51104176568213,112.506963998724
30.1525127093925,-3.52464679487343,112.506963998125
30.197516459705,-3.54174847856565,112.506963996635
30.2425202100175,-3.56008413979604,112.506963994427
30.28752396033,-3.57747082342556,112.506963992073
30.3325277106426,-3.59216155537915,112.506963990189
30.3775314609551,-3.60304465711343,112.506963989096
30.4225352112676,-3.60968782867388,112.506963988711
30.4675389615801,-3.61225506018101,112.506963988676
30.5125427118927,-3.61133997890317,112.50696398859
30.5575464622052,-3.60776376403078,112.506963988197
30.6025502125177,-3.60238096141803,112.506963987444
30.6475539628302,-3.59592530422614,112.506963986417
30.6925577131428,-3.58891334660024,112.506963985249
30.7375614634553,-3.58160949938575,112.506963984036
30.7825652137678,-3.57404438206213,112.506963982809
30.8275689640803,-3.56607076733411,112.506963981537
30.8725727143929,-3.55743826028645,112.506963980137
30.9175764647054,-3.54786879292637,112.506963978483
30.9625802150179,-3.53711896582364,112.506963976416
31.0075839653304,-3.52502086116151,112.506963973758
31.052587715643,-3.51149881764797,112.506963970347
31.0975914659555,-3.49656467566288,112.50696396606
31.142595216268,-3.48029744339664,112.506963960848
31.1875989665805,-3.46281491468519,112.506963954737
31.2326027168931,-3.44424459841718,112.506963947817
31.2776064672056,-3.42469980432949,112.506963940218
31.3226102175181,-3.40426443772532,112.50696393207
31.3676139678307,-3.38298757814218,112.506963923481
31.4126177181432,-3.36088675860216,112.506963914514
31.4576214684557,-3.3379573650364,112.506963905182
31.5026252187682,-3.31418488951316,112.506963895454
31.5476289690808,-3.28955686379193,112.506963885258
31.5926327193933,-3.26407199906535,112.506963874508
31.6376364697058,-3.23774511027328,112.506963863115
31.6826402200183,-3.21060753772462,112.506963851005
31.7276439703309,-3.18270375953805,112.506963838137
31.7726477206434,-3.15408555334315,112.506963824507
31.8176514709559,-3.12480534237812,112.506963810148
31.8626552212684,-3.09491026416552,112.506963795124
31.907658971581,-3.06443811251772,112.506963779519
31.9526627218935,-3.03341574976994,112.506963763425
31.997666472206,-3.00186000046753,112.506963746927
32.0426702225185,-2.96978053842222,112.506963730098
32.0876739728311,-2.93718394858797,112.506963712991
32.1326777231436,-2.90407802093132,112.50696369564
32.1776814734561,-2.87047540808336,112.50696367806
32.2226852237687,-2.83639600865996,112.506963660256
32.2676889740812,-2.80186775802234,112.506963642226
32.3126927243937,-2.76692584549995,112.50696362397
32.3576964747062,-2.73161066685646,112.506963605492
32.4027002250188,-2.69596501641093,112.506963586808
32.4477039753313,-2.660031101976,112.506963567947
32.4927077256438,-2.62384792927442,112.506963548945
32.5377114759563,-2.58744947283384,112.506963529851
32.5827152262689,-2.55086386310704,112.506963510714
32.6277189765814,-2.51411361549454,112.506963491586
32.6727227268939,-2.47721674406873,112.506963472515
32.7177264772064,-2.44018847012477,112.506963453543
32.762730227519,-2.40304316944025,112.506963434703
32.8077339778315,-2.36579620483427,112.506963416022
32.852737728144,-2.32846535261964,112.506963397517
32.8977414784565,-2.29107163442662,112.5069633792
32.9427452287691,-2.2536394868973,112.506963361076
32.9877489790816,-2.21619631827625,112.506963343151
33.0327527293941,-2.17877159427061,112.506963325428
33.0777564797066,-2.14139565349828,112.50696330791
33.1227602300192,-2.10409847075209,112.506963290603
33.1677639803317,-2.06690856675676,112.506963273515
33.2127677306442,-2.02985221441617,112.506963256657
33.2577714809567,-1.99295302560059,112.50696324004
33.3027752312693,-1.95623193223667,112.506963223676
33.3477789815818,-1.91970751260399,112.506963207579
33.3927827318943,-1.88339656716017,112.506963191762
33.4377864822069,-1.84731482290052,112.506963176237
33.4827902325194,-1.8114776420892,112.506963161013
33.5277939828319,-1.77590062747817,112.506963146101
33.5727977331444,-1.74060004650865,112.506963131507
33.617801483457,-1.70559303476174,112.506963117238
33.6628052337695,-1.67089757725387,112.506963103297
33.707808984082,-1.63653229918188,112.506963089689
33.7528127343945,-1.60251612126135,112.506963076417
33.7978164847071,-1.56886784677865,112.506963063482
33.8428202350196,-1.53560574788295,112.506963050887
33.8878239853321,-1.50274720917718,112.506963038634
33.9328277356446,-1.47030847024305,112.506963026723
33.9778314859572,-1.43830448880164,112.506963015158
34.0228352362697,-1.40674892619388,112.506963003938
34.0678389865822,-1.37565423963554,112.506962993064
34.1128427368947,-1.34503185325762,112.506962982537
34.1578464872073,-1.31489237328385,112.506962972357
34.2028502375198,-1.28524581181784,112.506962962523
34.2478539878323,-1.25610178781957,112.506962953033
34.2928577381448,-1.22746968156796,112.506962943886
34.3378614884574,-1.1993587286188,112.506962935079
34.3828652387699,-1.17177804933431,112.506962926609
34.4278689890824,-1.14473661909747,112.506962918473
34.472872739395,-1.11824319130652,112.506962910666
34.5178764897075,-1.09230618959492,112.506962903184
34.56288024002,-1.06693358731391,112.506962896022
34.6078839903325,-1.04213279138156,112.506962889176
34.6528877406451,-1.01791054467571,112.506962882639
34.6978914909576,-0.994272856897406,112.506962876407
34.7428952412701,-0.971224968999424,112.506962870474
34.7878989915826,-0.948771351524031,112.506962864834
34.8329027418952,-0.926915733088443,112.50696285948
34.8779064922077,-0.905661152180567,112.506962854407
34.9229102425202,-0.885010023584642,112.506962849608
34.9679139928327,-0.864964210184383,112.506962845075
35.0129177431453,-0.845525091467894,112.506962840803
35.0579214934578,-0.82669362156538,112.506962836785
35.1029252437703,-0.808470371781727,112.506962833012
35.1479289940828,-0.79085555503359,112.506962829478
35.1929327443954,-0.773849032036975,112.506962826175
35.2379364947079,-0.757450301257814,112.506962823096
35.2829402450204,-0.741658476321329,112.506962820234
35.3279439953329,-0.726472255644545,112.506962817579
35.3729477456455,-0.711889889466022,112.506962815125
35.417951495958,-0.697909149216654,112.506962812864
35.4629552462705,-0.684527303407927,112.506962810787
35.507958996583,-0.671741103039662,112.506962808887
35.5529627468956,-0.659546778137059,112.506962807156
35.5979664972081,-0.647940045579355,112.506962805585
35.6429702475206,-0.636916127063202,112.506962804167
35.6879739978332,-0.626469774986016,112.506962802894
35.7329777481457,-0.616595303332397,112.506962801757
35.7779814984582,-0.607286620357146,112.506962800749
35.8229852487707,-0.598537259965151,112.50696279986
35.8679889990833,-0.590340409154472,112.506962799084
35.9129927493958,-0.582688929613576,112.506962798413
35.9579964997083,-0.575575372452579,112.506962797837
36.0030002500208,-0.568991985967291,112.506962797351
36.0480040003334,-0.562930701957991,112.506962796945
36.0930077506459,-0.557386072190531,112.506962796612
36.1380115009584,-0.552386443290615,112.506962796346
36.1830152512709,-0.548004623797185,112.506962796145
36.2280190015835,-0.544325622452194,112.506962796003
36.273022751896,-0.541411207182303,112.506962795912
36.3180265022085,-0.539273080659682,112.506962795861
36.363030252521,-0.537860684386913,112.506962795838
36.4080340028336,-0.537065316879493,112.506962795831
36.4530377531461,-0.536738227785601,112.50696279583
36.4980415034586,-0.536717449837438,112.506962795829
36.5430452537711,-0.5368567925921,112.506962795828
36.5880490040837,-0.537050680255829,112.506962795824
36.6330527543962,-0.537250066832109,112.506962795819
36.6780565047087,-0.537466986802463,112.506962795811
36.7230602550213,-0.537767808928603,112.506962795798
36.7680640053338,-0.538257425581297,112.506962795773
36.8130677556463,-0.539058057032376,112.506962795727
36.8580715059588,-0.54028690846667,112.506962795649
36.9030752562714,-0.542036616318017,112.506962795529
36.9480790065839,-0.544361448242344,112.506962795358
36.9930827568964,-0.547270860570555,112.506962795131
37.0380865072089,-0.550730575220723,112.506962794845
37.0830902575215,-0.554670083426257,112.506962794503
37.128094007834,-0.558994603819595,112.506962794112
37.1730977581465,-0.563599104652076,112.506962793677
37.218101508459,-0.568382034535764,112.506962793208
37.2631052587716,-0.573256807142877,112.506962792712
37.3081090090841,-0.578159721184738,112.506962792195
37.3531127593966,-0.583053722866483,112.50696279166
37.3981165097091,-0.587928103648852,112.506962791107
37.4431202600217,-0.592794774967736,112.506962790536
37.4881240103342,-0.597682119351508,112.506962789943
37.5331277606467,-0.602627571434293,112.506962789323
37.5781315109592,-0.607670053635547,112.506962788675
37.6231352612718,-0.612843222613165,112.506962787994
37.6681390115843,-0.618170226402545,112.50696278728
37.7131427618968,-0.623660379786529,112.506962786533
37.7581465122094,-0.629307879915379,112.506962785758
37.8031502625219,-0.635092436496578,112.506962784959
37.8481540128344,-0.640981499480861,112.506962784144
37.8931577631469,-0.646933639772759,112.506962783319
37.9381615134595,-0.652902574760583,112.506962782492
37.983165263772,-0.658841324890819,112.506962781669
38.0281690140845,-0.664706031640485,112.506962780855
38.073172764397,-0.670459051064169,112.506962780056
38.1181765147096,-0.67607104964205,112.506962779275
38.1631802650221,-0.681521958743179,112.506962778514
38.2081840153346,-0.686800778301955,112.506962777774
38.2531877656471,-0.691904346737095,112.506962777057
38.2981915159597,-0.696835300693691,112.506962776363
38.3431952662722,-0.701599524525605,112.506962775694
38.3881990165847,-0.706203428188088,112.506962775049
38.4332027668972,-0.71065139008646,112.506962774431
38.4782065172098,-0.71494365992786,112.506962773842
38.5232102675223,-0.719074942026626,112.506962773283
38.5682140178348,-0.723033782201819,112.506962772757
38.6132177681473,-0.726802774443068,112.506962772268
38.6582215184599,-0.730359500887407,112.506962771816
38.7032252687724,-0.733678033249079,112.506962771406
38.7482290190849,-0.736730765739931,112.506962771038
38.7932327693974,-0.739490324648256,112.506962770715
38.83823651971,-0.741931309248143,112.506962770437
38.8832402700225,-0.744031659058697,112.506962770205
38.928244020335,-0.745773506207577,112.506962770019
38.9732477706476,-0.747143448698414,112.506962769878
39.0182515209601,-0.748132259620319,112.506962769781
39.0632552712726,-0.748734118200181,112.506962769728
39.1082590215851,-0.748945502496894,112.506962769716
39.1532627718977,-0.74876391483515,112.506962769744
39.1982665222102,-0.748186617625497,112.506962769807
39.2432702725227,-0.747209540317249,112.506962769905
39.2882740228352,-0.745826482153266,112.506962770033
39.3332777731478,-0.74402868653266,112.506962770188
39.3782815234603,-0.741804808614121,112.506962770367
39.4232852737728,-0.739141245771903,112.506962770566
39.4682890240853,-0.73602275713671,112.506962770783
39.5132927743979,-0.732433268470516,112.506962771013
39.5582965247104,-0.728356744624247,112.506962771254
39.6033002750229,-0.723778014098217,112.506962771501
39.6483040253354,-0.718683446958439,112.50696277175
39.693307775648,-0.713061415069353,112.506962771998
39.7383115259605,-0.706902497744827,112.506962772239
39.783315276273,-0.700199431567503,112.506962772469
39.8283190265855,-0.69294683562237,112.506962772681
39.8733227768981,-0.685140768928504,112.506962772871
39.9183265272106,-0.676778192847928,112.50696277303
39.9633302775231,-0.667856416572544,112.506962773151
40.0083340278357,-0.658369762050151,112.506962773228
40.0533377781482,-0.649787709890639,112.506962773249
40.0983415284607,-0.646837996559031,112.506962773249
40.1433452787732,-0.649029366488463,112.506962773246
40.1883490290858,-0.654701884559344,112.506962773219
40.2333527793983,-0.661804502183912,112.506962773163
40.2783565297108,-0.668437290883983,112.506962773098
40.3233602800233,-0.673238529368142,112.506962773052
40.3683640303359,-0.675565433078888,112.506962773036
40.4133677806484,-0.675474478274753,112.506962773038
40.4583715309609,-0.67355044711581,112.506962773039
40.5033752812734,-0.670656011522021,112.506962773028
40.548379031586,-0.667675376516003,112.506962773006
40.5933827818985,-0.665310492031364,112.506962772985
40.638386532211,-0.663963654277974,112.506962772974
40.6833902825235,-0.663713576852149,112.506962772974
40.7283940328361,-0.664369605811303,112.506962772978
40.7733977831486,-0.665574696518989,112.506962772981
40.8184015334611,-0.666923343496441,112.506962772979
40.8634052837736,-0.668064724198401,112.506962772975
40.9084090340862,-0.668771116868144,112.506962772972
40.9534127843987,-0.668963751128843,112.506962772971
40.9984165347112,-0.668699458267745,112.506962772973
41.0434202850237,-0.668129511567044,112.506962772976
41.0884240353363,-0.667445798502286,112.506962772977
41.1334277856488,-0.666829043372599,112.506962772977
41.1784315359613,-0.666410201452952,112.506962772976
41.2234352862739,-0.666250858526922,112.506962772976
41.2684390365864,-0.66634302694758,112.506962772977
41.3134427868989,-0.666624365695904,112.506962772978
41.3584465372114,-0.667002295432732,112.50696277298
41.403450287524,-0.66737990244474,112.506962772981
41.4484540378365,-0.667677627422929,112.506962772982
41.493457788149,-0.667846912683519,112.506962772982
41.5384615384615,-0.667874526748912,112.506962772982
41.5834652887741,-0.667778563833983,112.506962772982
41.6284690390866,-0.667598689990059,112.506962772982
41.6734727893991,-0.667383889011841,112.506962772983
41.7184765397116,-0.667180796975535,112.506962772983
41.7634802900242,-0.667024925119883,112.506962772983
41.8084840403367,-0.666935964266896,112.506962772983
41.8534877906492,-0.66691724822179,112.506962772983
41.8984915409617,-0.666958570014064,112.506962772983
41.9434952912743,-0.667041030525435,112.506962772983
41.9884990415868,-0.667142480337652,112.506962772983
42.0335027918993,-0.667242327385222,112.506962772984
42.0785065422118,-0.667324903538768,112.506962772984
42.1235102925244,-0.667381073781238,112.506962772984
42.1685140428369,-0.667408210487115,112.506962772984
42.2135177931494,-0.667408960564034,112.506962772984
42.258521543462,-0.66738937145339,112.506962772984
42.3035252937745,-0.66735692431628,112.506962772984
42.348529044087,-0.667318891864193,112.506962772984
42.3935327943995,-0.667281251610999,112.506962772984
42.4385365447121,-0.667248198595301,112.506962772984
42.4835402950246,-0.667222156884082,112.506962772984
42.5285440453371,-0.667204108492765,112.506962772984
42.5735477956496,-0.667194043596356,112.506962772984
42.6185515459622,-0.667191373090376,112.506962772984
42.6635552962747,-0.667195210893124,112.506962772984
42.7085590465872,-0.667204504660449,112.506962772984
42.7535627968997,-0.66721805025697,112.506962772984
42.7985665472123,-0.667234456086636,112.506962772984
42.8435702975248,-0.667252126040515,112.506962772984
42.8885740478373,-0.667269309825876,112.506962772984
42.9335777981498,-0.667284236937427,112.506962772984
42.9785815484624,-0.667295316896014,112.506962772984
43.0235852987749,-0.66730136319213,112.506962772984
43.0685890490874,-0.667301787409899,112.506962772984
43.1135927994,-0.667296714534032,112.506962772984
43.1585965497125,-0.667286987678211,112.506962772984
43.203600300025,-0.667274054929315,112.506962772984
43.2486040503375,-0.667259756194397,112.506962772984
43.2936078006501,-0.667246048032977,112.506962772984
43.3386115509626,-0.667234715487732,112.506962772984
43.3836153012751,-0.667227120387486,112.506962772984
43.4286190515876,-0.667224026408064,112.506962772984
43.4736228019002,-0.667225525134624,112.506962772984
43.5186265522127,-0.667231068289065,112.506962772984
43.5636303025252,-0.667239593081488,112.506962772984
43.6086340528377,-0.667249713538304,112.506962772984
43.6536378031503,-0.667259942667695,112.506962772984
43.6986415534628,-0.667268909061863,112.506962772984
43.7436453037753,-0.667275536333787,112.506962772984
43.7886490540878,-0.667279163018556,112.506962772984
43.8336528044004,-0.667279592106419,112.506962772984
43.8786565547129,-0.667277071042609,112.506962772984
43.9236603050254,-0.667272212987394,112.506962772984
43.9686640553379,-0.667265877119197,112.506962772984
44.0136678056505,-0.667259029202957,112.506962772984
44.058671555963,-0.667252603595132,112.506962772984
44.1036753062755,-0.667247384883589,112.506962772984
44.1486790565881,-0.667243922351249,112.506962772984
44.1936828069006,-0.667242484418409,112.506962772984
44.2386865572131,-0.667243054125417,112.506962772984
44.2836903075256,-0.667245361360306,112.506962772984
44.3286940578382,-0.667248943472177,112.506962772984
44.3736978081507,-0.667253223436878,112.506962772984
44.4187015584632,-0.667257593911951,112.506962772984
44.4637053087757,-0.667261496188983,112.506962772984
44.5087090590883,-0.667264484935592,112.506962772984
44.5537128094008,-0.667266272341612,112.506962772984
44.5987165597133,-0.667266748434449,112.506962772984
44.6437203100258,-0.667265977507291,112.506962772984
44.6887240603384,-0.667264173455052,112.506962772984
44.7337278106509,-0.667261659054727,112.506962772984
44.7787315609634,-0.667258815667104,112.506962772984
44.8237353112759,-0.667256030386541,112.506962772984
44.8687390615885,-0.667253647337828,112.506962772984
44.913742811901,-0.667251928723734,112.506962772984
44.9587465622135,-0.667251029552435,112.506962772984
45.003750312526,-0.667250987961958,112.506962772984
45.0487540628386,-0.667251730977073,112.506962772984
45.0937578131511,-0.667253093639609,112.506962772984
45.1387615634636,-0.667254847964486,112.506962772984
45.1837653137761,-0.667256737245888,112.506962772984
45.2287690640887,-0.667258510943908,112.506962772984
45.2737728144012,-0.66725995571136,112.506962772984
45.3187765647137,-0.667260918983507,112.506962772984
45.3637803150263,-0.667261322798702,112.506962772984
45.4087840653388,-0.667261166956092,112.506962772984
45.4537878156513,-0.667260522047898,112.506962772984
45.4987915659638,-0.667259514144742,112.506962772984
45.5437953162764,-0.667258303819837,112.506962772984
45.5887990665889,-0.667257062682444,112.506962772984
45.6338028169014,-0.667255950627417,112.506962772984
45.6788065672139,-0.667255096629962,112.506962772984
45.7238103175265,-0.667254585208174,112.506962772984
45.768814067839,-0.667254449761338,112.506962772984
45.8138178181515,-0.667254673005438,112.506962772984
45.858821568464,-0.667255193802394,112.506962772984
45.9038253187766,-0.667255918929326,112.506962772984
45.9488290690891,-0.667256737838756,112.506962772984
45.9938328194016,-0.667257538259664,112.506962772984
46.0388365697141,-0.66725822058108,112.506962772984
46.0838403200267,-0.667258709305309,112.506962772984
46.1288440703392,-0.667258960388867,112.506962772984
46.1738478206517,-0.667258963920914,112.506962772984
46.2188515709642,-0.667258742231365,112.506962772984
46.2638553212768,-0.667258344091702,112.506962772984
46.3088590715893,-0.66725783610473,112.506962772984
46.3538628219018,-0.667257292633494,112.506962772984
46.3988665722144,-0.667256785678918,112.506962772984
46.4438703225269,-0.667256375991271,112.506962772984
46.4888740728394,-0.667256106425209,112.506962772984
46.5338778231519,-0.667255998170965,112.506962772984
46.5788815734645,-0.667256050071994,112.506962772984
46.623885323777,-0.667256240830295,112.506962772984
46.6688890740895,-0.667256533553933,112.506962772984
46.713892824402,-0.667256881856199,112.506962772984
46.7588965747146,-0.667257236592703,112.506962772984
46.8039003250271,-0.667257552326573,112.506962772984
46.8489040753396,-0.66725779273001,112.506962772984
46.8939078256521,-0.667257934337814,112.506962772984
46.9389115759647,-0.667257968330295,112.506962772984
46.9839153262772,-0.66725790030158,112.506962772984
47.0289190765897,-0.667257748227713,112.506962772984
47.0739228269022,-0.667257539056753,112.506962772984
47.1189265772148,-0.667257304478269,112.506962772984
47.1639303275273,-0.667257076482164,112.506962772984
47.2089340778398,-0.667256883287397,112.506962772984
47.2539378281523,-0.66725674612125,112.506962772984
47.2989415784649,-0.667256677178002,112.506962772984
47.3439453287774,-0.667256678906922,112.506962772984
47.3889490790899,-0.667256744597528,112.506962772984
47.4339528294025,-0.667256860069087,112.506962772984
47.478956579715,-0.667257006149443,112.506962772984
47.5239603300275,-0.667257161557353,112.506962772984
47.56896408034,-0.66725730578683,112.506962772984
47.6139678306526,-0.66725742162868,112.506962772984
47.6589715809651,-0.667257497043669,112.506962772984
47.7039753312776,-0.667257526209965,112.506962772984
47.7489790815901,-0.667257509688256,112.506962772984
47.7939828319027,-0.667257453764641,112.506962772984
47.8389865822152,-0.667257369129896,112.506962772984
47.8839903325277,-0.667257269123054,112.506962772984
47.9289940828402,-0.667257167801485,112.506962772984
47.9739978331528,-0.667257078097376,112.506962772984
48.0190015834653,-0.667257010285861,112.506962772984
48.0640053337778,-0.667256997597781,112.506962772984
48.1090090840903,-0.66725232800682,112.506962772984
48.1540128344029,-0.667216329209433,112.506962772984
48.1990165847154,-0.667105473317301,112.506962772986
48.2440203350279,-0.666877985170259,112.506962772992
48.2890240853404,-0.666510707269784,112.506962773003
48.334027835653,-0.666009498213883,112.50696277302
48.3790315859655,-0.665410980465786,112.50696277304
48.424035336278,-0.664775961043323,112.50696277306
48.4690390865905,-0.664176872538,112.506962773078
48.5140428369031,-0.663682736059647,112.506962773089
48.5590465872156,-0.663345315963618,112.506962773096
48.6040503375281,-0.663189445354827,112.506962773097
48.6490540878407,-0.663209246386766,112.506962773097
48.6940578381532,-0.663370516553436,112.506962773096
48.7390615884657,-0.663618245772399,112.506962773095
48.7840653387782,-0.663887321314507,112.506962773094
48.8290690890908,-0.664114092354988,112.506962773093
48.8740728394033,-0.664246596641836,112.506962773093
48.9190765897158,-0.664251787805263,112.506962773093
48.9640803400283,-0.664118870883603,112.506962773095
49.0090840903409,-0.663858668687766,112.506962773099
49.0540878406534,-0.663499641264154,112.506962773106
49.0990915909659,-0.663081656040726,112.506962773114
49.1440953412784,-0.662648811563259,112.506962773123
49.189099091591,-0.662242566425812,112.506962773131
49.2341028419035,-0.661896174599314,112.506962773138
49.279106592216,-0.661631060287671,112.506962773143
49.3241103425285,-0.661455364671686,112.506962773145
49.3691140928411,-0.661364535648063,112.506962773146
49.4141178431536,-0.661343559329246,112.506962773146
49.4591215934661,-0.661370271918287,112.506962773146
49.5041253437786,-0.661419142170849,112.506962773145
49.5491290940912,-0.661464960008644,112.506962773145
49.5941328444037,-0.661485978116147,112.506962773145
49.6391365947162,-0.66146620018323,112.506962773145
49.6841403450288,-0.661396664591828,112.506962773146
49.7291440953413,-0.661275714924049,112.506962773148
49.7741478456538,-0.661108365293763,112.50696277315
49.8191515959663,-0.660904952604361,112.506962773153
49.8641553462789,-0.660679318083171,112.506962773156
49.9091590965914,-0.660446778923312,112.506962773159
49.9541628469039,-0.66022214153855,112.506962773163
49.9991665972164,-0.660017975654554,112.506962773166
50.044170347529,-0.660052824448282,112.50696277316
50.0891740978415,-0.661978360070015,112.506962773126
50.134177848154,-0.665870914278084,112.506962773061
50.1791815984665,-0.671200566422613,112.506962772967
50.2241853487791,-0.677271307140559,112.50696277285
50.2691890990916,-0.683411135100472,112.506962772721
50.3141928494041,-0.689114135193254,112.506962772595
50.3591965997166,-0.694113919475089,112.506962772479
50.4042003500292,-0.698387585225419,112.506962772376
50.4492041003417,-0.702104911324886,112.506962772284
50.4942078506542,-0.705546355013168,112.506962772195
50.5392116009667,-0.709015061381182,112.506962772101
50.5842153512793,-0.712763789612981,112.506962771992
50.6292191015918,-0.716949672067982,112.506962771861
50.6742228519043,-0.72162064353322,112.506962771705
50.7192266022168,-0.726729464848214,112.50696277152
50.7642303525294,-0.732166016009096,112.50696277131
50.8092341028419,-0.737796525275082,112.506962771078
50.8542378531544,-0.743499363275429,112.506962770831
50.899241603467,-0.749190095325357,112.506962770573
50.9442453537795,-0.754832506427646,112.506962770309
50.989249104092,-0.760436185933147,112.50696277004
51.0342528544045,-0.766044152307144,112.506962769766
51.0792566047171,-0.771715482046208,112.506962769483
51.1242603550296,-0.777507957240082,112.506962769188
51.1692641053421,-0.783464663919369,112.506962768879
51.2142678556546,-0.789606744837751,112.506962768554
51.2592716059672,-0.795932660150371,112.506962768209
51.3042753562797,-0.802422775356617,112.506962767843
51.3492791065922,-0.80904715090155,112.506962767458
51.3942828569047,-0.815774135584458,112.506962767052
51.4392866072173,-0.822577683150861,112.506962766627
51.4842903575298,-0.829442022519819,112.506962766184
51.5292941078423,-0.836363176478586,112.506962765722
51.5742978581548,-0.843347618617149,112.506962765242
51.6193016084674,-0.850408924026066,112.506962764744
51.6643053587799,-0.857563530600781,112.506962764227
51.7093091090924,-0.864826692216392,112.506962763691
51.7543128594049,-0.872209443313015,112.506962763136
51.7993166097175,-0.879717011372467,112.506962762562
51.84432036003,-0.887348717954817,112.506962761968
51.8893241103425,-0.895099088255963,112.506962761355
51.9343278606551,-0.902959696076981,112.506962760723
51.9793316109676,-0.910921219182219,112.50696276007
52.0243353612801,-0.91897524942636,112.506962759398
52.0693391115926,-0.927115551225541,112.506962758705
52.1143428619052,-0.935338641548812,112.506962757991
52.1593466122177,-0.943643729818217,112.506962757254
52.2043503625302,-0.952032175392377,112.506962756495
52.2493541128427,-0.960506679207586,112.506962755712
52.2943578631553,-0.96907042650079,112.506962754906
52.3393616134678,-0.977726353308559,112.506962754075
52.3843653637803,-0.986476640854186,112.50696275322
52.4293691140928,-0.995322469597888,112.506962752342
52.4743728644054,-1.00426400499116,112.50696275144
52.5193766147179,-1.0133005493821,112.506962750514
52.5643803650304,-1.02243078131191,112.506962749566
52.6093841153429,-1.03165301087097,112.506962748595
52.6543878656555,-1.04096540041496,112.506962747602
52.699391615968,-1.05036612528643,112.506962746585
52.7443953662805,-1.05985347191527,112.506962745545
52.7893991165931,-1.06942588605131,112.506962744482
52.8344028669056,-1.07908199025586,112.506962743394
52.8794066172181,-1.08882058820463,112.506962742281
52.9244103675306,-1.09864066668064,112.506962741143
52.9694141178432,-1.10854139785276,112.50696273998
53.0144178681557,-1.11852213763336,112.50696273879
53.0594216184682,-1.12858241255704,112.506962737575
53.1044253687807,-1.13872188828979,112.506962736334
53.1494291190933,-1.14894031684889,112.506962735067
53.1944328694058,-1.15923746531782,112.506962733775
53.2394366197183,-1.16961303440593,112.506962732457
53.2844403700308,-1.18006657899136,112.506962731115
53.3294441203434,-1.19059744378656,112.506962729748
53.3744478706559,-1.20120472526036,112.506962728357
53.4194516209684,-1.21188726647985,112.506962726941
53.4644553712809,-1.22264368567412,112.506962725501
53.5094591215935,-1.23347243338455,112.506962724037
53.554462871906,-1.24437186827122,112.506962722548
53.5994666222185,-1.25534033887625,112.506962721034
53.644470372531,-1.26637625829454,112.506962719495
53.6894741228436,-1.27747816064955,112.506962717932
53.7344778731561,-1.28864473197164,112.506962716343
53.7794816234686,-1.29987481271129,112.50696271473
53.8244853737812,-1.3111673737972,112.506962713093
53.8694891240937,-1.32252147206939,112.506962711431
53.9144928744062,-1.33393619351398,112.506962709745
53.9594966247187,-1.34541059372671,112.506962708036
54.0045003750313,-1.35694364446713,112.506962706303
54.0495041253438,-1.36853419332002,112.506962704548
54.0945078756563,-1.3801809408001,112.50696270277
54.1395116259688,-1.3918824362408,112.506962700971
54.1845153762814,-1.40363709098401,112.50696269915
54.2295191265939,-1.41544320512808,112.506962697307
54.2745228769064,-1.42729900264358,112.506962695444
54.3195266272189,-1.43920266912538,112.50696269356
54.3645303775315,-1.4511523867644,112.506962691655
54.409534127844,-1.46314636213313,112.50696268973
54.4545378781565,-1.47518284385521,112.506962687786
54.499541628469,-1.48726012891069,112.506962685822
54.5445453787816,-1.49937655797106,112.506962683839
54.5895491290941,-1.51153050155213,112.506962681837
54.6345528794066,-1.52372033977428,112.506962679818
54.6795566297191,-1.53594443904796,112.506962677781
54.7245603800317,-1.54820112905012,112.506962675728
54.7695641303442,-1.56048868297007,112.506962673658
54.8145678806567,-1.57280530327949,112.506962671574
54.8595716309692,-1.58514911434468,112.506962669475
54.9045753812818,-1.59751816218746,112.506962667361
54.9495791315943,-1.60991042074885,112.506962665235
54.9945828819068,-1.62232380322903,112.506962663096
55.0395866322194,-1.6347561765516,112.506962660945
55.0845903825319,-1.64720537677324,112.506962658782
55.1295941328444,-1.65966922333643,112.50696265661
55.1745978831569,-1.67214553040498,112.506962654427
55.2196016334695,-1.68463211406636,112.506962652234
55.264605383782,-1.69712679484143,112.506962650034
55.3096091340945,-1.70962739561671,112.506962647825
55.354612884407,-1.72213173571682,112.50696264561
55.3996166347196,-1.73463762228891,112.506962643389
55.4446203850321,-1.74714284043077,112.506962641163
55.4896241353446,-1.75964514353709,112.506962638932
55.5346278856571,-1.77214224518101,112.506962636699
55.5796316359697,-1.78463181352331,112.506962634463
55.6246353862822,-1.79711146881133,112.506962632226
55.6696391365947,-1.80957878406071,112.506962629988
55.7146428869072,-1.82203128857048,112.506962627751
55.7596466372198,-1.83446647356954,112.506962625516
55.8046503875323,-1.84688179906443,112.506962623283
55.8496541378448,-1.85927470088054,112.506962621053
55.8946578881573,-1.87164259695562,112.506962618828
55.9396616384699,-1.8839828921354,112.506962616608
55.9846653887824,-1.89629298099726,112.506962614394
56.0296691390949,-1.90857024854503,112.506962612188
56.0746728894075,-1.92081206892674,112.50696260999
56.11967663972,-1.9330158025871,112.506962607801
56.1646803900325,-1.94517879244464,112.506962605623
56.209684140345,-1.95729835976377,112.506962603457
56.2546878906576,-1.9693718003725,112.506962601303
56.2996916409701,-1.98139638176704,112.506962599163
56.3446953912826,-1.99336934147239,112.506962597037
56.3896991415951,-2.00528788681984,112.506962594928
56.4347028919077,-2.01714919609083,112.506962592835
56.4797066422202,-2.02895042079381,112.50696259076
56.5247103925327,-2.04068868870597,112.506962588704
56.5697141428452,-2.05236110724195,112.506962586668
56.6147178931578,-2.06396476670888,112.506962584653
56.6597216434703,-2.07549674306632,112.50696258266
56.7047253937828,-2.0869540999151,112.50696258069
56.7497291440953,-2.09833388957514,112.506962578744
56.7947328944079,-2.10963315325253,112.506962576823
56.8397366447204,-2.12084892042433,112.506962574928
56.8847403950329,-2.13197820766774,112.50696257306
56.9297441453454,-2.14301801721584,112.50696257122
56.974747895658,-2.15396533553514,112.506962569408
57.0197516459705,-2.16481713218836,112.506962567627
57.064755396283,-2.17557035918228,112.506962565876
57.1097591465956,-2.18622195091269,112.506962564157
57.1547628969081,-2.19676882472575,112.50696256247
57.1997666472206,-2.20720788202655,112.506962560816
57.2447703975331,-2.21753600979593,112.506962559196
57.2897741478457,-2.22775008233473,112.506962557612
57.3347778981582,-2.23784696303837,112.506962556062
57.3797816484707,-2.24782350602284,112.506962554549
57.4247853987832,-2.25767655746029,112.506962553073
57.4697891490958,-2.26740295653928,112.506962551634
57.5147928994083,-2.27699953602574,112.506962550233
57.5597966497208,-2.28646312246125,112.506962548871
57.6048004000333,-2.29579053608305,112.506962547549
57.6498041503459,-2.30497859058249,112.506962546265
57.6948079006584,-2.31402409283081,112.506962545022
57.7398116509709,-2.32292384269403,112.506962543819
57.7848154012834,-2.33167463303381,112.506962542658
57.829819151596,-2.34027324995757,112.506962541537
57.8748229019085,-2.34871647333857,112.506962540457
57.919826652221,-2.35700107758728,112.506962539419
57.9648304025335,-2.36512383262252,112.506962538422
58.0098341528461,-2.37308150496735,112.506962537468
58.0548379031586,-2.38087085888551,112.506962536554
58.0998416534711,-2.38848865747736,112.506962535683
58.1448454037836,-2.39593166366867,112.506962534853
58.1898491540962,-2.40319664104868,112.506962534064
58.2348529044087,-2.41028035454011,112.506962533316
58.2798566547212,-2.41717957091134,112.506962532609
58.3248604050338,-2.42389105916195,112.506962531942
58.3698641553463,-2.43041159083028,112.506962531315
58.4148679056588,-2.43673794027803,112.506962530728
58.4598716559713,-2.44286688500526,112.506962530179
58.5048754062839,-2.44879520604109,112.506962529668
58.5498791565964,-2.45451968844043,112.506962529195
58.5948829069089,-2.46003712189885,112.506962528758
58.6398866572214,-2.465344301482,112.506962528357
58.684890407534,-2.47043802844908,112.506962527991
58.7298941578465,-2.47531511114018,112.506962527659
58.774897908159,-2.47997236589187,112.506962527359
58.8199016584715,-2.48440661794603,112.50696252709
58.8649054087841,-2.48861470232237,112.506962526851
58.9099091590966,-2.49259346463446,112.506962526641
58.9549129094091,-2.49633976184034,112.506962526459
58.9999166597216,-2.4998504629308,112.506962526302
59.0449204100342,-2.50312244956717,112.506962526169
59.0899241603467,-2.50615261668932,112.506962526058
59.1349279106592,-2.50893787311645,112.506962525969
59.1799316609717,-2.51147514216454,112.506962525898
59.2249354112843,-2.51376136229966,112.506962525843
59.2699391615968,-2.51579348784138,112.506962525804
59.3149429119093,-2.51756848972249,112.506962525777
59.3599466622219,-2.51908335630395,112.506962525761
59.4049504125344,-2.52033509423804,112.506962525753
59.4499541628469,-2.52132072936677,112.506962525752
59.4949579131594,-2.52203730764162,112.506962525753
59.539961663472,-2.52248189604949,112.506962525756
59.5849654137845,-2.52265158353289,112.506962525757
59.629969164097,-2.52254348189564,112.506962525754
59.6749729144095,-2.52215472669028,112.506962525744
59.7199766647221,-2.5214824780882,112.506962525724
59.7649804150346,-2.52052392173791,112.506962525692
59.8099841653471,-2.51927626961991,112.506962525644
59.8549879156596,-2.51773676090768,112.506962525578
59.8999916659722,-2.51590266284543,112.50696252549
59.9449954162847,-2.51377127165069,112.506962525378
59.9899991665972,-2.51133991344832,112.506962525237
