0,0,296
0.045003750312526,-0.0143267491810519,295.999999998834
0.0900075006250521,0.641084909212704,295.999998801238
0.135011250937578,2.4388002993942,295.999990464849
0.180015001250104,4.76533490636611,295.999988983308
0.22501875156263,6.77828919582622,295.999988408659
0.270022501875156,7.73613509597885,295.999986276738
0.315026252187682,7.19544621259942,295.999987095698
0.360030002500208,5.09998133950679,295.999987405873
0.405033752812734,1.80413759140798,295.999987424747
0.45003750312526,-2.01781745035637,295.999987421347
0.495041253437786,-5.55002363373998,295.999987414701
0.540045003750313,-8.0473169565834,295.999987418135
0.585048754062839,-9.02303155175933,295.999987420595
0.630052504375365,-8.34598546274314,295.999987422001
0.675056254687891,-6.2322776004096,295.999987427521
0.720060005000417,-3.16205289417818,295.999987429286
0.765063755312943,0.246521639910667,295.999987429653
0.810067505625469,3.37406356033325,295.999987430936
0.855071255937995,5.7158897735329,295.999987432772
0.900075006250521,6.95835420734155,295.999987441106
0.945078756563047,7.01093603182258,295.999987437582
0.990082506875573,5.99617187476366,295.999987410349
1.0350862571881,4.20379079571821,295.999987381444
1.08009000750063,2.02025674059194,295.999987367634
1.12509375781315,-0.150816412559693,295.999987364892
1.17009750812568,-1.96072597489804,295.999987365127
1.2151012584382,-3.16712405624781,295.999987365418
1.26010500875073,-3.65851530977942,295.999987365513
1.30510875906326,-3.45226810632859,295.999987365399
1.35011250937578,-2.67157242299477,295.999987365068
1.39511625968831,-1.50947575094296,295.999987365249
1.44012001000083,-0.188532717611198,295.99998736772
1.48512376031336,1.07678245683095,295.999987373848
1.53012751062589,2.10996317262144,295.99998738261
1.57513126093841,2.79194121789608,295.999987390514
1.62013501125094,3.06933443571495,295.999987393802
1.66513876156346,2.95225270938807,295.999987390992
1.71014251187599,2.50370428084752,295.999987383592
1.75514626218852,1.82346414444356,295.999987374638
1.80015001250104,1.02953337473522,295.999987366694
1.84515376281357,0.240056942469017,295.999987360896
1.89015751312609,-0.442060022374309,295.999987357205
1.93516126343862,-0.9403846385473,295.999987355109
1.98016501375115,-1.21135941737936,295.999987354156
2.02516876406367,-1.24585667645672,295.999987354167
2.0701725143762,-1.06637101284555,295.999987355244
2.11517626468872,-0.720703135348589,295.999987357674
2.16018001500125,-0.273240461822079,295.999987361719
2.20518376531378,0.204913655392603,295.999987367326
2.2501875156263,0.645682088102445,295.999987373864
2.29519126593883,0.9924541844896,295.999987380064
2.34019501625135,1.20629098323289,295.999987384325
2.38519876656388,1.26930735162681,295.999987385301
2.43020251687641,1.18504323500999,295.999987382451
2.47520626718893,0.976033932707116,295.99998737624
2.52021001750146,0.679131548799101,295.999987367892
2.56521376781398,0.339375832949215,295.999987358887
2.61021751812651,0.00333759457205768,295.999987350518
2.65522126843904,-0.287146471159027,295.99998734368
2.70022501875156,-0.500054029488726,295.99998733889
2.74522876906409,-0.616501493580322,295.999987336419
2.79023251937661,-0.632025205262329,295.999987336418
2.83523626968914,-0.55583291152741,295.999987338958
2.88024002000167,-0.408312951154725,295.99998734397
2.92524377031419,-0.217298270906676,295.999987351103
2.97024752062672,-0.0137034648585787,295.999987359597
3.01525127093924,0.172823149817479,295.999987368245
3.06025502125177,0.317657027896666,295.999987375551
3.1052587715643,0.403926933039582,295.999987380041
3.15026252187682,0.423961106547014,295.999987380647
3.19526627218935,0.379391228064751,295.999987376986
3.24027002250188,0.280038241339636,295.999987369441
3.2852737728144,0.141850517485162,295.999987359028
3.33027752312693,-0.0157405219025208,295.999987347134
3.37528127343945,-0.17264582936614,295.999987335243
3.42028502375198,-0.310743632904907,295.999987324712
3.46528877406451,-0.415989262520461,295.999987316644
3.51029252437703,-0.47979521374427,295.999987311819
3.55529627468956,-0.499582713388083,295.999987310658
3.60030002500208,-0.478521389730953,295.999987313191
3.64530377531461,-0.424573870600431,295.999987319023
3.69030752562714,-0.349036485178079,295.999987327326
3.73531127593966,-0.264809544075873,295.999987336894
3.78031502625219,-0.184639435140754,295.999987346282
3.82531877656471,-0.119552775294902,295.999987354039
3.87032252687724,-0.0776562602939915,295.999987358954
3.91532627718977,-0.0634130518112891,295.999987360268
3.96033002750229,-0.0774369139206303,295.999987357776
4.00533377781482,-0.116778000139623,295.999987351817
4.05033752812734,-0.175617049078733,295.999987343172
4.09534127843987,-0.246243550950727,295.999987332907
4.1403450287524,-0.32017145590535,295.999987322219
4.18534877906492,-0.389243838913422,295.999987312277
4.23035252937745,-0.446593831764333,295.999987304086
4.27535627968997,-0.487359352330059,295.999987298377
4.3203600300025,-0.50908867112046,295.99998729553
4.36536378031503,-0.511817037827209,295.999987295532
4.41036753062755,-0.497835957519575,295.999987298
4.45537128094008,-0.471211524100369,295.99998730225
4.5003750312526,-0.437132987247171,295.999987307425
4.54537878156513,-0.401185470537259,295.999987312644
4.59038253187766,-0.368641103074674,295.999987317143
4.63538628219018,-0.343851903615391,295.99998732037
4.68039003250271,-0.329807918317042,295.999987322022
4.72539378281523,-0.327898546798377,295.99998732203
4.77039753312776,-0.337887261707927,295.999987320509
4.81540128344029,-0.358083524124705,295.999987317717
4.86040503375281,-0.385673630548491,295.999987314016
4.90540878406534,-0.417156716691742,295.999987309839
4.95041253437786,-0.44882443010292,295.999987305656
4.99541628469039,-0.477223074816333,295.999987301922
5.04042003500292,-0.499544569903135,295.999987299027
5.08542378531544,-0.513905806340554,295.999987297234
5.13042753562797,-0.519492855409021,295.999987296651
5.17543128594049,-0.516564657517912,295.999987297214
5.22043503625302,-0.506328035791052,295.999987298716
5.26543878656555,-0.490710180308402,295.999987300852
5.31044253687807,-0.472064697974099,295.999987303282
5.3554462871906,-0.452852119459926,295.999987305683
5.40045003750313,-0.435335275266092,295.999987307792
5.44545378781565,-0.421324707237783,295.999987309421
5.49045753812818,-0.412000298405659,295.999987310463
5.5354612884407,-0.407823965440254,295.99998731088
5.58046503875323,-0.408546108849189,295.999987310702
5.62546878906576,-0.413297067550518,295.999987310024
5.67047253937828,-0.420745379505684,295.999987308994
5.71547628969081,-0.429298166869943,295.999987307811
5.76048004000333,-0.4373159712458,295.9999873067
5.80548379031586,-0.443314933539725,295.999987305881
5.85048754062839,-0.446132986079741,295.999987305543
5.89549129094091,-0.445042991886887,295.999987305808
5.94049504125344,-0.439803576373838,295.99998730672
5.98549879156596,-0.430646690101039,295.999987308238
6.03050254187849,-0.41820868253494,295.999987310254
6.07550629219102,-0.403417967407732,295.999987312615
6.12051004250354,-0.387356572982006,295.999987315149
6.16551379281607,-0.371114648590298,295.999987317692
6.21051754312859,-0.355656315412816,295.999987320107
6.25552129344112,-0.341712377281783,295.999987322293
6.30052504375365,-0.329710863917422,295.999987324194
6.34552879406617,-0.319750846585918,295.999987325802
6.3905325443787,-0.311619197051719,295.999987327151
6.43553629469122,-0.304844680920294,295.999987328317
6.48054004500375,-0.298779599131692,295.999987329412
6.52554379531628,-0.292696549568301,295.999987330564
6.5705475456288,-0.285886986972396,295.999987331908
6.61555129594133,-0.277749094628838,295.999987333563
6.66055504625385,-0.267854813321324,295.999987335618
6.70555879656638,-0.255989299799667,295.999987338117
6.75056254687891,-0.242160097953426,295.999987341056
6.79556629719143,-0.226577353334071,295.999987344391
6.84057004750396,-0.209609971709365,295.999987348041
6.88557379781648,-0.191725297325618,295.99998735191
6.93057754812901,-0.173421391450917,295.999987355897
6.97558129844154,-0.155161219610952,295.999987359911
7.02058504875406,-0.137317070378594,295.999987363882
7.06558879906659,-0.120131544634808,295.999987367769
7.11059254937912,-0.103698800697927,295.999987371559
7.15559629969164,-0.0879668104329841,295.999987375272
7.20060005000417,-0.0727585761463973,295.999987378954
7.24560380031669,-0.0578079355474245,295.999987382673
7.29060755062922,-0.0428040122452752,295.999987386505
7.33561130094175,-0.0274377044216132,295.999987390529
7.38061505125427,-0.0114438666195421,295.999987394812
7.4256188015668,0.00536607349832861,295.999987399403
7.47062255187932,0.0230846154969712,295.999987404323
7.51562630219185,0.0417033046999816,295.999987409566
7.56063005250438,0.0611218757568765,295.999987415101
7.6056338028169,0.0811689772519585,295.99998742088
7.65063755312943,0.101630659506829,295.999987426842
7.69564130344195,0.122282063073762,295.999987432927
7.74064505375448,0.142917685240722,295.999987439082
7.78564880406701,0.163376183267486,295.999987445265
7.83065255437953,0.183556767381466,295.999987451456
7.87565630469206,0.203425652935613,295.99998745765
7.92066005500458,0.223012557337621,295.999987463862
7.96566380531711,0.242398623112443,295.99998747012
8.01066755562964,0.261698236344067,295.999987476462
8.05567130594216,0.281037859574802,295.999987482926
8.10067505625469,0.30053515169576,295.999987489547
8.14567880656721,0.320281321376253,295.999987496352
8.19068255687974,0.340328939693745,295.99998750335
8.23568630719227,0.360686457038106,295.999987510539
8.28069005750479,0.381319591721751,295.999987517899
8.32569380781732,0.402158747455048,295.9999875254
8.37069755812984,0.423110815916984,295.999987533004
8.41570130844237,0.444073229312764,295.999987540674
8.4607050587549,0.464947992825042,295.999987548372
8.50570880906742,0.485653638513046,295.99998755607
8.55071255937995,0.506133539968698,295.999987563746
8.59571630969247,0.526359712485362,295.999987571391
8.640720060005,0.546331978020391,295.999987579004
8.68572381031753,0.566073078536461,295.999987586591
8.73072756063005,0.585620873540912,295.999987594163
8.77573131094258,0.60501908756873,295.999987601729
8.8207350612551,0.624308150559871,295.999987609297
8.86573881156763,0.643517509422782,295.999987616871
8.91074256188016,0.662660429635127,295.999987624443
8.95574631219268,0.681731824511544,295.999987632004
9.00075006250521,0.700709132187652,295.999987639533
9.04575381281773,0.719555789871693,295.999987647007
9.09075756313026,0.738226500099537,295.999987654401
9.13576131344279,0.756673288849419,295.999987661689
9.18076506375531,0.774851335531915,295.999987668848
9.22576881406784,0.792723696223384,295.99998767586
9.27077256438037,0.810264306077732,295.999987682709
9.31577631469289,0.827458980776346,295.999987689386
9.36078006500542,0.844304480476402,295.999987695886
9.40578381531794,0.860805997585684,295.999987702206
9.45078756563047,0.8769736391774,295.999987708342
9.49579131594299,0.892818571683377,295.999987714294
9.54079506625552,0.908349475913788,295.999987720058
9.58579881656805,0.923569839768442,295.999987725628
9.63080256688057,0.938476424266224,295.999987730996
9.6758063171931,0.953059014098487,295.999987736153
9.72081006750563,0.967301346439365,295.999987741089
9.76581381781815,0.981182935510873,295.999987745792
9.81081756813068,0.994681399318969,295.999987750254
9.8558213184432,1.00777485978651,295.999987754465
9.90082506875573,1.02044402541247,295.999987758422
9.94582881906826,1.03267366219074,295.99998776212
9.99083256938078,1.04445329146451,295.99998776556
10.0358363196933,1.05577709932457,295.999987768744
10.0808400700058,1.06664054288486,295.999987771623
10.1258438203184,1.07691204293292,295.999987773995
10.1708475706309,1.08612869473366,295.999987775677
10.2158513209434,1.09360678779762,295.999987776642
10.2608550712559,1.09867988331971,295.999987777049
10.3058588215685,1.10094143356563,295.999987777144
10.350862571881,1.10042155122434,295.99998777712
10.3958663221935,1.09765255313865,295.99998777704
10.440870072506,1.09361005770628,295.999987776885
10.4858738228186,1.0895475478992,295.999987776664
10.5308775731311,1.0867657826611,295.999987776477
10.5758813234436,1.08637021395656,295.999987776484
10.6208850737561,1.089068613288,295.999987776811
10.6658888240687,1.09504914728819,295.999987777452
10.7108925743812,1.10395988925327,295.999987778264
10.7558963246937,1.11498892534471,295.99998777903
10.8009000750063,1.1270244604284,295.999987779572
10.8459038253188,1.13886034137492,295.999987779831
10.8909075756313,1.14940633842736,295.999987779863
10.9359113259438,1.15786473238572,295.99998777979
10.9809150762564,1.16384399580271,295.999987779714
11.0259188265689,1.1673941858629,295.999987779679
11.0709225768814,1.16896404989735,295.999987779675
11.1159263271939,1.16929379224689,295.999987779676
11.1609300775065,1.1692675679754,295.999987779676
11.205933827819,1.16975462240564,295.999987779696
11.2509375781315,1.17146726300725,295.999987779763
11.295941328444,1.17485824613842,295.999987779884
11.3409450787566,1.18007118687113,295.999987780032
11.3859488290691,1.18694718498842,295.999987780152
11.4309525793816,1.19508097114028,295.999987780187
11.4759563296941,1.20391216923115,295.999987780107
11.5209600800067,1.21283283529146,295.999987779919
11.5659638303192,1.22129167224813,295.999987779665
11.6109675806317,1.22887795944251,295.999987779393
11.6559713309442,1.23537344945796,295.999987779146
11.7009750812568,1.24076710174526,295.999987778945
11.7459788315693,1.24523426727837,295.999987778789
11.7909825818818,1.24908766094311,295.999987778667
11.8359863321944,1.25271131431309,295.999987778561
11.8809900825069,1.25649025913534,295.999987778457
11.9259938328194,1.260747955737,295.999987778337
11.9709975831319,1.2657008386402,295.999987778185
12.0160013334445,1.27143170159214,295.999987777982
12.061005083757,1.27599075931799,295.999987777826
12.1060088340695,1.27648336597467,295.999987777827
12.151012584382,1.2732531914125,295.999987777914
12.1960163346946,1.26722038727787,295.999987777949
12.2410200850071,1.25965110059077,295.999987777842
12.2860238353196,1.25191723351496,295.999987777607
12.3310275856321,1.24526506839433,295.999987777335
12.3760313359447,1.24062935042884,295.999987777132
12.4210350862572,1.23851802321254,295.999987777054
12.4660388365697,1.23897852449948,295.999987777082
12.5110425868822,1.24164205114279,295.99998777715
12.5560463371948,1.2458299065143,295.99998777719
12.6010500875073,1.2506977263988,295.999987777167
12.6460538378198,1.25538995667507,295.999987777096
12.6910575881323,1.25917843238817,295.999987777016
12.7360613384449,1.26156448027333,295.999987776964
12.7810650887574,1.26233225178463,295.999987776953
12.8260688390699,1.26155032272868,295.999987776966
12.8710725893824,1.25952732354217,295.999987776979
12.916076339695,1.25673413711851,295.999987776971
12.9610800900075,1.25370914411562,295.999987776939
13.00608384032,1.25096379993556,295.999987776896
13.0510875906326,1.24890373319499,295.999987776859
13.0960913409451,1.24777624681481,295.99998777684
13.1410950912576,1.24764954329554,295.99998777684
13.1860988415701,1.24842323711886,295.99998777685
13.2311025918827,1.24986471757516,295.999987776859
13.2761063421952,1.25166240421319,295.99998777686
13.3211100925077,1.25348528732161,295.999987776853
13.3661138428202,1.25503840907534,295.999987776844
13.4111175931328,1.25610584361626,295.999987776836
13.4561213434453,1.25657577022494,295.999987776833
13.5011250937578,1.2564457745797,295.999987776834
13.5461288440703,1.25580992524502,295.999987776835
13.5911325943829,1.25483192034025,295.999987776833
13.6361363446954,1.25371031996581,295.999987776828
13.6811400950079,1.25264242095452,295.99998777682
13.7261438453204,1.25179274868693,295.999987776813
13.771147595633,1.25127066728765,295.999987776809
13.8161513459455,1.25111959132951,295.999987776808
13.861155096258,1.25131811139159,295.99998777681
13.9061588465705,1.25179139105036,295.999987776812
13.9511625968831,1.25242974255825,295.999987776813
13.9961663471956,1.25311051417146,295.999987776814
14.0411700975081,1.25371936530785,295.999987776813
14.0861738478207,1.25416758719476,295.999987776813
14.1311775981332,1.25440317410678,295.999987776813
14.1761813484457,1.25441463763137,295.999987776813
14.2211850987582,1.25422784687278,295.999987776813
14.2661888490708,1.2538972631247,295.999987776812
14.3111925993833,1.25349366901753,295.99998777681
14.3561963496958,1.25309079565425,295.999987776809
14.4012001000083,1.25275313095825,295.999987776807
14.4462038503209,1.25252672018408,295.999987776806
14.4912076006334,1.25243406480702,295.999987776806
14.5362113509459,1.25247343088465,295.999987776806
14.5812151012584,1.25262213144932,295.999987776807
14.626218851571,1.25284276346517,295.999987776807
14.6712226018835,1.25309103202503,295.999987776808
14.716226352196,1.25332370932982,295.999987776808
14.7612301025085,1.25350543463699,295.999987776808
14.8062338528211,1.25361340802305,295.999987776808
14.8512376031336,1.25363948645222,295.999987776808
14.8962413534461,1.25358966857137,295.999987776808
14.9412451037586,1.25348137535768,295.999987776808
14.9862488540712,1.25333923680897,295.999987776808
15.0312526043837,1.25319024627105,295.999987776807
15.0762563546962,1.2530591383055,295.999987776807
15.1212601050088,1.25296470367839,295.999987776806
15.1662638553213,1.25291751593923,295.999987776806
15.2112676056338,1.25291925858032,295.999987776806
15.2562713559463,1.25296356149989,295.999987776806
15.3012751062589,1.25303802476115,295.999987776806
15.3462788565714,1.25312695729216,295.999987776806
15.3912826068839,1.25321430231892,295.999987776806
15.4362863571964,1.25328625715383,295.999987776806
15.481290107509,1.25333320530549,295.999987776806
15.5262938578215,1.25335073674695,295.999987776806
15.571297608134,1.25333970633397,295.999987776806
15.6163013584465,1.25330544083897,295.999987776806
15.6613051087591,1.25325632782591,295.999987776806
15.7063088590716,1.25320208965043,295.999987776806
15.7513126093841,1.25315205856076,295.999987776806
15.7963163596966,1.2531137293146,295.999987776806
15.8413201100092,1.25309178677562,295.999987776806
15.8863238603217,1.2530877051804,295.999987776806
15.9313276106342,1.25309991205588,295.999987776806
15.9763313609467,1.25312442011188,295.999987776806
16.0213351112593,1.25315576746019,295.999987776806
16.0663388615718,1.2531880769858,295.999987776806
16.1113426118843,1.25321605018484,295.999987776806
16.1563463621968,1.2532357443208,295.999987776806
16.2013501125094,1.25324503533832,295.999987776806
16.2463538628219,1.25324373151809,295.999987776806
16.2913576131344,1.25323336321353,295.999987776806
16.336361363447,1.25321672277519,295.999987776806
16.3813651137595,1.25319725957144,295.999987776806
16.426368864072,1.25317844515596,295.999987776806
16.4713726143845,1.25316321406639,295.999987776806
16.5163763646971,1.25315356045573,295.999987776806
16.5613801150096,1.25315033577324,295.999987776806
16.6063838653221,1.25315325484346,295.999987776806
16.6513876156346,1.25316108336997,295.999987776806
16.6963913659472,1.25317195417532,295.999987776806
16.7413951162597,1.25318374542663,295.999987776806
16.7863988665722,1.25319445248937,295.999987776806
16.8314026168847,1.25320249460215,295.999987776806
16.8764063671973,1.25320691535,295.999987776806
16.9214101175098,1.2532074580552,295.999987776806
16.9664138678223,1.25320451960891,295.999987776806
17.0114176181348,1.25319900531122,295.999987776806
17.0564213684474,1.25319212033805,295.999987776806
17.1014251187599,1.25318513916574,295.999987776806
17.1464288690724,1.25317919265988,295.999987776806
17.1914326193849,1.25317510474906,295.999987776806
17.2364363696975,1.253173298673,295.999987776806
17.28144012001,1.25317377914941,295.999987776806
17.3264438703225,1.25317618384368,295.999987776806
17.3714476206351,1.25317988724411,295.999987776806
17.4164513709476,1.25318413375426,295.999987776806
17.4614551212601,1.25318817502542,295.999987776806
17.5064588715726,1.25319138898939,295.999987776806
17.5514626218852,1.2531933637977,295.999987776806
17.5964663721977,1.25319393759386,295.999987776806
17.6414701225102,1.25319319325612,295.999987776806
17.6864738728227,1.25319141457291,295.999987776806
17.7314776231353,1.25318901568786,295.999987776806
17.7764813734478,1.25318645845823,295.999987776806
17.8214851237603,1.25318417247978,295.999987776806
17.8664888740728,1.2531824902631,295.999987776806
17.9114926243854,1.25318160605949,295.999987776806
17.9564963746979,1.25318156198385,295.999987776806
18.0015001250104,1.25318226025176,295.999987776806
18.0465038753229,1.25318349631068,295.999987776806
18.0915076256355,1.25318500494748,295.999987776806
18.136511375948,1.25318651036358,295.999987776806
18.1815151262605,1.25318777169688,295.999987776806
18.226518876573,1.25318861726339,295.999987776806
18.2715226268856,1.25318896343846,295.999987776806
18.3165263771981,1.25318881706866,295.999987776806
18.3615301275106,1.25318826308331,295.999987776806
18.4065338778232,1.25318744113825,295.999987776806
18.4515376281357,1.25318651640384,295.999987776806
18.4965413784482,1.25318564990969,295.999987776806
18.5415451287607,1.25318497325426,295.999987776806
18.5865488790733,1.25318457118754,295.999987776806
18.6315526293858,1.25318447387569,295.999987776806
18.6765563796983,1.25318465887889,295.999987776806
18.7215601300108,1.25318506131327,295.999987776806
18.7665638803234,1.25318558954672,295.999987776806
18.8115676306359,1.25318614322249,295.999987776806
18.8565713809484,1.25318663043161,295.999987776806
18.9015751312609,1.25318698138812,295.999987776806
18.9465788815735,1.25318715685218,295.999987776806
18.991582631886,1.25318715060625,295.999987776806
19.0365863821985,1.25318698633013,295.999987776806
19.081590132511,1.25318671007454,295.999987776806
19.1265938828236,1.25318638008878,295.999987776806
19.1715976331361,1.25318605596312,295.999987776806
19.2166013834486,1.25318578891131,295.999987776806
19.2616051337611,1.25318561460837,295.999987776806
19.3066088840737,1.25318554941265,295.999987776806
19.3516126343862,1.25318559015504,295.999987776806
19.3966163846987,1.25318571708408,295.999987776806
19.4416201350113,1.25318589910097,295.999987776806
19.4866238853238,1.25318610015985,295.999987776806
19.5316276356363,1.25318628566205,295.999987776806
19.5766313859488,1.25318642782018,295.999987776806
19.6216351362614,1.25318650926142,295.999987776806
19.6666388865739,1.25318652451188,295.999987776806
19.7116426368864,1.25318647938872,295.999987776806
19.7566463871989,1.25318638865864,295.999987776806
19.8016501375115,1.25318627255438,295.999987776806
19.846653887824,1.25318615284998,295.999987776806
19.8916576381365,1.25318604917881,295.999987776806
19.936661388449,1.25318597615433,295.999987776806
19.9816651387616,1.25318594165453,295.999987776806
20.0266688890741,1.25318594640019,295.999987776806
20.0716726393866,1.25318598473256,295.999987776806
20.1166763896991,1.25318604631646,295.999987776806
20.1616801400117,1.25318611838034,295.999987776806
20.2066838903242,1.25318618806711,295.999987776806
20.2516876406367,1.25318624450533,295.999987776806
20.2966913909492,1.25318628030369,295.999987776806
20.3416951412618,1.25318629230111,295.999987776806
20.3866988915743,1.25318628154546,295.999987776806
20.4317026418868,1.25318625260026,295.999987776806
20.4767063921994,1.25318621237456,295.999987776806
20.5217101425119,1.25318616872292,295.999987776806
20.5667138928244,1.2531861290686,295.999987776806
20.6117176431369,1.25318609926779,295.999987776806
20.6567213934495,1.25318608286658,295.999987776806
20.701725143762,1.25318608082105,295.999987776806
20.7467288940745,1.2531860916673,295.999987776806
20.791732644387,1.25318611205806,295.999987776806
20.8367363946996,1.25318613753423,295.999987776806
20.8817401450121,1.25318616337824,295.999987776806
20.9267438953246,1.25318618540238,295.999987776806
20.9717476456371,1.25318620055376,295.999987776806
21.0167513959497,1.25318620726202,295.999987776806
21.0617551462622,1.25318620550586,295.999987776806
21.1067588965747,1.25318619662315,295.999987776806
21.1517626468872,1.25318618292697,295.999987776806
21.1967663971998,1.253186167213,295.999987776806
21.2417701475123,1.25318615225147,295.999987776806
21.2867738978248,1.2531861403462,295.999987776806
21.3317776481373,1.25318613302369,295.999987776806
21.3767813984499,1.25318613088552,295.999987776806
21.4217851487624,1.25318613362726,295.999987776806
21.4667888990749,1.25318614020046,295.999987776806
21.5117926493874,1.25318614907348,295.999987776806
21.5567963997,1.25318615853729,295.999987776806
21.6018001500125,1.25318616700145,295.999987776806
21.646803900325,1.25318617323425,295.999987776806
21.6918076506376,1.25318617651533,295.999987776806
21.7368114009501,1.25318617668725,295.999987776806
21.7818151512626,1.25318617411051,295.999987776806
21.8268189015751,1.25318616954113,295.999987776806
21.8718226518877,1.25318616396009,295.999987776806
21.9168264022002,1.25318615838812,295.999987776806
21.9618301525127,1.25318615371701,295.999987776806
22.0068339028252,1.25318615058297,295.999987776806
22.0518376531378,1.25318614929639,295.999987776806
22.0968414034503,1.2531861498329,295.999987776806
22.1418451537628,1.25318615187895,295.999987776806
22.1868489040753,1.25318615491825,295.999987776806
22.2318526543879,1.25318615833976,295.999987776806
22.2768564047004,1.25318616154742,295.999987776806
22.3218601550129,1.25318616405386,295.999987776806
22.3668639053254,1.25318616554491,295.999987776806
22.411867655638,1.25318616590837,295.999987776806
22.4568714059505,1.25318616522669,295.999987776806
22.501875156263,1.25318616373961,295.999987776806
22.5468789065755,1.25318616178593,295.999987776806
22.5918826568881,1.253186159737,295.999987776806
22.6368864072006,1.25318615793307,295.999987776806
22.6818901575131,1.25318615663265,295.999987776806
22.7268939078257,1.25318615598133,295.999987776806
22.7718976581382,1.25318615600246,295.999987776806
22.8169014084507,1.25318615660873,295.999987776806
22.8619051587632,1.25318615762995,295.999987776806
22.9069089090758,1.25318615885067,295.999987776806
22.9519126593883,1.25318616005033,295.999987776806
22.9969164097008,1.25318616103933,295.999987776806
23.0419201600133,1.25318616168546,295.999987776806
23.0869239103259,1.25318616192796,295.999987776806
23.1319276606384,1.25318616177834,295.999987776806
23.1769314109509,1.25318616130951,295.999987776806
23.2219351612634,1.25318616063647,295.999987776806
23.266938911576,1.25318615989255,295.999987776806
23.3119426618885,1.25318615920584,295.999987776806
23.356946412201,1.25318615867923,295.999987776806
23.4019501625135,1.25318615837715,295.999987776806
23.4469539128261,1.25318615831996,295.999987776806
23.4919576631386,1.25318615848627,295.999987776806
23.5369614134511,1.25318615882155,295.999987776806
23.5819651637636,1.25318615925095,295.999987776806
23.6269689140762,1.25318615969395,295.999987776806
23.6719726643887,1.25318616007785,295.999987776806
23.7169764147012,1.25318616034846,295.999987776806
23.7619801650137,1.25318616047659,295.999987776806
23.8069839153263,1.25318616045948,295.999987776806
23.8519876656388,1.25318616031798,295.999987776806
23.8969914159513,1.2531861600903,295.999987776806
23.9419951662639,1.2531861598237,295.999987776806
23.9869989165764,1.25318615956574,295.999987776806
24.0320026668889,1.25344978360596,295.999987776808
24.0770064172014,1.26035519062648,295.999987776769
24.122010167514,1.27621841707992,295.999987776218
24.1670139178265,1.29930271815705,295.999987774395
24.212017668139,1.32690027638684,295.999987770839
24.2570214184515,1.35587038612868,295.999987765781
24.3020251687641,1.38318947948973,295.999987760089
24.3470289190766,1.40642208078889,295.999987754859
24.3920326693891,1.42404510871198,295.999987750915
24.4370364197016,1.4355892494059,295.999987748535
24.4820401700142,1.44159490844602,295.999987747479
24.5270439203267,1.44341067500361,295.999987747246
24.5720476706392,1.44288467273588,295.999987747341
24.6170514209517,1.44201084968577,295.999987747429
24.6620551712643,1.44259248854805,295.999987747335
24.7070589215768,1.44597527743841,295.999987746948
24.7520626718893,1.45288497055036,295.999987746148
24.7970664222019,1.46338367011175,295.999987744793
24.8420701725144,1.47693793013436,295.99998774278
24.8870739228269,1.49257459209769,295.999987740123
24.9320776731394,1.50908891018558,295.999987736992
24.977081423452,1.52526525403689,295.999987733682
25.0220851737645,1.54007334514058,295.999987730522
25.067088924077,1.55281133162347,295.999987727774
25.1120926743895,1.56317900380275,295.999987725571
25.1570964247021,1.57127771803139,295.999987723906
25.2021001750146,1.57754582759919,295.999987722664
25.2471039253271,1.58264776025785,295.999987721683
25.2921076756396,1.58734016882567,295.999987720794
25.3371114259522,1.59233944877311,295.999987719849
25.3821151762647,1.5982117594233,295.999987718731
25.4271189265772,1.60530050170685,295.999987717358
25.4721226768897,1.61369836164785,295.999987715684
25.5171264272023,1.62326299307935,295.999987713709
25.5621301775148,1.63366850537343,295.99998771148
25.6071339278273,1.64448011854797,295.999987709083
25.6521376781398,1.65523716608063,295.999987706635
25.6971414284524,1.66553009585935,295.999987704249
25.7421451787649,1.67505984113925,295.99998770202
25.7871489290774,1.68367219162711,295.999987700002
25.8321526793899,1.69136471555933,295.999987698203
25.8771564297025,1.69826849346263,295.999987696595
25.922160180015,1.70461069139767,295.999987695121
25.9671639303275,1.71066633611887,295.999987693712
26.0121676806401,1.71670835799768,295.9999876923
26.0571714309526,1.72296412799153,295.999987690827
26.1021751812651,1.72958465791134,295.999987689254
26.1471789315776,1.73662983972868,295.999987687561
26.1921826818902,1.74407010949955,295.99998768575
26.2371864322027,1.75180223922621,295.999987683844
26.2821901825152,1.7596749781834,295.99998768188
26.3271939328277,1.76751921527308,295.999987679904
26.3721976831403,1.7751772688566,295.999987677958
26.4172014334528,1.78252671856717,295.99998767608
26.4622051837653,1.78949563684278,295.999987674292
26.5072089340778,1.79606784598309,295.9999876726
26.5522126843904,1.80227859550579,295.999987670996
26.5972164347029,1.80820254065863,295.999987669462
26.6422201850154,1.81393690300803,295.999987667971
26.6872239353279,1.8195831081481,295.999987666496
26.7322276856405,1.82523003023032,295.999987665013
26.777231435953,1.83094132676548,295.999987663505
26.8222351862655,1.83674838338983,295.999987661964
26.867238936578,1.84264930094352,295.999987660388
26.9122426868906,1.84861333587922,295.999987658787
26.9572464372031,1.85458940509297,295.999987657176
27.0022501875156,1.86051678831605,295.99998765557
27.0472539378282,1.86633604168236,295.999987653988
27.0922576881407,1.87199834948693,295.999987652444
27.1372614384532,1.87747201183724,295.999987650946
27.1822651887657,1.88274538644549,295.9999876495
27.2272689390783,1.88782625520021,295.999987648102
27.2722726893908,1.8927381619723,295.999987646748
27.3172764397033,1.89751468473335,295.999987645427
27.3622801900158,1.90219281564385,295.999987644129
27.4072839403284,1.90680661928965,295.999987642845
27.4522876906409,1.9113821489549,295.999987641568
27.4972914409534,1.91593427745252,295.999987640295
27.5422951912659,1.92046571093877,295.999987639024
27.5872989415785,1.92496807147087,295.999987637759
27.632302691891,1.92942461738789,295.999987636505
27.6773064422035,1.93381396232627,295.999987635268
27.722310192516,1.93811407362955,295.999987634054
27.7673139428286,1.94230587588378,295.99998763287
27.8123176931411,1.94637593251977,295.99998763172
27.8573214434536,1.95031789157351,295.999987630604
27.9023251937661,1.95413261846526,295.999987629524
27.9473289440787,1.95782715823861,295.999987628477
27.9923326943912,1.96141283911377,295.99998762746
28.0373364447037,1.96490292762912,295.99998762647
28.0823401950163,1.96831026618098,295.999987625502
28.1273439453288,1.97164527286549,295.999987624555
28.1723476956413,1.97491457822516,295.999987623627
28.2173514459538,1.97812043742971,295.999987622716
28.2623551962664,1.98126091517755,295.999987621825
28.3073589465789,1.98433071740713,295.999987620954
28.3523626968914,1.9873224562126,295.999987620107
28.3973664472039,1.99022809174526,295.999987619285
28.4423701975165,1.99304029854732,295.999987618491
28.487373947829,1.99575354734117,295.999987617726
28.5323776981415,1.99836476484426,295.999987616992
28.577381448454,2.00087351876983,295.999987616288
28.6223851987666,2.00328175765443,295.999987615613
28.6673889490791,2.00559320261256,295.999987614968
28.7123926993916,2.00781253163687,295.999987614349
28.7573964497041,2.00994451268354,295.999987613757
28.8024002000167,2.01199323047775,295.999987613189
28.8474039503292,2.01396151892196,295.999987612645
28.8924077006417,2.01585066417359,295.999987612126
28.9374114509542,2.01766039208911,295.99998761163
28.9824152012668,2.01938910657801,295.999987611159
29.0274189515793,2.02103430948462,295.999987610713
29.0724227018918,2.02259311226276,295.999987610293
29.1174264522043,2.02406274622862,295.999987609899
29.1624302025169,2.02544099003364,295.999987609532
29.2074339528294,2.02672645637079,295.999987609192
29.2524377031419,2.02791870965736,295.999987608879
29.2974414534545,2.0290182169662,295.999987608593
29.342445203767,2.03002616084312,295.999987608333
29.3874489540795,2.03094416114254,295.999987608098
29.432452704392,2.0317739616743,295.999987607887
29.4774564547046,2.03251713611929,295.999987607701
29.5224602050171,2.03317485779933,295.999987607538
29.5674639553296,2.033747762126,295.999987607397
29.6124677056421,2.03423591214726,295.99998760728
29.6574714559547,2.03463885984188,295.999987607184
29.7024752062672,2.03495578142638,295.99998760711
29.7474789565797,2.03518565582803,295.999987607059
29.7924827068922,2.0353274524245,295.999987607028
29.8374864572048,2.03538029689915,295.999987607019
29.8824902075173,2.03534359144266,295.999987607031
29.9274939578298,2.03521707578767,295.999987607062
29.9724977081423,2.0350008267046,295.999987607113
30.0175014584549,2.03469520371112,295.999987607183
30.0625052087674,2.03430051006458,295.99998760727
30.1075089590799,2.03384779328012,295.999987607363
30.1525127093925,2.0335653819519,295.999987607408
30.197516459705,2.03388734024426,295.999987607318
30.2425202100175,2.03529283118587,295.999987607011
30.28752396033,2.03812407802193,295.999987606443
30.3325277106426,2.04244078914893,295.99998760563
30.3775314609551,2.04794959665074,295.999987604645
30.4225352112676,2.05402400990483,295.999987603612
30.4675389615801,2.05980681033906,295.99998760268
30.5125427118927,2.06436795505054,295.999987601992
30.5575464622052,2.06688037056608,295.999987601659
30.6025502125177,2.06677474126663,295.999987601738
30.6475539628302,2.0638416334765,295.999987602221
30.6925577131428,2.05826251345684,295.999987603042
30.7375614634553,2.05056699663162,295.999987604091
30.7825652137678,2.04152851337518,295.99998760524
30.8275689640803,2.03202163104763,295.999987606368
30.8725727143929,2.02286977582787,295.999987607378
30.9175764647054,2.0147115903858,295.999987608211
30.9625802150179,2.00790839347287,295.999987608853
31.0075839653304,2.00250583060492,295.999987609321
31.052587715643,1.99825195318354,295.999987609659
31.0975914659555,1.99466378683046,295.999987609922
31.142595216268,1.99112671844759,295.999987610157
31.1875989665805,1.98700686106286,295.9999876104
31.2326027168931,1.98175628836679,295.999987610661
31.2776064672056,1.97499427348666,295.999987610929
31.3226102175181,1.96655345347914,295.999987611172
31.3676139678307,1.95648687884111,295.99998761135
31.4126177181432,1.94503884393787,295.999987611417
31.4576214684557,1.93258806206814,295.999987611335
31.5026252187682,1.91957534269319,295.999987611077
31.5476289690808,1.90642909589399,295.999987610629
31.5926327193933,1.89350083123713,295.999987609989
31.6376364697058,1.88101981160176,295.99998760916
31.6826402200183,1.86907188944981,295.999987608143
31.7276439703309,1.85760310805968,295.999987606928
31.7726477206434,1.84644465298643,295.999987605486
31.8176514709559,1.83535277666522,295.999987603763
31.8626552212684,1.82405573407544,295.99998760168
31.907658971581,1.81229963528998,295.999987599138
31.9526627218935,1.79988627478635,295.999987596021
31.997666472206,1.78669808875795,295.999987592214
32.0426702225185,1.77270797035773,295.999987587613
32.0876739728311,1.75797427322765,295.999987582142
32.1326777231436,1.74262355016374,295.999987575764
32.1776814734561,1.72682511582178,295.999987568488
32.2226852237687,1.71076224353878,295.99998756037
32.2676889740812,1.69460470649311,295.999987551505
32.3126927243937,1.67848657784336,295.999987542018
32.3576964747062,1.66249192673443,295.999987532047
32.4027002250188,1.646649543785,295.99998752173
32.4477039753313,1.6309363555574,295.999987511199
32.4927077256438,1.61528795723002,295.999987500571
32.5377114759563,1.59961385461661,295.999987489956
32.5827152262689,1.58381463040789,295.99998747946
32.6277189765814,1.56779832705217,295.999987469187
32.6727227268939,1.55149379692412,295.999987459242
32.7177264772064,1.53485949127294,295.999987449727
32.762730227519,1.51788700357743,295.999987440734
32.8077339778315,1.50059951301593,295.999987432335
32.852737728144,1.48304597384088,295.999987424581
32.8977414784565,1.46529238538293,295.999987417492
32.9427452287691,1.44741171528677,295.999987411062
32.9877489790816,1.42947403631053,295.999987405263
33.0327527293941,1.41153821025782,295.99998740005
33.0777564797066,1.39364607173258,295.999987395365
33.1227602300192,1.37581960256915,295.999987391146
33.1677639803317,1.35806111900109,295.999987387329
33.2127677306442,1.34035608255164,295.999987383856
33.2577714809567,1.32267784010055,295.999987380669
33.3027752312693,1.30499342562614,295.999987377722
33.3477789815818,1.28726952127633,295.99998737497
33.3927827318943,1.26947776507728,295.999987372381
33.4377864822069,1.25159877850443,295.999987369924
33.4827902325194,1.23362453223298,295.999987367578
33.5277939828319,1.21555893283515,295.999987365325
33.5727977331444,1.19741675999112,295.999987363152
33.617801483457,1.17922128315506,295.999987361051
33.6628052337695,1.16100101885078,295.999987359016
33.707808984082,1.14278614635806,295.999987357042
33.7528127343945,1.12460508275872,295.999987355127
33.7978164847071,1.10648163945286,295.999987353269
33.8428202350196,1.08843305903709,295.999987351465
33.8878239853321,1.07046908491253,295.999987349715
33.9328277356446,1.05259206747944,295.999987348014
33.9778314859572,1.03479797917373,295.999987346361
34.0228352362697,1.0170781103597,295.999987344751
34.0678389865822,0.999421157991548,295.999987343181
34.1128427368947,0.981815401733074,295.999987341647
34.1578464872073,0.964250685005834,295.999987340147
34.2028502375198,0.946719973760189,295.999987338675
34.2478539878323,0.929220343063916,295.999987337232
34.2928577381448,0.911753328861825,295.999987335813
34.3378614884574,0.894324667637169,295.999987334419
34.3828652387699,0.876943519953117,295.999987333049
34.4278689890824,0.859621327358207,295.999987331702
34.472872739395,0.842370481562979,295.999987330378
34.5178764897075,0.82520298916787,295.999987329079
34.56288024002,0.808129296751059,295.999987327805
34.6078839903325,0.791157404494608,295.999987326555
34.6528877406451,0.774292348128701,295.99998732533
34.6978914909576,0.757536075907125,295.99998732413
34.7428952412701,0.740887696503191,295.999987322953
34.7878989915826,0.724344031031268,295.999987321799
34.8329027418952,0.707900372156775,295.999987320667
34.8779064922077,0.691551337817267,295.999987319555
34.9229102425202,0.675291706776173,295.999987318464
34.9679139928327,0.659117136565659,295.99998731739
35.0129177431453,0.64302468836002,295.999987316334
35.0579214934578,0.627013114012816,295.999987315294
35.1029252437703,0.611082893534826,295.999987314271
35.1479289940828,0.595236042497957,295.999987313264
35.1929327443954,0.579475734674416,295.999987312274
35.2379364947079,0.563805803096566,295.999987311299
35.2829402450204,0.548230191304717,295.999987310342
35.3279439953329,0.532752425708587,295.999987309401
35.3729477456455,0.517375170750062,295.999987308478
35.417951495958,0.502099912817768,295.999987307572
35.4629552462705,0.486926799138541,295.999987306685
35.507958996583,0.47185463687951,295.999987305815
35.5529627468956,0.456881038051155,295.999987304963
35.5979664972081,0.442002679725037,295.99998730413
35.6429702475206,0.427215638129003,295.999987303314
35.6879739978332,0.412515750189267,295.999987302517
35.7329777481457,0.397898957077757,295.999987301736
35.7779814984582,0.383361590634698,295.999987300974
35.8229852487707,0.368900573907642,295.999987300229
35.8679889990833,0.354513519904172,295.999987299502
35.9129927493958,0.340198726212892,295.999987298792
35.9579964997083,0.325955075763494,295.999987298102
36.0030002500208,0.311781864245968,295.99998729743
36.0480040003334,0.299854859776182,295.999987296935
36.0930077506459,0.296971416081771,295.99998729687
36.1380115009584,0.302980791206123,295.999987296919
36.1830152512709,0.316230817719304,295.999987296592
36.2280190015835,0.334347737712275,295.999987295589
36.273022751896,0.354586115987852,295.999987293975
36.3180265022085,0.374194940021968,295.999987292125
36.363030252521,0.390753098918094,295.999987290513
36.4080340028336,0.402435389705477,295.999987289477
36.4530377531461,0.408182343658032,295.999987289087
36.4980415034586,0.407761536995052,295.999987289149
36.5430452537711,0.401722606770348,295.99998728934
36.5880490040837,0.391261084201271,295.999987289363
36.6330527543962,0.378015942488157,295.999987289071
36.6780565047087,0.363831536068089,295.999987288496
36.7230602550213,0.350516077586782,295.999987287807
36.7680640053338,0.339626213811752,295.999987287203
36.8130677556463,0.332301344359127,295.999987286825
36.8580715059588,0.329163125276649,295.999987286703
36.9030752562714,0.330286324793976,295.999987286759
36.9480790065839,0.335238064563438,295.999987286863
36.9930827568964,0.343174559370805,295.999987286894
37.0380865072089,0.352978583707865,295.999987286796
37.0830902575215,0.36341754707257,295.999987286586
37.128094007834,0.37330140862655,295.999987286332
37.1730977581465,0.38162153421859,295.999987286114
37.218101508459,0.38765554549099,295.999987285978
37.2631052587716,0.391028582196247,295.999987285928
37.3081090090841,0.391727437388448,295.999987285924
37.3531127593966,0.390069961517536,295.999987285911
37.3981165097091,0.386637273948562,295.99998728585
37.4431202600217,0.382180128205135,295.999987285728
37.4881240103342,0.377512910631396,295.999987285569
37.5331277606467,0.373409096192319,295.999987285414
37.5781315109592,0.370510645357833,295.999987285306
37.6231352612718,0.369261099211729,295.999987285267
37.6681390115843,0.36986845449886,295.999987285298
37.7131427618968,0.372299793668147,295.999987285374
37.7581465122094,0.376305635893817,295.999987285464
37.8031502625219,0.381468539632653,295.999987285541
37.8481540128344,0.387267995498547,295.999987285591
37.8931577631469,0.393152327239902,295.999987285615
37.9381615134595,0.398608235757311,295.999987285624
37.983165263772,0.403219687743026,295.999987285629
38.0281690140845,0.406709844506116,295.999987285639
38.073172764397,0.408962329491776,295.999987285651
38.1181765147096,0.410020976710639,295.99998728566
38.1631802650221,0.410069917871393,295.999987285658
38.2081840153346,0.409398129451196,295.999987285643
38.2531877656471,0.408354129718479,295.999987285618
38.2981915159597,0.407297252515288,295.999987285592
38.3431952662722,0.406551806090698,295.999987285574
38.3881990165847,0.406369536083155,295.999987285572
38.4332027668972,0.406904325376427,295.999987285588
38.4782065172098,0.40820121369836,295.999987285618
38.5232102675223,0.41019986642216,295.999987285654
38.5682140178348,0.412750816678421,295.99998728569
38.6132177681473,0.415641360114989,295.999987285719
38.6582215184599,0.418627047486833,295.999987285739
38.7032252687724,0.421464370574945,295.999987285751
38.7482290190849,0.423940466385627,295.999987285757
38.7932327693974,0.42589639580304,295.999987285761
38.83823651971,0.427241652099143,295.999987285764
38.8832402700225,0.427958853240418,295.999987285766
38.928244020335,0.428098890196722,295.999987285766
38.9732477706476,0.427767974485495,295.999987285764
39.0182515209601,0.427108917562131,295.99998728576
39.0632552712726,0.426279494730406,295.999987285754
39.1082590215851,0.42543086321295,295.999987285749
39.1532627718977,0.424688737723007,295.999987285746
39.1982665222102,0.42413944374991,295.999987285744
39.2432702725227,0.423822169532587,295.999987285744
39.2882740228352,0.423727841734516,295.999987285744
39.3332777731478,0.423804178522828,295.999987285743
39.3782815234603,0.4239657349326,295.999987285742
39.4232852737728,0.424107230867105,295.999987285741
39.4682890240853,0.42411818947452,295.999987285741
39.5132927743979,0.42389692329058,295.999987285745
39.5582965247104,0.423362162394105,295.999987285754
39.6033002750229,0.422461068672113,295.999987285771
39.6483040253354,0.421172949165899,295.999987285796
39.693307775648,0.41950858676389,295.999987285829
39.7383115259605,0.417505668242338,295.99998728587
39.783315276273,0.415221240426216,295.999987285919
39.8283190265855,0.412722417702993,295.999987285974
39.8733227768981,0.410076675256058,295.999987286036
39.9183265272106,0.407342994288328,295.999987286104
39.9633302775231,0.404564902909324,295.999987286179
40.0083340278357,0.401766121441885,295.999987286259
40.0533377781482,0.398949001343599,295.999987286347
40.0983415284607,0.396112662523082,295.999987286421
40.1433452787732,0.393389053469156,295.999987286455
40.1883490290858,0.39109696961449,295.999987286448
40.2333527793983,0.389643881256961,295.999987286426
40.2783565297108,0.389393373978804,295.999987286426
40.3233602800233,0.390544388786498,295.999987286462
40.3683640303359,0.393055188040411,295.999987286515
40.4133677806484,0.39662931548072,295.999987286546
40.4583715309609,0.400763356719142,295.999987286529
40.5033752812734,0.40484142829178,295.999987286466
40.548379031586,0.408252027614936,295.999987286389
40.5933827818985,0.410500367831327,295.999987286335
40.638386532211,0.411293085744448,295.999987286321
40.6833902825235,0.41058045017691,295.999987286336
40.7283940328361,0.408551460757478,295.999987286354
40.7733977831486,0.405587053975911,295.999987286351
40.8184015334611,0.402184078108682,295.99998728632
40.8634052837736,0.39886663947682,295.999987286273
40.9084090340862,0.396101640408461,295.999987286228
40.9534127843987,0.394232384063416,295.9999872862
40.9984165347112,0.393439092106685,295.999987286192
41.0434202850237,0.393729352966679,295.999987286195
41.0884240353363,0.394956089833486,295.999987286197
41.1334277856488,0.396856506636057,295.99998728619
41.1784315359613,0.399103124086107,295.999987286172
41.2234352862739,0.401357526540876,295.999987286149
41.2684390365864,0.403318532754549,295.999987286127
41.3134427868989,0.404758691151267,295.999987286113
41.3584465372114,0.405545713747465,295.999987286106
41.403450287524,0.405648171113848,295.999987286106
41.4484540378365,0.40512706367437,295.999987286108
41.493457788149,0.404116513020889,295.999987286109
41.5384615384615,0.402797693050862,295.999987286106
41.5834652887741,0.401370289948033,295.999987286101
41.6284690390866,0.400025376983531,295.999987286095
41.6734727893991,0.398922792564278,295.99998728609
41.7184765397116,0.39817509962145,295.999987286088
41.7634802900242,0.39783914032806,295.999987286087
41.8084840403367,0.397915205190631,295.999987286087
41.8534877906492,0.398352994285714,295.999987286087
41.8984915409617,0.399062911526763,295.999987286086
41.9434952912743,0.399930824617889,295.999987286083
41.9884990415868,0.40083424836238,295.99998728608
42.0335027918993,0.401657956598649,295.999987286076
42.0785065422118,0.402307274368988,295.999987286074
42.1235102925244,0.402717710465595,295.999987286072
42.1685140428369,0.402860112730235,295.999987286072
42.2135177931494,0.40274110600116,295.999987286072
42.258521543462,0.402399141408217,295.999987286073
42.3035252937745,0.401896982586853,295.999987286073
42.348529044087,0.401311824418482,295.999987286073
42.3935327943995,0.400724443873308,295.999987286072
42.4385365447121,0.400208802483489,295.999987286072
42.4835402950246,0.399823361932614,295.999987286071
42.5285440453371,0.399605067295054,295.999987286071
42.5735477956496,0.399566544306528,295.999987286071
42.6185515459622,0.399696606797471,295.999987286071
42.6635552962747,0.39996373979302,295.999987286071
42.7085590465872,0.400321868262151,295.99998728607
42.7535627968997,0.400717482839766,295.999987286069
42.7985665472123,0.40109709505016,295.999987286068
42.8435702975248,0.401414037928636,295.999987286068
42.8885740478373,0.401633796296347,295.999987286067
42.9335777981498,0.401737311583777,295.999987286067
42.9785815484624,0.40172201661726,295.999987286067
43.0235852987749,0.401600670776039,295.999987286067
43.0685890490874,0.40139834348242,295.999987286067
43.1135927994,0.401148101054729,295.999987286067
43.1585965497125,0.400886067960278,295.999987286067
43.203600300025,0.400646551885968,295.999987286067
43.2486040503375,0.400457849704692,295.999987286067
43.2936078006501,0.400339206455094,295.999987286067
43.3386115509626,0.40029920762571,295.999987286067
43.3836153012751,0.400335675599482,295.999987286067
43.4286190515876,0.400436942667088,295.999987286067
43.4736228019002,0.400584209871815,295.999987286067
43.5186265522127,0.400754590462682,295.999987286067
43.5636303025252,0.400924387816559,295.999987286066
43.6086340528377,0.401072170547396,295.999987286066
43.6536378031503,0.40118127451631,295.999987286066
43.6986415534628,0.401241468879435,295.999987286066
43.7436453037753,0.401249653708014,295.999987286066
43.7886490540878,0.401209591455293,295.999987286066
43.8336528044004,0.401130796257881,295.999987286066
43.8786565547129,0.401026799686233,295.999987286066
43.9236603050254,0.400913069775509,295.999987286066
43.9686640553379,0.400804878093985,295.999987286066
44.0136678056505,0.400715388770034,295.999987286066
44.058671555963,0.400654190033255,295.999987286066
44.1036753062755,0.400626412654003,295.999987286066
44.1486790565881,0.40063249236676,295.999987286066
44.1936828069006,0.400668546928382,295.999987286066
44.2386865572131,0.400727263676997,295.999987286066
44.2836903075256,0.400799138655452,295.999987286066
44.3286940578382,0.400873878610799,295.999987286066
44.3736978081507,0.400941773935582,295.999987286066
44.4187015584632,0.400994871868553,295.999987286066
44.4637053087757,0.401027820111531,295.999987286066
44.5087090590883,0.401038304514118,295.999987286066
44.5537128094008,0.40102706272603,295.999987286066
44.5987165597133,0.400997510935564,295.999987286066
44.6437203100258,0.400955066302744,295.999987286066
44.6887240603384,0.400906278595722,295.999987286066
44.7337278106509,0.400857898272788,295.999987286066
44.7787315609634,0.400816004644156,295.999987286066
44.8237353112759,0.400785298838434,295.999987286066
44.8687390615885,0.400768635870885,295.999987286066
44.913742811901,0.400766833069499,295.999987286066
44.9587465622135,0.40077875374845,295.999987286066
45.003750312526,0.400801630305129,295.999987286066
45.0487540628386,0.400831563915516,295.999987286066
45.0937578131511,0.400864121424351,295.999987286066
45.1387615634636,0.40089494501517,295.999987286066
45.1837653137761,0.400920296375272,295.999987286066
45.2287690640887,0.400937472542475,295.999987286066
45.2737728144012,0.400945052620866,295.999987286066
45.3187765647137,0.400942959695097,295.999987286066
45.3637803150263,0.400932347089155,295.999987286066
45.4087840653388,0.400915339493468,295.999987286066
45.4537878156513,0.400894675036538,295.999987286066
45.4987915659638,0.400873302670862,295.999987286066
45.5437953162764,0.400853989896865,295.999987286066
45.5887990665889,0.400838989483005,295.999987286066
45.6338028169014,0.400829801905316,295.999987286066
45.6788065672139,0.400827054748986,295.999987286066
45.7238103175265,0.400830503570309,295.999987286066
45.768814067839,0.400839142945096,295.999987286066
45.8138178181515,0.400851403533152,295.999987286066
45.858821568464,0.400865402334035,295.999987286066
45.9038253187766,0.400879209602141,295.999987286066
45.9488290690891,0.40089109714072,295.999987286066
45.9938328194016,0.400899738292615,295.999987286066
46.0388365697141,0.400904338781133,295.999987286066
46.0838403200267,0.400904688213611,295.999987286066
46.1288440703392,0.400901133027528,295.999987286066
46.1738478206517,0.400894481519259,295.999987286066
46.2188515709642,0.400885859204859,295.999987286066
46.2638553212768,0.400876537364212,295.999987286066
46.3088590715893,0.400867758910617,295.999987286066
46.3538628219018,0.400860583847568,295.999987286066
46.3988665722144,0.400855772052132,295.999987286066
46.4438703225269,0.40085371477545,295.999987286066
46.4888740728394,0.400854419044501,295.999987286066
46.5338778231519,0.400857542077017,295.999987286066
46.5788815734645,0.400862466762591,295.999987286066
46.623885323777,0.400868404893906,295.999987286066
46.6688890740895,0.400874512546114,295.999987286066
46.713892824402,0.40088000190018,295.999987286066
46.7588965747146,0.400884235698131,295.999987286066
46.8039003250271,0.400886793983664,295.999987286066
46.8489040753396,0.400887507235501,295.999987286066
46.8939078256521,0.400886454791885,295.999987286066
46.9389115759647,0.400883931954425,295.999987286066
46.9839153262772,0.400880392808107,295.999987286066
47.0289190765897,0.400876378218491,295.999987286066
47.0739228269022,0.400872439471618,295.999987286066
47.1189265772148,0.400869067612252,295.999987286066
47.1639303275273,0.400866636891284,295.999987286066
47.2089340778398,0.400865368176402,295.999987286066
47.2539378281523,0.400865315118313,295.999987286066
47.2989415784649,0.400866372730983,295.999987286066
47.3439453287774,0.400868305241452,295.999987286066
47.3889490790899,0.400870787917714,295.999987286066
47.4339528294025,0.400873456301318,295.999987286066
47.478956579715,0.400875955939614,295.999987286066
47.5239603300275,0.400877986283385,295.999987286066
47.56896408034,0.400879333735579,295.999987286066
47.6139678306526,0.400879890669323,295.999987286066
47.6589715809651,0.400879659299626,295.999987286066
47.7039753312776,0.40087874131085,295.999987286066
47.7489790815901,0.400877315860511,295.999987286066
47.7939828319027,0.400875609808229,295.999987286066
47.8389865822152,0.400873864648726,295.999987286066
47.8839903325277,0.400872304632606,295.999987286066
47.9289940828402,0.400871109996563,295.999987286066
47.9739978331528,0.400870398218389,295.999987286066
48.0190015834653,0.400862469830455,295.999987286066
48.0640053337778,0.398460073374058,295.999987286064
48.1090090840903,0.391447794314733,295.999987286001
48.1540128344029,0.380425954676473,295.999987285759
48.1990165847154,0.366459395715435,295.999987285254
48.2440203350279,0.350901600900203,295.999987284499
48.2890240853404,0.335194612257501,295.999987283601
48.334027835653,0.320675301722556,295.999987282722
48.3790315859655,0.308412813983749,295.999987282005
48.424035336278,0.299095559585837,295.999987281528
48.4690390865905,0.292977861871313,295.999987281284
48.5140428369031,0.289887558358902,295.999987281204
48.5590465872156,0.289287764083192,295.999987281197
48.6040503375281,0.290379624070548,295.999987281196
48.6490540878407,0.292228874130084,295.999987281174
48.6940578381532,0.293897663414347,295.999987281142
48.7390615884657,0.294564261387966,295.999987281131
48.7840653387782,0.293616551946775,295.999987281163
48.8290690890908,0.290709961500298,295.999987281238
48.8740728394033,0.285785915574387,295.999987281333
48.9190765897158,0.279052305780779,295.999987281417
48.9640803400283,0.270932103778457,295.999987281465
49.0090840903409,0.261989673703658,295.999987281467
49.0540878406534,0.252846210422128,295.999987281435
49.0990915909659,0.244095990615245,295.99998728139
49.1440953412784,0.236233897073067,295.999987281356
49.189099091591,0.229602263044767,295.999987281347
49.2341028419035,0.224361898264005,295.999987281365
49.279106592216,0.220488670394331,295.999987281401
49.3241103425285,0.217793686062098,295.999987281444
49.3691140928411,0.215962342094141,295.999987281485
49.4141178431536,0.214605592231134,295.999987281524
49.4591215934661,0.21331585818226,295.999987281571
49.5041253437786,0.211720127948558,295.999987281635
49.5491290940912,0.209523820929039,295.999987281728
49.5941328444037,0.206540745690615,295.999987281855
49.6391365947162,0.2027066503074,295.999987282013
49.6841403450288,0.198076156358649,295.999987282194
49.7291440953413,0.192804978257962,295.999987282389
49.7741478456538,0.187121010638327,295.999987282589
49.8191515959663,0.181288944941748,295.999987282786
49.8641553462789,0.175573470107083,295.999987282976
49.9091590965914,0.170205832781784,295.999987283157
49.9541628469039,0.165357675244494,295.999987283328
49.9991665972164,0.161124794242011,295.999987283488
50.044170347529,0.157521964341709,295.999987283635
50.0891740978415,0.154490558648971,295.999987283765
50.134177848154,0.151948433327711,295.999987283872
50.1791815984665,0.149840283746187,295.999987283957
50.2241853487791,0.148132339538685,295.999987284022
50.2691890990916,0.146790765781846,295.999987284071
50.3141928494041,0.145759142758036,295.99998728411
50.3591965997166,0.144944517607278,295.999987284142
50.4042003500292,0.144217309675619,295.999987284174
50.4492041003417,0.143425404990399,295.999987284214
50.4942078506542,0.142418486955063,295.999987284268
50.5392116009667,0.141075991566688,295.999987284344
50.5842153512793,0.139331451607986,295.999987284443
50.6292191015918,0.13718725711953,295.999987284565
50.6742228519043,0.134716442959432,295.999987284701
50.7192266022168,0.13205123849332,295.999987284841
50.7642303525294,0.129360998892254,295.999987284979
50.8092341028419,0.126824174594576,295.999987285104
50.8542378531544,0.124599834326027,295.999987285213
50.899241603467,0.122803908192233,295.999987285301
50.9442453537795,0.121493988329923,295.999987285366
50.989249104092,0.120664609312302,295.999987285407
51.0342528544045,0.120252880163362,295.999987285428
51.0792566047171,0.120152562123174,295.999987285432
51.1242603550296,0.120233471976823,295.999987285426
51.1692641053421,0.120362577444692,295.999987285418
51.2142678556546,0.120423324258636,295.999987285415
51.2592716059672,0.120330457759284,295.999987285423
51.3042753562797,0.120038664798513,295.999987285445
51.3492791065922,0.11954453232994,295.999987285481
51.3942828569047,0.118882389060307,295.999987285527
51.4392866072173,0.11811541317099,295.99998728558
51.4842903575298,0.11732387003347,295.999987285634
51.5292941078423,0.116592476118544,295.999987285683
51.5742978581548,0.115998712671763,295.999987285722
51.6193016084674,0.115603516015716,295.999987285747
51.6643053587799,0.115445247429715,295.999987285755
51.7093091090924,0.115537288926461,295.999987285746
51.7543128594049,0.115869100741365,295.999987285719
51.7993166097175,0.116410167885406,295.999987285676
51.84432036003,0.117115987908976,295.999987285621
51.8893241103425,0.117935118884698,295.999987285556
51.9343278606551,0.118816306556094,295.999987285486
51.9793316109676,0.119714821268128,295.999987285415
52.0243353612801,0.120597330052005,295.999987285344
52.0693391115926,0.121444875311516,295.999987285276
52.1143428619052,0.122253797182816,295.99998728521
52.1593466122177,0.123034692343234,295.999987285146
52.2043503625302,0.12380972239868,295.999987285081
52.2493541128427,0.124608750050143,295.999987285014
52.2943578631553,0.125464877792729,295.999987284941
52.3393616134678,0.126409986336082,295.99998728486
52.3843653637803,0.127470820679921,295.999987284768
52.4293691140928,0.128666061001865,295.999987284663
52.4743728644054,0.130004659978802,295.999987284545
52.5193766147179,0.131485549218505,295.999987284413
52.5643803650304,0.133098638445302,295.999987284269
52.6093841153429,0.13482687426087,295.999987284113
52.6543878656555,0.13664900914322,295.999987283947
52.699391615968,0.138542668126759,295.999987283773
52.7443953662805,0.140487295040963,295.999987283594
52.7893991165931,0.142466609106318,295.99998728341
52.8344028669056,0.144470295882909,295.999987283223
52.8794066172181,0.146494778576233,295.999987283032
52.9244103675306,0.148543048243488,295.999987282838
52.9694141178432,0.150623656129237,295.99998728264
53.0144178681557,0.152749072232011,295.999987282436
53.0594216184682,0.154933679757605,295.999987282225
53.1044253687807,0.157191699525331,295.999987282006
53.1494291190933,0.159535321872619,295.999987281777
53.1944328694058,0.161973271853703,295.999987281537
53.2394366197183,0.164509956503601,295.999987281287
53.2844403700308,0.167145253116308,295.999987281024
53.3294441203434,0.169874907936483,295.999987280751
53.3744478706559,0.172691437248573,295.999987280468
53.4194516209684,0.175585366714293,295.999987280176
53.4644553712809,0.178546615439648,295.999987279875
53.5094591215935,0.181565830052306,295.999987279567
53.554462871906,0.184635498595926,295.999987279252
53.5994666222185,0.187750718674464,295.999987278931
53.644470372531,0.190909551264602,295.999987278604
53.6894741228436,0.194112952318059,295.999987278271
53.7344778731561,0.197364330376418,295.999987277931
53.7794816234686,0.200668822991202,295.999987277585
53.8244853737812,0.204032413005734,295.999987277231
53.8694891240937,0.207461015529179,295.999987276869
53.9144928744062,0.210959658142697,295.999987276498
53.9594966247187,0.214531853286785,295.999987276118
54.0045003750313,0.218179227384882,295.999987275729
54.0495041253438,0.221901431561924,295.99998727533
54.0945078756563,0.225696319510746,295.999987274922
54.1395116259688,0.229560344258794,295.999987274506
54.1845153762814,0.233489101230741,295.999987274081
54.2295191265939,0.237477932425121,295.999987273648
54.2745228769064,0.24152250631473,295.999987273208
54.3195266272189,0.24561929914126,295.999987272762
54.3645303775315,0.249765923136438,295.999987272309
54.409534127844,0.253961272446087,295.999987271849
54.4545378781565,0.258205484343326,295.999987271383
54.499541628469,0.262499738010239,295.999987270911
54.5445453787816,0.266845932660134,295.999987270432
54.5895491290941,0.271246298954658,295.999987269946
54.6345528794066,0.275703001576921,295.999987269454
54.6795566297191,0.280217786681739,295.999987268954
54.7245603800317,0.284791717025985,295.999987268447
54.7695641303442,0.289425021953654,295.999987267932
54.8145678806567,0.294117071577557,295.999987267411
54.8595716309692,0.298866467040634,295.999987266883
54.9045753812818,0.303671223961318,295.999987266348
54.9495791315943,0.308529015798371,295.999987265807
54.9945828819068,0.313437438910777,295.99998726526
55.0395866322194,0.318394261708914,295.999987264707
55.0845903825319,0.323397625912728,295.99998726415
55.1295941328444,0.328446177335176,295.999987263587
55.1745978831569,0.333539115194233,295.999987263019
55.2196016334695,0.338676160958039,295.999987262446
55.264605383782,0.343857458492005,295.999987261869
55.3096091340945,0.349083425461387,295.999987261288
55.354612884407,0.354354580674228,295.999987260701
55.3996166347196,0.359671373006117,295.999987260111
55.4446203850321,0.365034034939285,295.999987259515
55.4896241353446,0.370442478260975,295.999987258915
55.5346278856571,0.375896242100644,295.999987258311
55.5796316359697,0.381394495421312,295.999987257704
55.6246353862822,0.386936088476533,295.999987257092
55.6696391365947,0.392519641591633,295.999987256477
55.7146428869072,0.398143655637059,295.999987255859
55.7596466372198,0.403806627072021,295.999987255238
55.8046503875323,0.409507151425693,295.999987254614
55.8496541378448,0.415244002184386,295.999987253989
55.8946578881573,0.421016176649985,295.999987253361
55.9396616384699,0.426822905654507,295.999987252731
55.9846653887824,0.432663629267267,295.9999872521
56.0296691390949,0.438537945096288,295.999987251467
56.0746728894075,0.444445538924759,295.999987250833
56.11967663972,0.450386108929816,295.999987250197
56.1646803900325,0.456359294544956,295.999987249561
56.209684140345,0.46236461933714,295.999987248924
56.2546878906576,0.46840145444362,295.999987248287
56.2996916409701,0.474469005652466,295.99998724765
56.3446953912826,0.480566323647918,295.999987247012
56.3896991415951,0.486692333783699,295.999987246375
56.4347028919077,0.492845879390602,295.999987245738
56.4797066422202,0.499025771322535,295.999987245102
56.5247103925327,0.505230836279835,295.999987244467
56.5697141428452,0.51145995733418,295.999987243834
56.6147178931578,0.51771210179595,295.999987243202
56.6597216434703,0.523986333794475,295.999987242572
56.7047253937828,0.530281811325073,295.999987241944
56.7497291440953,0.536597769706961,295.999987241319
56.7947328944079,0.542933495105477,295.999987240696
56.8397366447204,0.549288292807913,295.999987240076
56.8847403950329,0.55566145522214,295.999987239459
56.9297441453454,0.562052234125054,295.999987238845
56.974747895658,0.56845982065298,295.999987238235
57.0197516459705,0.574883335101322,295.999987237628
57.064755396283,0.581321827022221,295.999987237026
57.1097591465956,0.587774284614728,295.999987236427
57.1547628969081,0.594239651192512,295.999987235833
57.1997666472206,0.600716845734457,295.999987235244
57.2447703975331,0.607204784240691,295.99998723466
57.2897741478457,0.613702398824313,295.99998723408
57.3347778981582,0.620208652090115,295.999987233507
57.3797816484707,0.626722545257807,295.999987232939
57.4247853987832,0.633243119525025,295.999987232376
57.4697891490958,0.639769451170771,295.99998723182
57.5147928994083,0.646300641740115,295.99998723127
57.5597966497208,0.652835805214531,295.999987230726
57.6048004000333,0.65937405431344,295.999987230189
57.6498041503459,0.665914487983596,295.999987229659
57.6948079006584,0.672456181759634,295.999987229135
57.7398116509709,0.678998182105318,295.999987228619
57.7848154012834,0.685539505165824,295.99998722811
57.829819151596,0.692079139692114,295.999987227608
57.8748229019085,0.698616053324698,295.999987227114
57.919826652221,0.705149201028275,295.999987226627
57.9648304025335,0.71167753428013,295.999987226149
58.0098341528461,0.718200009648491,295.999987225679
58.0548379031586,0.724715595620846,295.999987225216
58.0998416534711,0.731223276907185,295.999987224762
58.1448454037836,0.737722055884113,295.999987224316
58.1898491540962,0.744210951288534,295.999987223879
58.2348529044087,0.75068899465472,295.999987223451
58.2798566547212,0.757155225262875,295.999987223031
58.3248604050338,0.76360868450347,295.999987222619
58.3698641553463,0.770048410556144,295.999987222217
58.4148679056588,0.776473434143079,295.999987221823
58.4598716559713,0.782882775888532,295.999987221439
58.5048754062839,0.78927544552764,295.999987221063
58.5498791565964,0.795650442919036,295.999987220696
58.5948829069089,0.802006760558642,295.999987220339
58.6398866572214,0.808343387106868,295.99998721999
58.684890407534,0.814659311345031,295.99998721965
58.7298941578465,0.820953525974751,295.99998721932
58.774897908159,0.827225030756844,295.999987218998
58.8199016584715,0.833472834633984,295.999987218686
58.8649054087841,0.839695956665197,295.999987218382
58.9099091590966,0.845893425790469,295.999987218088
58.9549129094091,0.852064279612388,295.999987217803
58.9999166597216,0.858207562503693,295.999987217526
59.0449204100342,0.86432232341892,295.999987217259
59.0899241603467,0.870407613789002,295.999987217
59.1349279106592,0.876462485829775,295.99998721675
59.1799316609717,0.882485991499849,295.999987216508
59.2249354112843,0.888477182224944,295.999987216275
59.2699391615968,0.89443510938266,295.999987216051
59.3149429119093,0.900358825432765,295.999987215835
59.3599466622219,0.906247385494672,295.999987215627
59.4049504125344,0.91209984913173,295.999987215427
59.4499541628469,0.917915282096319,295.999987215236
59.4949579131594,0.923692757821196,295.999987215052
59.539961663472,0.929431358503638,295.999987214877
59.5849654137845,0.935130175703642,295.999987214708
59.629969164097,0.940788310458159,295.999987214548
59.6749729144095,0.946404872982877,295.999987214394
59.7199766647221,0.951978982087903,295.999987214248
59.7649804150346,0.957509764461272,295.999987214109
59.8099841653471,0.962996353978909,295.999987213977
59.8549879156596,0.96843789117924,295.999987213851
59.8999916659722,0.973833523002192,295.999987213732
59.9449954162847,0.979182402845171,295.99998721362
59.9899991665972,0.984483690935769,295.999987213513
