data1,data2,data3,data4,data5,data6,data7
0,1,0.600000029077826,0.200000043440721,-0.199999957364227,-0.599999972526379,-1
0.0100016669444907,1,0.600000028523679,0.200000042582815,-0.199999958237091,-0.599999973109854,-1
0.0200033338889815,1,0.600000027169241,0.200000040541275,-0.199999960259393,-0.59999997442565,-1
0.0300050008334722,1,0.600000027033957,0.200000040314242,-0.199999960507824,-0.599999974603175,-1
0.040006667777963,1,0.6000000356637,0.200000053275946,-0.19999994771538,-0.599999966311739,-1
0.0500083347224537,1,0.600000046154417,0.200000069033768,-0.199999932162377,-0.599999956230409,-1
0.0600100016669445,1,0.600000051777116,0.200000077483271,-0.199999923818907,-0.599999950819687,-1
0.0700116686114352,1,0.600000052739361,0.200000078934028,-0.199999922381631,-0.599999949884443,-1
0.080013335555926,1,0.600000051646743,0.200000077298311,-0.199999923990635,-0.599999950923721,-1
0.0900150025004167,1,0.600000050514274,0.200000075602505,-0.199999925659176,-0.599999952001745,-1
0.100016669444907,1,0.600000050006941,0.200000074845636,-0.199999926401045,-0.599999952479148,-1
0.110018336389398,1,0.600000049979873,0.200000074810239,-0.199999926430742,-0.599999952494874,-1
0.120020003333889,1,0.600000050134434,0.200000075047746,-0.199999926190995,-0.599999952335892,-1
0.13002167027838,1,0.600000050299353,0.200000075300856,-0.199999925935807,-0.599999952166872,-1
0.14002333722287,1,0.600000050431823,0.20000007550524,-0.199999925728693,-0.599999952029002,-1
0.150025004167361,1,0.600000050543713,0.200000075678729,-0.199999925552058,-0.599999951910877,-1
0.160026671111852,1,0.600000050653633,0.200000075849285,-0.19999992537829,-0.599999951794593,-1
0.170028338056343,1,0.600000050772997,0.200000076034065,-0.199999925190446,-0.599999951669159,-1
0.180030005000833,1,0.600000050907117,0.200000076241055,-0.199999924980634,-0.599999951529455,-1
0.190031671945324,1,0.600000051058523,0.200000076474065,-0.199999924745085,-0.599999951373033,-1
0.200033338889815,1,0.600000051228865,0.200000076735581,-0.199999924481341,-0.599999951198292,-1
0.210035005834306,1,0.60000005141958,0.200000077027766,-0.199999924187256,-0.599999951003839,-1
0.220036672778796,1,0.600000051632032,0.20000007735268,-0.199999923860792,-0.599999950788347,-1
0.230038339723287,1,0.600000051867516,0.200000077712274,-0.199999923500012,-0.599999950550554,-1
0.240040006667778,1,0.60000005212724,0.200000078108375,-0.199999923103107,-0.599999950289282,-1
0.250041673612269,1,0.600000052412328,0.200000078542675,-0.199999922668397,-0.599999950003436,-1
0.260043340556759,1,0.600000052723829,0.200000079016762,-0.199999922194306,-0.599999949691989,-1
0.27004500750125,1,0.600000053062749,0.200000079532157,-0.199999921679321,-0.599999949353954,-1
0.280046674445741,1,0.600000053430088,0.200000080090372,-0.199999921121942,-0.599999948988351,-1
0.290048341390232,1,0.600000053826868,0.200000080692953,-0.19999992052063,-0.599999948594174,-1
0.300050008334722,1,0.600000054254151,0.200000081341507,-0.199999919873788,-0.599999948170382,-1
0.310051675279213,1,0.600000054713024,0.200000082037679,-0.19999991917978,-0.599999947715905,-1
0.320053342223704,1,0.600000055204543,0.200000082783068,-0.199999918437017,-0.599999947229706,-1
0.330055009168195,1,0.600000055729616,0.20000008357905,-0.199999917644126,-0.599999946710885,-1
0.340056676112685,1,0.600000056288823,0.20000008442651,-0.199999916800223,-0.599999946158863,-1
0.350058343057176,1,0.60000005688216,0.200000085325448,-0.199999915905297,-0.599999945573624,-1
0.360060010001667,1,0.600000057508701,0.200000086274483,-0.199999914960706,-0.599999944956045,-1
0.370061676946158,1,0.600000058166198,0.20000008727024,-0.199999913969779,-0.599999944308283,-1
0.380063343890648,1,0.600000058850621,0.200000088306659,-0.1999999129385,-0.59999994363422,-1
0.390065010835139,1,0.600000059555669,0.200000089374264,-0.199999911876237,-0.599999942939937,-1
0.40006667777963,1,0.60000006027229,0.200000090459431,-0.199999910796463,-0.599999942234183,-1
0.410068344724121,1,0.600000060988246,0.200000091543739,-0.199999909717397,-0.599999941528796,-1
0.420070011668611,1,0.600000061687788,0.200000092603477,-0.199999908662499,-0.599999940839018,-1
0.430071678613102,1,0.600000062351514,0.200000093609426,-0.199999907660682,-0.599999940183639,-1
0.440073345557593,1,0.600000062956532,0.200000094527108,-0.199999906746068,-0.599999939584843,-1
0.450075012502084,1,0.600000063477122,0.200000095317772,-0.199999905957019,-0.59999993906757,-1
0.460076679446574,1,0.600000063886133,0.200000095940505,-0.199999905334048,-0.599999938658168,-1
0.470078346391065,1,0.600000064157346,0.200000096355784,-0.199999904916305,-0.599999938382108,-1
0.480080013335556,1,0.600000064268824,0.200000096530522,-0.199999904736579,-0.599999938260734,-1
0.490081680280047,1,0.600000064206885,0.200000096444056,-0.199999904815377,-0.599999938307412,-1
0.500083347224537,1,0.600000063969831,0.200000096093772,-0.199999905155344,-0.599999938523901,-1
0.510085014169028,1,0.600000063570249,0.200000095498574,-0.19999990573782,-0.599999938898106,-1
0.520086681113519,1,0.600000063034828,0.200000094698622,-0.199999906523101,-0.599999939404244,-1
0.53008834805801,1,0.600000062401322,0.200000093750759,-0.199999907454946,-0.599999940005772,-1
0.5400900150025,1,0.600000061713255,0.200000092720543,-0.199999908468473,-0.59999994066051,-1
0.550091681946991,1,0.600000061013748,0.200000091672939,-0.199999909499362,-0.599999941326639,-1
0.560093348891482,1,0.600000060340047,0.200000090664082,-0.199999910492024,-0.599999941968,-1
0.570095015835973,1,0.600000059719936,0.200000089735855,-0.199999911404969,-0.599999942557599,-1
0.580096682780463,1,0.600000059170436,0.200000088913937,-0.199999912212745,-0.599999943078865,-1
0.590098349724954,1,0.600000058698547,0.200000088208899,-0.199999912904857,-0.599999943524956,-1
0.600100016669445,1,0.600000058303294,0.200000087619299,-0.19999991348271,-0.599999943896768,-1
0.610101683613936,1,0.600000057978335,0.200000087135597,-0.19999991395573,-0.599999944200421,-1
0.620103350558426,1,0.600000057714459,0.200000086743929,-0.199999914337632,-0.599999944444824,-1
0.630105017502917,1,0.600000057501598,0.200000086429131,-0.199999914643422,-0.599999944639728,-1
0.640106684447408,1,0.600000057330188,0.200000086176798,-0.199999914887357,-0.599999944794404,-1
0.650108351391899,1,0.600000057191915,0.200000085974405,-0.199999915081836,-0.599999944916912,-1
0.660110018336389,1,0.600000057079973,0.200000085811698,-0.199999915237012,-0.599999945013856,-1
0.67011168528088,1,0.600000056989012,0.200000085680615,-0.199999915360866,-0.599999945090423,-1
0.680113352225371,1,0.600000056914923,0.200000085574964,-0.199999915459532,-0.599999945150604,-1
0.690115019169862,1,0.600000056854573,0.200000085490024,-0.199999915537679,-0.599999945197435,-1
0.700116686114352,1,0.600000056805565,0.200000085422184,-0.199999915598886,-0.599999945233244,-1
0.710118353058843,1,0.600000056766036,0.200000085368637,-0.199999915645932,-0.599999945259837,-1
0.720120020003334,1,0.600000056734511,0.20000008532716,-0.199999915681017,-0.599999945278645,-1
0.730121686947825,1,0.600000056709798,0.200000085295957,-0.199999915705921,-0.599999945290825,-1
0.740123353892315,1,0.600000056690914,0.200000085273548,-0.199999915722107,-0.599999945297332,-1
0.750125020836806,1,0.600000056677042,0.200000085258698,-0.1999999157308,-0.599999945298958,-1
0.760126687781297,1,0.600000056667489,0.200000085250369,-0.199999915733028,-0.599999945296373,-1
0.770128354725788,1,0.600000056661675,0.200000085247681,-0.19999991572966,-0.599999945290144,-1
0.780130021670278,1,0.600000056659108,0.200000085249895,-0.19999991572143,-0.599999945280746,-1
0.790131688614769,1,0.600000056659379,0.200000085256394,-0.199999915708948,-0.599999945268578,-1
0.80013335555926,1,0.60000005666215,0.200000085266669,-0.199999915692717,-0.599999945253965,-1
0.810135022503751,1,0.600000056667153,0.200000085280317,-0.199999915673139,-0.59999994523717,-1
0.820136689448241,1,0.600000056674183,0.200000085297027,-0.199999915650519,-0.599999945218391,-1
0.830138356392732,1,0.600000056683092,0.20000008531658,-0.199999915625076,-0.599999945197769,-1
0.840140023337223,1,0.600000056693793,0.200000085338842,-0.19999991559694,-0.59999994517539,-1
0.850141690281714,1,0.600000056706246,0.200000085363754,-0.19999991556617,-0.59999994515129,-1
0.860143357226204,1,0.600000056720462,0.200000085391334,-0.199999915532748,-0.599999945125459,-1
0.870145024170695,1,0.600000056736492,0.20000008542166,-0.199999915496594,-0.599999945097843,-1
0.880146691115186,1,0.600000056754427,0.200000085454868,-0.199999915457574,-0.599999945068354,-1
0.890148358059677,1,0.600000056774383,0.200000085491137,-0.19999991541551,-0.599999945036877,-1
0.900150025004167,1,0.600000056796498,0.200000085530675,-0.199999915370193,-0.599999945003274,-1
0.910151691948658,1,0.60000005682092,0.200000085573705,-0.1999999153214,-0.599999944967399,-1
0.920153358893149,1,0.600000056847795,0.200000085620451,-0.199999915268912,-0.599999944929109,-1
0.93015502583764,1,0.600000056877254,0.20000008567111,-0.199999915212528,-0.599999944888271,-1
0.94015669278213,1,0.600000056909401,0.200000085725841,-0.199999915152092,-0.599999944844785,-1
0.950158359726621,1,0.600000056944294,0.200000085784732,-0.199999915087513,-0.599999944798589,-1
0.960160026671112,1,0.600000056981934,0.200000085847786,-0.199999915018789,-0.599999944749682,-1
0.970161693615603,1,0.600000057022245,0.20000008591489,-0.199999914946032,-0.599999944698135,-1
0.980163360560093,1,0.600000057065063,0.200000085985795,-0.199999914869486,-0.599999944644109,-1
0.990165027504584,1,0.600000057110119,0.200000086060097,-0.199999914789552,-0.599999944587863,-1
1.00016669444907,1,0.600000057157034,0.200000086137223,-0.199999914706801,-0.59999994452977,-1
1.01016836139357,1,0.600000057205307,0.200000086216416,-0.199999914621981,-0.599999944470318,-1
1.02017002833806,1,0.600000057254317,0.200000086296737,-0.199999914536026,-0.599999944410116,-1
1.03017169528255,1,0.600000057303329,0.200000086377077,-0.199999914450039,-0.599999944349883,-1
1.04017336222704,1,0.600000057351509,0.200000086456171,-0.199999914365275,-0.599999944290439,-1
1.05017502917153,1,0.600000057397943,0.200000086532641,-0.199999914283105,-0.599999944232679,-1
1.06017669611602,1,0.600000057441675,0.200000086605036,-0.199999914204972,-0.599999944177545,-1
1.07017836306051,1,0.600000057481741,0.200000086671899,-0.199999914132324,-0.599999944125984,-1
1.080180030005,1,0.60000005751722,0.200000086731835,-0.19999991406655,-0.599999944078903,-1
1.09018169694949,1,0.600000057547286,0.200000086783594,-0.199999914008894,-0.599999944037116,-1
1.10018336389398,1,0.600000057571259,0.200000086826143,-0.199999913960385,-0.599999944001295,-1
1.11018503083847,1,0.600000057588653,0.200000086858747,-0.199999913921755,-0.599999943971922,-1
1.12018669778296,1,0.600000057599218,0.200000086881023,-0.199999913893387,-0.599999943949246,-1
1.13018836472745,1,0.600000057602965,0.200000086892986,-0.19999991387527,-0.599999943933262,-1
1.14019003167195,1,0.600000057600174,0.200000086895058,-0.199999913866987,-0.5999999439237,-1
1.15019169861644,1,0.600000057591386,0.200000086888055,-0.199999913867726,-0.599999943920031,-1
1.16019336556093,1,0.600000057577375,0.200000086873146,-0.199999913876328,-0.599999943921498,-1
1.17019503250542,1,0.600000057559098,0.200000086851779,-0.199999913891355,-0.599999943927165,-1
1.18019669944991,1,0.600000057537637,0.200000086825592,-0.19999991391118,-0.599999943935967,-1
1.1901983663944,1,0.600000057514136,0.200000086796311,-0.199999913934083,-0.599999943946783,-1
1.20020003333889,1,0.600000057489727,0.200000086765653,-0.199999913958361,-0.599999943958499,-1
1.21020170028338,1,0.600000057465472,0.200000086735225,-0.199999913982414,-0.599999943970071,-1
1.22020336722787,1,0.600000057442311,0.200000086706448,-0.199999914004827,-0.599999943980573,-1
1.23020503417236,1,0.600000057421021,0.200000086680503,-0.199999914024426,-0.599999943989238,-1
1.24020670111685,1,0.600000057402198,0.20000008665829,-0.199999914040314,-0.599999943995479,-1
1.25020836806134,1,0.600000057386246,0.200000086640422,-0.199999914051879,-0.599999943998896,-1
1.26021003500583,1,0.600000057373383,0.200000086627233,-0.199999914058789,-0.599999943999271,-1
1.27021170195032,1,0.60000005736366,0.200000086618799,-0.199999914060968,-0.599999943996553,-1
1.28021336889482,1,0.60000005735698,0.200000086614976,-0.199999914058558,-0.599999943990834,-1
1.29021503583931,1,0.600000057353131,0.200000086615439,-0.199999914051879,-0.599999943982323,-1
1.3002167027838,1,0.600000057351806,0.20000008661973,-0.199999914041389,-0.599999943971321,-1
1.31021836972829,1,0.600000057352639,0.200000086627291,-0.199999914027642,-0.599999943958186,-1
1.32022003667278,1,0.600000057355221,0.200000086637505,-0.19999991401125,-0.599999943943321,-1
1.33022170361727,1,0.600000057359125,0.200000086649727,-0.199999913992858,-0.599999943927145,-1
1.34022337056176,1,0.600000057363923,0.200000086663304,-0.199999913973111,-0.599999943910082,-1
1.35022503750625,1,0.600000057369194,0.200000086677602,-0.199999913952645,-0.599999943892546,-1
1.36022670445074,1,0.600000057374535,0.20000008669201,-0.199999913932066,-0.599999943874933,-1
1.37022837139523,1,0.60000005737957,0.200000086705957,-0.199999913911943,-0.599999943857617,-1
1.38023003833972,1,0.600000057383948,0.20000008671891,-0.199999913892807,-0.599999943840945,-1
1.39023170528421,1,0.600000057387347,0.200000086730383,-0.199999913875142,-0.599999943825234,-1
1.4002333722287,1,0.600000057389478,0.200000086739935,-0.199999913859388,-0.599999943810771,-1
1.4102350391732,1,0.600000057390079,0.200000086747171,-0.199999913845939,-0.599999943797815,-1
1.42023670611769,1,0.600000057388919,0.200000086751739,-0.199999913835147,-0.599999943786597,-1
1.43023837306218,1,0.600000057385795,0.20000008675333,-0.199999913827319,-0.599999943777317,-1
1.44024004000667,1,0.600000057380533,0.20000008675168,-0.19999991382272,-0.599999943770151,-1
1.45024170695116,1,0.600000057372983,0.200000086746561,-0.199999913821576,-0.599999943765245,-1
1.46024337389565,1,0.600000057363026,0.20000008673779,-0.199999913824072,-0.599999943762723,-1
1.47024504084014,1,0.600000057350565,0.200000086725221,-0.199999913830353,-0.599999943762678,-1
1.48024670778463,1,0.600000057335531,0.200000086708748,-0.199999913840527,-0.599999943765183,-1
1.49024837472912,1,0.60000005731788,0.200000086688304,-0.199999913854661,-0.599999943770282,-1
1.50025004167361,1,0.600000057297593,0.20000008666386,-0.199999913872785,-0.599999943777995,-1
1.5102517086181,1,0.600000057274678,0.200000086635425,-0.19999991389489,-0.599999943788317,-1
1.52025337556259,1,0.600000057249168,0.200000086603048,-0.199999913920928,-0.599999943801217,-1
1.53025504250708,1,0.600000057221118,0.200000086566814,-0.199999913950816,-0.59999994381664,-1
1.54025670945158,1,0.600000057190612,0.200000086526848,-0.199999913984429,-0.599999943834508,-1
1.55025837639607,1,0.600000057157755,0.20000008648331,-0.199999914021609,-0.599999943854715,-1
1.56026004334056,1,0.600000057122677,0.200000086436396,-0.199999914062161,-0.599999943877134,-1
1.57026171028505,1,0.600000057085533,0.200000086386339,-0.199999914105853,-0.599999943901614,-1
1.58026337722954,1,0.600000057046497,0.200000086333403,-0.199999914152423,-0.599999943927984,-1
1.59026504417403,1,0.600000057005764,0.200000086277887,-0.199999914201573,-0.599999943956049,-1
1.60026671111852,1,0.60000005696355,0.200000086220114,-0.199999914252981,-0.599999943985597,-1
1.61026837806301,1,0.600000056920088,0.200000086160441,-0.199999914306292,-0.599999944016398,-1
1.6202700450075,1,0.600000056875627,0.200000086099241,-0.199999914361133,-0.599999944048206,-1
1.63027171195199,1,0.600000056830428,0.200000086036915,-0.199999914417106,-0.599999944080761,-1
1.64027337889648,1,0.600000056784765,0.200000085973876,-0.199999914473797,-0.599999944113792,-1
1.65027504584097,1,0.600000056738921,0.200000085910554,-0.199999914530778,-0.599999944147018,-1
1.66027671278546,1,0.600000056693183,0.200000085847386,-0.199999914587613,-0.599999944180152,-1
1.67027837972995,1,0.600000056647843,0.200000085784815,-0.199999914643859,-0.599999944212906,-1
1.68028004667445,1,0.600000056603192,0.200000085723284,-0.199999914699075,-0.599999944244988,-1
1.69028171361894,1,0.600000056559519,0.200000085663231,-0.199999914752822,-0.599999944276112,-1
1.70028338056343,1,0.600000056517107,0.200000085605087,-0.199999914804669,-0.599999944305995,-1
1.71028504750792,1,0.60000005647623,0.200000085549269,-0.199999914854202,-0.599999944334365,-1
1.72028671445241,1,0.600000056437149,0.200000085496173,-0.199999914901022,-0.599999944360958,-1
1.7302883813969,1,0.60000005640011,0.200000085446177,-0.199999914944752,-0.599999944385529,-1
1.74029004834139,1,0.600000056365343,0.200000085399628,-0.199999914985045,-0.599999944407848,-1
1.75029171528588,1,0.600000056333056,0.200000085356843,-0.199999915021584,-0.599999944427707,-1
1.76029338223037,1,0.600000056303433,0.200000085318104,-0.199999915054085,-0.599999944444921,-1
1.77029504917486,1,0.600000056276635,0.200000085283655,-0.199999915082305,-0.599999944459327,-1
1.78029671611935,1,0.600000056252795,0.2000000852537,-0.199999915106039,-0.599999944470792,-1
1.79029838306384,1,0.600000056232014,0.200000085228395,-0.199999915125129,-0.59999994447921,-1
1.80030005000833,1,0.600000056214369,0.200000085207855,-0.199999915139461,-0.599999944484507,-1
1.81030171695283,1,0.6000000561999,0.200000085192146,-0.199999915148967,-0.599999944486636,-1
1.82030338389732,1,0.60000005618862,0.200000085181285,-0.199999915153628,-0.599999944485586,-1
1.83030505084181,1,0.600000056180509,0.200000085175244,-0.199999915153472,-0.599999944481374,-1
1.8403067177863,1,0.600000056175515,0.200000085173946,-0.199999915148576,-0.599999944474048,-1
1.85030838473079,1,0.600000056173558,0.200000085177268,-0.199999915139059,-0.599999944463687,-1
1.86031005167528,1,0.600000056174527,0.200000085185044,-0.199999915125089,-0.599999944450402,-1
1.87031171861977,1,0.600000056178285,0.200000085197067,-0.199999915106871,-0.599999944434324,-1
1.88031338556426,1,0.600000056184668,0.200000085213087,-0.199999915084653,-0.599999944415618,-1
1.89031505250875,1,0.60000005619349,0.200000085232824,-0.199999915058715,-0.599999944394465,-1
1.90031671945324,1,0.600000056204546,0.200000085255963,-0.199999915029371,-0.599999944371073,-1
1.91031838639773,1,0.60000005621761,0.200000085282164,-0.19999991499696,-0.599999944345662,-1
1.92032005334222,1,0.600000056232445,0.200000085311064,-0.199999914961844,-0.599999944318471,-1
1.93032172028671,1,0.600000056248797,0.200000085342282,-0.199999914924405,-0.59999994428975,-1
1.94032338723121,1,0.60000005626641,0.200000085375424,-0.199999914885035,-0.599999944259756,-1
1.9503250541757,1,0.600000056285019,0.200000085410088,-0.199999914844137,-0.599999944228754,-1
1.96032672112019,1,0.600000056304357,0.200000085445869,-0.199999914802114,-0.599999944197009,-1
1.97032838806468,1,0.600000056324159,0.200000085482364,-0.199999914759371,-0.599999944164786,-1
1.98033005500917,1,0.600000056344164,0.200000085519176,-0.199999914716304,-0.599999944132345,-1
1.99033172195366,1,0.600000056364119,0.200000085555917,-0.199999914673302,-0.599999944099943,-1
2.00033338889815,1,0.600000056383776,0.200000085592213,-0.199999914630737,-0.599999944067824,-1
2.01033505584264,1,0.600000056402904,0.200000085627708,-0.199999914588967,-0.599999944036222,-1
2.02033672278713,1,0.600000056421281,0.200000085662067,-0.199999914548328,-0.59999994400536,-1
2.03033838973162,1,0.600000056438702,0.200000085694975,-0.199999914509135,-0.599999943975443,-1
2.04034005667611,1,0.600000056454977,0.200000085726145,-0.199999914471674,-0.599999943946662,-1
2.0503417236206,1,0.600000056469935,0.200000085755315,-0.19999991443621,-0.599999943919191,-1
2.06034339056509,1,0.600000056483422,0.200000085782248,-0.199999914402979,-0.599999943893184,-1
2.07034505750958,1,0.600000056495303,0.20000008580674,-0.199999914372188,-0.599999943868777,-1
2.08034672445408,1,0.60000005650546,0.20000008582861,-0.199999914344015,-0.59999994384609,-1
2.09034839139857,1,0.600000056513796,0.20000008584771,-0.199999914318613,-0.599999943825221,-1
2.10035005834306,1,0.600000056520229,0.200000085863915,-0.199999914296105,-0.599999943806254,-1
2.11035172528755,1,0.600000056524699,0.20000008587713,-0.199999914276586,-0.599999943789251,-1
2.12035339223204,1,0.600000056527159,0.200000085887286,-0.199999914260128,-0.59999994377426,-1
2.13035505917653,1,0.600000056527581,0.200000085894338,-0.199999914246777,-0.59999994376131,-1
2.14035672612102,1,0.600000056525952,0.200000085898264,-0.199999914236553,-0.599999943750417,-1
2.15035839306551,1,0.600000056522271,0.200000085899066,-0.199999914229458,-0.599999943741581,-1
2.16036006001,1,0.600000056516555,0.200000085896765,-0.199999914225469,-0.599999943734789,-1
2.17036172695449,1,0.60000005650883,0.200000085891402,-0.199999914224547,-0.599999943730014,-1
2.18036339389898,1,0.600000056499135,0.200000085883037,-0.199999914226633,-0.599999943727218,-1
2.19036506084347,1,0.600000056487521,0.200000085871743,-0.199999914231651,-0.599999943726354,-1
2.20036672778796,1,0.600000056474046,0.200000085857613,-0.199999914239514,-0.599999943727361,-1
2.21036839473246,1,0.600000056458779,0.200000085840747,-0.199999914250118,-0.599999943730173,-1
2.22037006167695,1,0.600000056441797,0.200000085821264,-0.199999914263346,-0.599999943734714,-1
2.23037172862144,1,0.600000056423182,0.20000008579929,-0.199999914279073,-0.599999943740901,-1
2.24037339556593,1,0.600000056403027,0.200000085774962,-0.19999991429716,-0.599999943748644,-1
2.25037506251042,1,0.600000056381424,0.200000085748425,-0.199999914317465,-0.599999943757848,-1
2.26037672945491,1,0.600000056358477,0.200000085719834,-0.199999914339831,-0.599999943768411,-1
2.2703783963994,1,0.60000005633429,0.200000085689348,-0.199999914364099,-0.599999943780229,-1
2.28038006334389,1,0.600000056308973,0.200000085657134,-0.199999914390103,-0.599999943793192,-1
2.29038173028838,1,0.600000056282639,0.200000085623365,-0.19999991441767,-0.599999943807187,-1
2.30038339723287,1,0.600000056255403,0.200000085588215,-0.199999914446625,-0.599999943822099,-1
2.31038506417736,1,0.600000056227383,0.200000085551865,-0.199999914476788,-0.599999943837809,-1
2.32038673112185,1,0.600000056198698,0.200000085514496,-0.199999914507975,-0.599999943854196,-1
2.33038839806634,1,0.60000005616947,0.200000085476293,-0.199999914540004,-0.599999943871141,-1
2.34039006501084,1,0.600000056139819,0.200000085437441,-0.199999914572688,-0.599999943888519,-1
2.35039173195533,1,0.600000056109869,0.200000085398127,-0.199999914605839,-0.599999943906209,-1
2.36039339889982,1,0.60000005607974,0.200000085358536,-0.199999914639273,-0.599999943924088,-1
2.37039506584431,1,0.600000056049554,0.200000085318854,-0.199999914672802,-0.599999943942032,-1
2.3803967327888,1,0.60000005601943,0.200000085279262,-0.199999914706245,-0.599999943959923,-1
2.39039839973329,1,0.600000055989486,0.200000085239941,-0.199999914739422,-0.59999994397764,-1
2.40040006667778,1,0.600000055959838,0.200000085201067,-0.199999914772153,-0.599999943995067,-1
2.41040173362227,1,0.600000055930598,0.200000085162813,-0.199999914804267,-0.599999944012089,-1
2.42040340056676,1,0.600000055901876,0.200000085125344,-0.199999914835596,-0.599999944028598,-1
2.43040506751125,1,0.600000055873775,0.200000085088821,-0.19999991486598,-0.599999944044485,-1
2.44040673445574,1,0.600000055846396,0.200000085053397,-0.199999914895265,-0.59999994405965,-1
2.45040840140023,1,0.600000055819833,0.200000085019217,-0.199999914923304,-0.599999944073996,-1
2.46041006834472,1,0.600000055794176,0.200000084986416,-0.199999914949962,-0.599999944087434,-1
2.47041173528921,1,0.600000055769505,0.200000084955121,-0.199999914975112,-0.599999944099878,-1
2.48041340223371,1,0.600000055745898,0.200000084925446,-0.199999914998637,-0.599999944111253,-1
2.4904150691782,1,0.600000055723419,0.200000084897496,-0.199999915020434,-0.599999944121489,-1
2.50041673612269,1,0.600000055702129,0.20000008487136,-0.199999915040411,-0.599999944130527,-1
2.51041840306718,1,0.60000005568208,0.200000084847117,-0.199999915058489,-0.599999944138313,-1
2.52042007001167,1,0.600000055663312,0.200000084824831,-0.199999915074604,-0.599999944144805,-1
2.53042173695616,1,0.600000055645857,0.200000084804552,-0.199999915088704,-0.599999944149969,-1
2.54042340390065,1,0.600000055629739,0.200000084786315,-0.199999915100754,-0.59999994415378,-1
2.55042507084514,1,0.60000005561497,0.200000084770141,-0.199999915110734,-0.599999944156226,-1
2.56042673778963,1,0.600000055601553,0.200000084756034,-0.199999915118636,-0.599999944157302,-1
2.57042840473412,1,0.600000055589483,0.200000084743985,-0.199999915124472,-0.599999944157013,-1
2.58043007167861,1,0.600000055578742,0.200000084733968,-0.199999915128264,-0.599999944155376,-1
2.5904317386231,1,0.600000055569303,0.200000084725946,-0.199999915130054,-0.599999944152417,-1
2.60043340556759,1,0.600000055561132,0.200000084719862,-0.199999915129894,-0.59999994414817,-1
2.61043507251209,1,0.600000055554184,0.200000084715649,-0.199999915127853,-0.599999944142681,-1
2.62043673945658,1,0.600000055548405,0.200000084713227,-0.199999915124011,-0.599999944136002,-1
2.63043840640107,1,0.600000055543734,0.200000084712503,-0.199999915118461,-0.599999944128194,-1
2.64044007334556,1,0.600000055540104,0.200000084713371,-0.199999915111308,-0.599999944119326,-1
2.65044174029005,1,0.600000055537438,0.200000084715718,-0.199999915102667,-0.599999944109475,-1
2.66044340723454,1,0.600000055535657,0.20000008471942,-0.199999915092662,-0.599999944098721,-1
2.67044507417903,1,0.600000055534674,0.200000084724345,-0.199999915081424,-0.599999944087151,-1
2.68044674112352,1,0.600000055534399,0.200000084730358,-0.199999915069091,-0.599999944074857,-1
2.69044840806801,1,0.600000055534738,0.200000084737313,-0.199999915055806,-0.599999944061932,-1
2.7004500750125,1,0.600000055535597,0.200000084745067,-0.199999915041717,-0.599999944048473,-1
2.71045174195699,1,0.600000055536879,0.20000008475347,-0.199999915026971,-0.59999994403458,-1
2.72045340890148,1,0.600000055538485,0.200000084762374,-0.199999915011719,-0.59999994402035,-1
2.73045507584597,1,0.60000005554032,0.20000008477163,-0.19999991499611,-0.599999944005881,-1
2.74045674279047,1,0.600000055542288,0.200000084781093,-0.19999991498029,-0.599999943991272,-1
2.75045840973496,1,0.600000055544294,0.200000084790618,-0.199999914964404,-0.599999943976617,-1
2.76046007667945,1,0.60000005554625,0.200000084800068,-0.19999991494859,-0.599999943962008,-1
2.77046174362394,1,0.600000055548067,0.20000008480931,-0.199999914932984,-0.599999943947533,-1
2.78046341056843,1,0.600000055549663,0.200000084818215,-0.199999914917713,-0.599999943933279,-1
2.79046507751292,1,0.600000055550959,0.200000084826665,-0.199999914902898,-0.599999943919324,-1
2.80046674445741,1,0.600000055551883,0.200000084834546,-0.199999914888652,-0.599999943905744,-1
2.8104684114019,1,0.600000055552366,0.200000084841755,-0.199999914875079,-0.599999943892607,-1
2.82047007834639,1,0.600000055552347,0.200000084848198,-0.199999914862276,-0.599999943879977,-1
2.83047174529088,1,0.60000005555177,0.200000084853788,-0.199999914850329,-0.599999943867912,-1
2.84047341223537,1,0.600000055550586,0.200000084858448,-0.199999914839315,-0.599999943856463,-1
2.85047507917986,1,0.600000055548749,0.200000084862113,-0.199999914829303,-0.599999943845674,-1
2.86047674612435,1,0.600000055546223,0.200000084864722,-0.19999991482035,-0.599999943835585,-1
2.87047841306884,1,0.600000055542977,0.20000008486623,-0.199999914812505,-0.599999943826228,-1
2.88048008001334,1,0.600000055538985,0.200000084866594,-0.199999914805809,-0.59999994381763,-1
2.89048174695783,1,0.600000055534226,0.200000084865786,-0.199999914800293,-0.599999943809811,-1
2.90048341390232,1,0.600000055528687,0.200000084863783,-0.199999914795978,-0.599999943802786,-1
2.91048508084681,1,0.600000055522359,0.200000084860572,-0.19999991479288,-0.599999943796566,-1
2.9204867477913,1,0.600000055515239,0.200000084856145,-0.199999914791005,-0.599999943791155,-1
2.93048841473579,1,0.600000055507327,0.200000084850506,-0.199999914790352,-0.59999994378655,-1
2.94049008168028,1,0.600000055498628,0.200000084843662,-0.199999914790911,-0.599999943782749,-1
2.95049174862477,1,0.600000055489154,0.200000084835627,-0.199999914792669,-0.599999943779741,-1
2.96049341556926,1,0.600000055478918,0.200000084826425,-0.199999914795605,-0.599999943777513,-1
2.97049508251375,1,0.600000055467938,0.20000008481608,-0.19999991479969,-0.599999943776045,-1
2.98049674945824,1,0.600000055456234,0.200000084804626,-0.199999914804895,-0.599999943775318,-1
2.99049841640273,1,0.600000055443831,0.200000084792099,-0.19999991481118,-0.599999943775307,-1
3.00050008334722,1,0.600000055430757,0.200000084778542,-0.199999914818505,-0.599999943775985,-1
3.01050175029172,1,0.600000055417042,0.200000084764,-0.199999914826824,-0.599999943777321,-1
3.02050341723621,1,0.600000055402717,0.200000084748521,-0.199999914836087,-0.599999943779282,-1
3.0305050841807,1,0.600000055387818,0.200000084732161,-0.199999914846239,-0.599999943781834,-1
3.04050675112519,1,0.600000055372381,0.200000084714974,-0.199999914857227,-0.59999994378494,-1
3.05050841806968,1,0.600000055356444,0.200000084697018,-0.19999991486899,-0.59999994378856,-1
3.06051008501417,1,0.600000055340048,0.200000084678356,-0.199999914881467,-0.599999943792653,-1
3.07051175195866,1,0.600000055323234,0.200000084659051,-0.199999914894594,-0.599999943797178,-1
3.08051341890315,1,0.600000055306044,0.200000084639167,-0.199999914908306,-0.599999943802092,-1
3.09051508584764,1,0.600000055288521,0.200000084618772,-0.199999914922535,-0.599999943807349,-1
3.10051675279213,1,0.600000055270711,0.200000084597932,-0.199999914937214,-0.599999943812905,-1
3.11051841973662,1,0.600000055252658,0.200000084576719,-0.199999914952272,-0.599999943818714,-1
3.12052008668111,1,0.600000055234407,0.200000084555199,-0.19999991496764,-0.599999943824729,-1
3.1305217536256,1,0.600000055216004,0.200000084533445,-0.199999914983248,-0.599999943830903,-1
3.1405234205701,1,0.600000055197494,0.200000084511525,-0.199999914999024,-0.59999994383719,-1
3.15052508751459,1,0.600000055178923,0.200000084489508,-0.199999915014898,-0.599999943843545,-1
3.16052675445908,1,0.600000055160336,0.200000084467466,-0.199999915030802,-0.599999943849919,-1
3.17052842140357,1,0.600000055141777,0.200000084445464,-0.199999915046665,-0.599999943856268,-1
3.18053008834806,1,0.60000005512329,0.200000084423572,-0.199999915062419,-0.599999943862546,-1
3.19053175529255,1,0.600000055104918,0.200000084401854,-0.199999915078,-0.59999994386871,-1
3.20053342223704,1,0.600000055086701,0.200000084380373,-0.199999915093343,-0.599999943874718,-1
3.21053508918153,1,0.600000055068681,0.200000084359193,-0.199999915108384,-0.599999943880526,-1
3.22053675612602,1,0.600000055050896,0.200000084338372,-0.199999915123065,-0.599999943886096,-1
3.23053842307051,1,0.600000055033381,0.200000084317965,-0.199999915137328,-0.599999943891391,-1
3.240540090015,1,0.600000055016173,0.200000084298028,-0.199999915151119,-0.599999943896373,-1
3.25054175695949,1,0.600000054999303,0.200000084278609,-0.199999915164388,-0.59999994390101,-1
3.26054342390398,1,0.6000000549828,0.200000084259755,-0.199999915177087,-0.59999994390527,-1
3.27054509084847,1,0.600000054966694,0.200000084241508,-0.199999915189175,-0.599999943909125,-1
3.28054675779297,1,0.600000054951008,0.200000084223906,-0.199999915200612,-0.599999943912548,-1
3.29054842473746,1,0.600000054935765,0.200000084206984,-0.199999915211364,-0.599999943915518,-1
3.30055009168195,1,0.600000054920983,0.200000084190771,-0.1999999152214,-0.599999943918013,-1
3.31055175862644,1,0.600000054906678,0.20000008417529,-0.199999915230698,-0.599999943920019,-1
3.32055342557093,1,0.600000054892862,0.200000084160561,-0.199999915239236,-0.599999943921521,-1
3.33055509251542,1,0.600000054879545,0.200000084146599,-0.199999915247,-0.59999994392251,-1
3.34055675945991,1,0.600000054866734,0.200000084133413,-0.19999991525398,-0.599999943922979,-1
3.3505584264044,1,0.600000054854429,0.200000084121008,-0.199999915260171,-0.599999943922925,-1
3.36056009334889,1,0.600000054842632,0.200000084109382,-0.199999915265575,-0.599999943922348,-1
3.37056176029338,1,0.600000054831337,0.20000008409853,-0.199999915270197,-0.599999943921251,-1
3.38056342723787,1,0.600000054820538,0.200000084088441,-0.199999915274048,-0.599999943919643,-1
3.39056509418236,1,0.600000054810225,0.200000084079099,-0.199999915277143,-0.599999943917533,-1
3.40056676112685,1,0.600000054800383,0.200000084070484,-0.199999915279504,-0.599999943914935,-1
3.41056842807135,1,0.600000054790997,0.200000084062571,-0.199999915281154,-0.599999943911865,-1
3.42057009501584,1,0.600000054782048,0.20000008405533,-0.199999915282124,-0.599999943908342,-1
3.43057176196033,1,0.600000054773514,0.20000008404873,-0.199999915282447,-0.599999943904389,-1
3.44057342890482,1,0.600000054765372,0.200000084042732,-0.199999915282158,-0.59999994390003,-1
3.45057509584931,1,0.600000054757594,0.200000084037297,-0.1999999152813,-0.599999943895292,-1
3.4605767627938,1,0.600000054750153,0.200000084032382,-0.199999915279916,-0.599999943890203,-1
3.47057842973829,1,0.60000005474302,0.200000084027941,-0.199999915278051,-0.599999943884795,-1
3.48058009668278,1,0.600000054736163,0.200000084023927,-0.199999915275753,-0.599999943879099,-1
3.49058176362727,1,0.600000054729549,0.200000084020289,-0.199999915273074,-0.599999943873148,-1
3.50058343057176,1,0.600000054723146,0.200000084016976,-0.199999915270064,-0.599999943866978,-1
3.51058509751625,1,0.60000005471692,0.200000084013937,-0.199999915266777,-0.599999943860621,-1
3.52058676446074,1,0.600000054710836,0.200000084011118,-0.199999915263265,-0.599999943854116,-1
3.53058843140523,1,0.60000005470486,0.200000084008466,-0.199999915259582,-0.599999943847496,-1
3.54059009834973,1,0.600000054698958,0.200000084005929,-0.199999915255783,-0.599999943840797,-1
3.55059176529422,1,0.600000054693095,0.200000084003455,-0.19999991525192,-0.599999943834055,-1
3.56059343223871,1,0.600000054687238,0.200000084000991,-0.199999915248044,-0.599999943827304,-1
3.5705950991832,1,0.600000054681355,0.200000083998487,-0.199999915244207,-0.599999943820578,-1
3.58059676612769,1,0.600000054675414,0.200000083995896,-0.199999915240458,-0.599999943813909,-1
3.59059843307218,1,0.600000054669385,0.20000008399317,-0.199999915236844,-0.59999994380733,-1
3.60060010001667,1,0.600000054663239,0.200000083990264,-0.199999915233411,-0.59999994380087,-1
3.61060176696116,1,0.600000054656947,0.200000083987136,-0.199999915230202,-0.599999943794559,-1
3.62060343390565,1,0.600000054650485,0.200000083983746,-0.199999915227257,-0.599999943788423,-1
3.63060510085014,1,0.600000054643828,0.200000083980057,-0.199999915224614,-0.599999943782486,-1
3.64060676779463,1,0.600000054636955,0.200000083976034,-0.199999915222308,-0.599999943776774,-1
3.65060843473912,1,0.600000054629843,0.200000083971646,-0.199999915220371,-0.599999943771305,-1
3.66061010168361,1,0.600000054622477,0.200000083966865,-0.199999915218831,-0.599999943766101,-1
3.6706117686281,1,0.600000054614839,0.200000083961666,-0.199999915217715,-0.599999943761178,-1
3.6806134355726,1,0.600000054606915,0.200000083956027,-0.199999915217042,-0.59999994375655,-1
3.69061510251709,1,0.600000054598693,0.20000008394993,-0.199999915216834,-0.599999943752231,-1
3.70061676946158,1,0.600000054590164,0.200000083943358,-0.199999915217106,-0.599999943748231,-1
3.71061843640607,1,0.600000054581319,0.200000083936301,-0.199999915217869,-0.599999943744557,-1
3.72062010335056,1,0.600000054572154,0.200000083928748,-0.199999915219133,-0.599999943741217,-1
3.73062177029505,1,0.600000054562664,0.200000083920696,-0.199999915220904,-0.599999943738213,-1
3.74062343723954,1,0.600000054552847,0.20000008391214,-0.199999915223185,-0.599999943735549,-1
3.75062510418403,1,0.600000054542706,0.200000083903082,-0.199999915225974,-0.599999943733223,-1
3.76062677112852,1,0.600000054532241,0.200000083893525,-0.19999991522927,-0.599999943731235,-1
3.77062843807301,1,0.600000054521456,0.200000083883475,-0.199999915233065,-0.599999943729579,-1
3.7806301050175,1,0.600000054510359,0.200000083872941,-0.19999991523735,-0.599999943728249,-1
3.79063177196199,1,0.600000054498955,0.200000083861936,-0.199999915242114,-0.599999943727239,-1
3.80063343890648,1,0.600000054487255,0.200000083850471,-0.199999915247343,-0.599999943726538,-1
3.81063510585098,1,0.600000054475268,0.200000083838566,-0.19999991525302,-0.599999943726136,-1
3.82063677279547,1,0.600000054463008,0.200000083826237,-0.199999915259127,-0.59999994372602,-1
3.83063843973996,1,0.600000054450488,0.200000083813506,-0.199999915265642,-0.599999943726176,-1
3.84064010668445,1,0.600000054437722,0.200000083800395,-0.199999915272543,-0.59999994372659,-1
3.85064177362894,1,0.600000054424726,0.200000083786927,-0.199999915279806,-0.599999943727245,-1
3.86064344057343,1,0.600000054411517,0.200000083773131,-0.199999915287403,-0.599999943728124,-1
3.87064510751792,1,0.600000054398112,0.20000008375903,-0.199999915295308,-0.599999943729208,-1
3.88064677446241,1,0.60000005438453,0.200000083744657,-0.199999915303492,-0.599999943730478,-1
3.8906484414069,1,0.60000005437079,0.200000083730038,-0.199999915311926,-0.599999943731915,-1
3.90065010835139,1,0.600000054356912,0.200000083715205,-0.199999915320577,-0.599999943733498,-1
3.91065177529588,1,0.600000054342915,0.200000083700188,-0.199999915329416,-0.599999943735205,-1
3.92065344224037,1,0.600000054328821,0.200000083685019,-0.199999915338409,-0.599999943737017,-1
3.93065510918486,1,0.600000054314649,0.20000008366973,-0.199999915347525,-0.599999943738911,-1
3.94065677612935,1,0.600000054300421,0.200000083654353,-0.199999915356732,-0.599999943740866,-1
3.95065844307385,1,0.600000054286157,0.20000008363892,-0.199999915365996,-0.599999943742859,-1
3.96066011001834,1,0.600000054271878,0.200000083623463,-0.199999915375285,-0.599999943744871,-1
3.97066177696283,1,0.600000054257603,0.200000083608012,-0.199999915384569,-0.599999943746878,-1
3.98066344390732,1,0.600000054243354,0.200000083592599,-0.199999915393815,-0.599999943748861,-1
3.99066511085181,1,0.60000005422915,0.200000083577255,-0.199999915402992,-0.599999943750799,-1
4.0006667777963,1,0.600000054215009,0.200000083562008,-0.199999915412071,-0.599999943752671,-1
4.01066844474079,1,0.600000054200949,0.200000083546886,-0.199999915421024,-0.59999994375446,-1
4.02067011168528,1,0.600000054186989,0.200000083531916,-0.199999915429823,-0.599999943756147,-1
4.03067177862977,1,0.600000054173143,0.200000083517125,-0.199999915438442,-0.599999943757713,-1
4.04067344557426,1,0.600000054159429,0.200000083502535,-0.199999915446856,-0.599999943759144,-1
4.05067511251875,1,0.600000054145861,0.20000008348817,-0.199999915455042,-0.599999943760424,-1
4.06067677946324,1,0.60000005413245,0.20000008347405,-0.199999915462981,-0.599999943761538,-1
4.07067844640773,1,0.600000054119212,0.200000083460194,-0.199999915470652,-0.599999943762474,-1
4.08068011335223,1,0.600000054106155,0.200000083446619,-0.199999915478037,-0.59999994376322,-1
4.09068178029672,1,0.60000005409329,0.20000008343334,-0.199999915485122,-0.599999943763765,-1
4.10068344724121,1,0.600000054080625,0.20000008342037,-0.199999915491894,-0.599999943764101,-1
4.1106851141857,1,0.600000054068165,0.200000083407719,-0.199999915498341,-0.599999943764221,-1
4.12068678113019,1,0.600000054055919,0.200000083395397,-0.199999915504455,-0.599999943764119,-1
4.13068844807468,1,0.600000054043888,0.200000083383408,-0.19999991551023,-0.599999943763792,-1
4.14069011501917,1,0.600000054032077,0.200000083371759,-0.199999915515661,-0.599999943763234,-1
4.15069178196366,1,0.600000054020484,0.200000083360448,-0.199999915520747,-0.599999943762445,-1
4.16069344890815,1,0.600000054009112,0.200000083349478,-0.199999915525487,-0.599999943761427,-1
4.17069511585264,1,0.600000053997956,0.200000083338844,-0.199999915529884,-0.599999943760179,-1
4.18069678279713,1,0.600000053987016,0.200000083328544,-0.199999915533943,-0.599999943758705,-1
4.19069844974162,1,0.600000053976285,0.200000083318568,-0.199999915537671,-0.59999994375701,-1
4.20070011668611,1,0.60000005396576,0.20000008330891,-0.199999915541077,-0.599999943755099,-1
4.21070178363061,1,0.600000053955432,0.200000083299557,-0.19999991554417,-0.599999943752981,-1
4.2207034505751,1,0.600000053945293,0.2000000832905,-0.199999915546965,-0.599999943750662,-1
4.23070511751959,1,0.600000053935336,0.200000083281722,-0.199999915549475,-0.599999943748152,-1
4.24070678446408,1,0.600000053925549,0.200000083273208,-0.199999915551715,-0.599999943745462,-1
4.25070845140857,1,0.60000005391592,0.200000083264941,-0.199999915553703,-0.599999943742604,-1
4.26071011835306,1,0.60000005390644,0.200000083256904,-0.199999915555459,-0.59999994373959,-1
4.27071178529755,1,0.600000053897094,0.200000083249076,-0.199999915557,-0.599999943736433,-1
4.28071345224204,1,0.60000005388787,0.200000083241437,-0.199999915558349,-0.599999943733146,-1
4.29071511918653,1,0.600000053878755,0.200000083233966,-0.199999915559526,-0.599999943729745,-1
4.30071678613102,1,0.600000053869732,0.200000083226642,-0.199999915560554,-0.599999943726244,-1
4.31071845307551,1,0.60000005386079,0.200000083219441,-0.199999915561455,-0.599999943722657,-1
4.32072012002,1,0.600000053851913,0.200000083212342,-0.199999915562252,-0.599999943719001,-1
4.33072178696449,1,0.600000053843087,0.200000083205322,-0.199999915562969,-0.59999994371529,-1
4.34072345390898,1,0.600000053834296,0.200000083198357,-0.199999915563628,-0.599999943711541,-1
4.35072512085348,1,0.600000053825525,0.200000083191425,-0.199999915564253,-0.599999943707768,-1
4.36072678779797,1,0.600000053816762,0.200000083184505,-0.199999915564866,-0.599999943703987,-1
4.37072845474246,1,0.600000053807991,0.200000083177573,-0.199999915565491,-0.599999943700214,-1
4.38073012168695,1,0.600000053799199,0.200000083170608,-0.199999915566148,-0.599999943696462,-1
4.39073178863144,1,0.600000053790372,0.200000083163591,-0.199999915566858,-0.599999943692745,-1
4.40073345557593,1,0.600000053781498,0.2000000831565,-0.199999915567642,-0.599999943689077,-1
4.41073512252042,1,0.600000053772564,0.200000083149318,-0.19999991556852,-0.599999943685472,-1
4.42073678946491,1,0.600000053763559,0.200000083142025,-0.199999915569509,-0.59999994368194,-1
4.4307384564094,1,0.600000053754472,0.200000083134607,-0.199999915570626,-0.599999943678494,-1
4.44074012335389,1,0.600000053745293,0.200000083127045,-0.199999915571888,-0.599999943675145,-1
4.45074179029838,1,0.600000053736013,0.200000083119328,-0.199999915573309,-0.599999943671902,-1
4.46074345724287,1,0.600000053726624,0.200000083111441,-0.199999915574902,-0.599999943668774,-1
4.47074512418736,1,0.600000053717117,0.200000083103372,-0.19999991557668,-0.599999943665769,-1
4.48074679113186,1,0.600000053707487,0.200000083095112,-0.199999915578653,-0.599999943662895,-1
4.49074845807635,1,0.600000053697727,0.200000083086651,-0.19999991558083,-0.599999943660157,-1
4.50075012502084,1,0.600000053687834,0.200000083077982,-0.199999915583219,-0.59999994365756,-1
4.51075179196533,1,0.600000053677802,0.2000000830691,-0.199999915585825,-0.599999943655109,-1
4.52075345890982,1,0.60000005366763,0.20000008306,-0.199999915588653,-0.599999943652807,-1
4.53075512585431,1,0.600000053657315,0.200000083050678,-0.199999915591707,-0.599999943650655,-1
4.5407567927988,1,0.600000053646857,0.200000083041133,-0.199999915594989,-0.599999943648656,-1
4.55075845974329,1,0.600000053636255,0.200000083031366,-0.199999915598497,-0.599999943646809,-1
4.56076012668778,1,0.600000053625511,0.200000083021376,-0.199999915602232,-0.599999943645114,-1
4.57076179363227,1,0.600000053614624,0.200000083011167,-0.199999915606191,-0.599999943643569,-1
4.58076346057676,1,0.600000053603599,0.200000083000743,-0.199999915610369,-0.59999994364217,-1
4.59076512752125,1,0.600000053592439,0.200000082990107,-0.199999915614763,-0.599999943640916,-1
4.60076679446574,1,0.600000053581148,0.200000082979268,-0.199999915619365,-0.599999943639802,-1
4.61076846141023,1,0.600000053569729,0.20000008296823,-0.199999915624169,-0.599999943638823,-1
4.62077012835473,1,0.600000053558189,0.200000082957004,-0.199999915629165,-0.599999943637973,-1
4.63077179529922,1,0.600000053546533,0.200000082945599,-0.199999915634345,-0.599999943637246,-1
4.64077346224371,1,0.600000053534769,0.200000082934024,-0.199999915639699,-0.599999943636635,-1
4.6507751291882,1,0.600000053522902,0.20000008292229,-0.199999915645213,-0.599999943636134,-1
4.66077679613269,1,0.600000053510942,0.20000008291041,-0.199999915650878,-0.599999943635732,-1
4.67077846307718,1,0.600000053498895,0.200000082898395,-0.199999915656681,-0.599999943635423,-1
4.68078013002167,1,0.60000005348677,0.200000082886259,-0.199999915662608,-0.599999943635197,-1
4.69078179696616,1,0.600000053474576,0.200000082874014,-0.199999915668645,-0.599999943635046,-1
4.70078346391065,1,0.600000053462322,0.200000082861675,-0.19999991567478,-0.599999943634961,-1
4.71078513085514,1,0.600000053450016,0.200000082849257,-0.199999915680997,-0.59999994363493,-1
4.72078679779963,1,0.600000053437668,0.200000082836772,-0.19999991568728,-0.599999943634945,-1
4.73078846474412,1,0.600000053425287,0.200000082824236,-0.199999915693617,-0.599999943634996,-1
4.74079013168862,1,0.600000053412883,0.200000082811662,-0.199999915699993,-0.599999943635072,-1
4.75079179863311,1,0.600000053400464,0.200000082799066,-0.199999915706392,-0.599999943635165,-1
4.7607934655776,1,0.600000053388039,0.200000082786461,-0.1999999157128,-0.599999943635264,-1
4.77079513252209,1,0.600000053375619,0.200000082773863,-0.199999915719202,-0.59999994363536,-1
4.78079679946658,1,0.600000053363211,0.200000082761283,-0.199999915725586,-0.599999943635443,-1
4.79079846641107,1,0.600000053350825,0.200000082748736,-0.199999915731936,-0.599999943635504,-1
4.80080013335556,1,0.600000053338468,0.200000082736234,-0.19999991573824,-0.599999943635534,-1
4.81080180030005,1,0.600000053326148,0.200000082723789,-0.199999915744486,-0.599999943635525,-1
4.82080346724454,1,0.600000053313873,0.200000082711415,-0.199999915750661,-0.599999943635469,-1
4.83080513418903,1,0.60000005330165,0.200000082699121,-0.199999915756753,-0.599999943635358,-1
4.84080680113352,1,0.600000053289486,0.200000082686918,-0.199999915762754,-0.599999943635185,-1
4.85080846807801,1,0.600000053277387,0.200000082674816,-0.199999915768651,-0.599999943634943,-1
4.8608101350225,1,0.600000053265358,0.200000082662824,-0.199999915774436,-0.599999943634626,-1
4.87081180196699,1,0.600000053253404,0.200000082650948,-0.199999915780102,-0.599999943634229,-1
4.88081346891149,1,0.600000053241531,0.200000082639198,-0.19999991578564,-0.599999943633746,-1
4.89081513585598,1,0.600000053229743,0.200000082627579,-0.199999915791045,-0.599999943633174,-1
4.90081680280047,1,0.600000053218042,0.200000082616096,-0.19999991579631,-0.599999943632509,-1
4.91081846974496,1,0.60000005320643,0.200000082604753,-0.199999915801433,-0.599999943631747,-1
4.92082013668945,1,0.600000053194912,0.200000082593554,-0.199999915806408,-0.599999943630886,-1
4.93082180363394,1,0.600000053183487,0.200000082582502,-0.199999915811233,-0.599999943629925,-1
4.94082347057843,1,0.600000053172158,0.200000082571597,-0.199999915815908,-0.599999943628864,-1
4.95082513752292,1,0.600000053160923,0.20000008256084,-0.199999915820431,-0.5999999436277,-1
4.96082680446741,1,0.600000053149783,0.200000082550231,-0.199999915824804,-0.599999943626435,-1
4.9708284714119,1,0.600000053138737,0.200000082539768,-0.199999915829027,-0.59999994362507,-1
4.98083013835639,1,0.600000053127783,0.200000082529448,-0.199999915833102,-0.599999943623605,-1
4.99083180530088,1,0.600000053116919,0.20000008251927,-0.199999915837033,-0.599999943622044,-1
5.00083347224537,1,0.600000053106143,0.200000082509229,-0.199999915840824,-0.599999943620388,-1
5.01083513918987,1,0.600000053088273,0.200000082488128,-0.19999991585593,-0.599999943626335,-1
5.02083680613436,1,0.600000052968908,0.200000082308811,-0.199999916032928,-0.599999943741066,-1
5.03083847307885,1,0.600000053030697,0.200000082411778,-0.199999915921194,-0.599999943661851,-1
5.04084014002334,1,0.600000053134934,0.200000082580792,-0.199999915741996,-0.599999943537381,-1
5.05084180696783,1,0.60000005326132,0.20000008278441,-0.199999915527316,-0.59999994338902,-1
5.06084347391232,1,0.600000053416482,0.20000008303298,-0.199999915266551,-0.599999943209635,-1
5.07084514085681,1,0.60000005359936,0.20000008332486,-0.199999914961369,-0.59999994300034,-1
5.0808468078013,1,0.600000053811148,0.200000083661929,-0.19999991460983,-0.599999942759817,-1
5.09084847474579,1,0.600000054054151,0.200000084047804,-0.199999914208211,-0.599999942485554,-1
5.10085014169028,1,0.600000054330921,0.200000084486485,-0.199999913752397,-0.599999942174768,-1
5.11085180863477,1,0.600000054643268,0.200000084980825,-0.199999913239443,-0.599999941825466,-1
5.12085347557926,1,0.600000054990987,0.200000085530522,-0.199999912669635,-0.599999941437825,-1
5.13085514252375,1,0.60000005537019,0.200000086129533,-0.19999991204914,-0.599999941015979,-1
5.14085680946824,1,0.60000005577129,0.200000086762917,-0.199999911393248,-0.5999999405702,-1
5.15085847641274,1,0.600000056176683,0.200000087403206,-0.199999910730084,-0.599999940119404,-1
5.16086014335723,1,0.600000056558339,0.200000088006644,-0.199999910104483,-0.599999939693754,-1
5.17086181030172,1,0.600000056875848,0.200000088510116,-0.199999909581139,-0.599999939336796,-1
5.18086347724621,1,0.600000057076228,0.200000088830843,-0.199999909244935,-0.599999939105685,-1
5.1908651441907,1,0.600000057097975,0.200000088872686,-0.199999909194494,-0.599999939066852,-1
5.20086681113519,1,0.600000056882152,0.200000088543471,-0.199999909524424,-0.599999939284056,-1
5.21086847807968,1,0.600000056390813,0.200000087783775,-0.199999910295781,-0.599999939798492,-1
5.22087014502417,1,0.600000055627059,0.200000086598297,-0.199999911503892,-0.599999940607103,-1
5.23087181196866,1,0.600000054645609,0.200000085072403,-0.199999913061341,-0.599999941651108,-1
5.24087347891315,1,0.600000053544625,0.200000083359393,-0.199999914811001,-0.599999942824752,-1
5.25087514585764,1,0.600000052440016,0.200000081640362,-0.199999916567177,-0.599999944003003,-1
5.26087681280213,1,0.600000051434312,0.200000080075557,-0.199999918165498,-0.599999945075156,-1
5.27087847974662,1,0.600000050594216,0.200000078769282,-0.19999991949893,-0.599999945969086,-1
5.28088014669112,1,0.60000004994388,0.200000077759361,-0.1999999205286,-0.599999946658565,-1
5.29088181363561,1,0.600000049471938,0.200000077028111,-0.199999921272573,-0.599999947155711,-1
5.3008834805801,1,0.600000049145519,0.200000076524217,-0.199999921783422,-0.599999947495894,-1
5.31088514752459,1,0.600000048924548,0.200000076185089,-0.199999922125306,-0.599999947722302,-1
5.32088681446908,1,0.600000048772243,0.20000007595326,-0.199999922357151,-0.599999947874609,-1
5.33088848141357,1,0.600000048660472,0.200000075784772,-0.199999922524037,-0.599999947983171,-1
5.34089014835806,1,0.600000048570685,0.200000075650631,-0.199999922655705,-0.599999948068021,-1
5.35089181530255,1,0.600000048492143,0.200000075534052,-0.19999992276937,-0.599999948140753,-1
5.36089348224704,1,0.600000048419254,0.200000075426295,-0.199999922873999,-0.599999948207408,-1
5.37089514919153,1,0.60000004834922,0.200000075322984,-0.199999922974084,-0.599999948271011,-1
5.38089681613602,1,0.600000048280485,0.200000075221689,-0.199999923072116,-0.599999948333242,-1
5.39089848308051,1,0.600000048211953,0.200000075120692,-0.199999923169859,-0.599999948395289,-1
5.400900150025,1,0.600000048142682,0.20000007501852,-0.199999923268825,-0.599999948458172,-1
5.41090181696949,1,0.60000004807182,0.200000074913841,-0.199999923370383,-0.599999948522813,-1
5.42090348391399,1,0.600000047998611,0.200000074805471,-0.19999992347575,-0.599999948590035,-1
5.43090515085848,1,0.600000047922412,0.2000000746924,-0.199999923585963,-0.599999948660536,-1
5.44090681780297,1,0.600000047842693,0.200000074573801,-0.199999923701873,-0.599999948734891,-1
5.45090848474746,1,0.600000047759052,0.20000007444904,-0.199999923824133,-0.599999948813544,-1
5.46091015169195,1,0.600000047671206,0.200000074317675,-0.1999999239532,-0.5999999488968,-1
5.47091181863644,1,0.600000047579002,0.200000074179463,-0.199999924089324,-0.599999948984832,-1
5.48091348558093,1,0.60000004748242,0.200000074034371,-0.199999924232541,-0.599999949077665,-1
5.49091515252542,1,0.600000047381578,0.20000007388258,-0.199999924382665,-0.599999949175174,-1
5.50091681946991,1,0.600000047276737,0.200000073724501,-0.199999924539279,-0.599999949277078,-1
5.5109184864144,1,0.600000047168306,0.20000007356077,-0.199999924701728,-0.599999949382937,-1
5.52092015335889,1,0.600000047056841,0.200000073392257,-0.19999992486912,-0.59999994949215,-1
5.53092182030338,1,0.600000046943044,0.200000073220063,-0.199999925040324,-0.599999949603954,-1
5.54092348724787,1,0.600000046827764,0.200000073045513,-0.199999925213979,-0.59999994971743,-1
5.55092515419236,1,0.600000046711982,0.200000072870149,-0.199999925388499,-0.599999949831509,-1
5.56092682113686,1,0.600000046596816,0.200000072695719,-0.199999925562087,-0.599999949944978,-1
5.57092848808135,1,0.600000046483497,0.200000072524156,-0.199999925732755,-0.599999950056491,-1
5.58093015502584,1,0.600000046373372,0.200000072357569,-0.199999925898331,-0.599999950164584,-1
5.59093182197033,1,0.600000046267881,0.200000072198222,-0.199999926056487,-0.599999950267684,-1
5.60093348891482,1,0.60000004616855,0.200000072048504,-0.199999926204762,-0.599999950364125,-1
5.61093515585931,1,0.60000004607697,0.200000071910915,-0.199999926340582,-0.599999950452169,-1
5.6209368228038,1,0.600000045994778,0.200000071788027,-0.199999926461297,-0.599999950530023,-1
5.63093848974829,1,0.600000045923636,0.200000071682447,-0.19999992656422,-0.599999950595868,-1
5.64094015669278,1,0.600000045865194,0.200000071596771,-0.199999926646678,-0.599999950647898,-1
5.65094182363727,1,0.600000045821053,0.200000071533514,-0.199999926706076,-0.599999950684355,-1
5.66094349058176,1,0.600000045792715,0.200000071495037,-0.199999926739978,-0.599999950703588,-1
5.67094515752625,1,0.600000045781521,0.200000071483451,-0.199999926746205,-0.599999950704123,-1
5.68094682447075,1,0.600000045788584,0.200000071500508,-0.199999926722948,-0.599999950684733,-1
5.69094849141524,1,0.600000045814708,0.200000071547478,-0.199999926668892,-0.599999950644524,-1
5.70095015835973,1,0.600000045860315,0.200000071625028,-0.199999926583345,-0.599999950583024,-1
5.71095182530422,1,0.600000045925363,0.200000071733103,-0.199999926466354,-0.599999950500261,-1
5.72095349224871,1,0.600000046009299,0.20000007187084,-0.199999926318804,-0.599999950396827,-1
5.7309551591932,1,0.600000046111014,0.200000072036507,-0.199999926142469,-0.599999950273918,-1
5.74095682613769,1,0.600000046228859,0.20000007222752,-0.199999925940005,-0.599999950133327,-1
5.75095849308218,1,0.600000046360682,0.20000007244051,-0.199999925714877,-0.599999949977391,-1
5.76096016002667,1,0.600000046503935,0.200000072671476,-0.199999925471198,-0.599999949808891,-1
5.77096182697116,1,0.600000046655805,0.200000072916011,-0.19999992521351,-0.599999949630893,-1
5.78096349391565,1,0.60000004681339,0.200000073169556,-0.199999924946501,-0.599999949446569,-1
5.79096516086014,1,0.600000046973878,0.200000073427701,-0.199999924674715,-0.599999949258988,-1
5.80096682780463,1,0.600000047134715,0.200000073686435,-0.199999924402285,-0.599999949070948,-1
5.81096849474913,1,0.600000047293729,0.200000073942346,-0.199999924132725,-0.599999948884824,-1
5.82097016169362,1,0.600000047449197,0.200000074192727,-0.199999923868825,-0.599999948702505,-1
5.83097182863811,1,0.600000047599847,0.20000007443558,-0.199999923612645,-0.599999948525384,-1
5.8409734955826,1,0.600000047744806,0.200000074669532,-0.199999923365602,-0.599999948354422,-1
5.85097516252709,1,0.600000047883504,0.200000074893684,-0.199999923128624,-0.599999948190246,-1
5.86097682947158,1,0.60000004801557,0.200000075107455,-0.19999992290231,-0.599999948033264,-1
5.87097849641607,1,0.600000048140746,0.200000075310433,-0.199999922687087,-0.599999947883766,-1
5.88098016336056,1,0.600000048258813,0.200000075502277,-0.199999922483311,-0.599999947741993,-1
5.89098183030505,1,0.600000048369567,0.20000007568266,-0.199999922291317,-0.599999947608173,-1
5.90098349724954,1,0.600000048472811,0.200000075851273,-0.199999922111428,-0.599999947482527,-1
5.91098516419403,1,0.600000048568375,0.200000076007844,-0.199999921943927,-0.599999947365248,-1
5.92098683113852,1,0.600000048656129,0.20000007615217,-0.199999921789025,-0.59999994725648,-1
5.93098849808301,1,0.60000004873601,0.200000076284145,-0.199999921646834,-0.599999947156301,-1
5.9409901650275,1,0.60000004880802,0.200000076403771,-0.199999921517354,-0.599999947064711,-1
5.950991831972,1,0.600000048872232,0.200000076511159,-0.199999921400476,-0.599999946981639,-1
5.96099349891649,1,0.60000004892877,0.200000076606504,-0.199999921295999,-0.599999946906952,-1
5.97099516586098,1,0.600000048977803,0.200000076690064,-0.199999921203661,-0.599999946840474,-1
5.98099683280547,1,0.600000049019516,0.200000076762132,-0.199999921123161,-0.599999946782002,-1
5.99099849974996,1,0.600000049054103,0.200000076823006,-0.199999921054197,-0.599999946731333,-1
6.00100016669445,1,0.600000049081746,0.200000076872971,-0.199999920996475,-0.599999946688271,-1
6.01100183363894,1,0.600000049102607,0.20000007691228,-0.199999920949738,-0.599999946652643,-1
6.02100350058343,1,0.600000049116826,0.20000007694115,-0.199999920913764,-0.5999999466243,-1
6.03100516752792,1,0.600000049124515,0.200000076959752,-0.19999992088838,-0.599999946603126,-1
6.04100683447241,1,0.600000049125756,0.200000076968217,-0.199999920873452,-0.599999946589034,-1
6.0510085014169,1,0.600000049120611,0.200000076966637,-0.199999920868887,-0.599999946581959,-1
6.06101016836139,1,0.600000049109123,0.200000076955078,-0.199999920874622,-0.599999946581863,-1
6.07101183530588,1,0.60000004909132,0.200000076933581,-0.199999920890616,-0.599999946588717,-1
6.08101350225038,1,0.600000049067221,0.200000076902173,-0.199999920916841,-0.599999946602507,-1
6.09101516919487,1,0.600000049036846,0.200000076860884,-0.199999920953273,-0.599999946623215,-1
6.10101683613936,1,0.600000049000217,0.200000076809746,-0.199999920999878,-0.599999946650821,-1
6.11101850308385,1,0.600000048957368,0.20000007674881,-0.199999921056605,-0.599999946685293,-1
6.12102017002834,1,0.600000048908349,0.200000076678152,-0.19999992112338,-0.599999946726579,-1
6.13102183697283,1,0.600000048853235,0.200000076597887,-0.199999921200087,-0.599999946774605,-1
6.14102350391732,1,0.600000048792123,0.200000076508167,-0.199999921286569,-0.599999946829266,-1
6.15102517086181,1,0.600000048725146,0.200000076409197,-0.199999921382616,-0.59999994689042,-1
6.1610268378063,1,0.600000048652472,0.200000076301241,-0.199999921487963,-0.599999946957887,-1
6.17102850475079,1,0.600000048574308,0.20000007618462,-0.199999921602274,-0.599999947031444,-1
6.18103017169528,1,0.600000048490902,0.200000076059727,-0.19999992172515,-0.59999994711082,-1
6.19103183863977,1,0.600000048402549,0.200000075927019,-0.199999921856117,-0.599999947195695,-1
6.20103350558426,1,0.600000048309586,0.200000075787031,-0.199999921994626,-0.599999947285698,-1
6.21103517252875,1,0.6000000482124,0.200000075640366,-0.199999922140055,-0.599999947380407,-1
6.22103683947325,1,0.600000048111423,0.200000075487706,-0.199999922291702,-0.599999947479349,-1
6.23103850641774,1,0.600000048007132,0.2000000753298,-0.199999922448794,-0.599999947581999,-1
6.24104017336223,1,0.60000004790005,0.200000075167469,-0.199999922610482,-0.599999947687783,-1
6.25104184030672,1,0.600000047790738,0.2000000750016,-0.199999922775853,-0.59999994779608,-1
6.26104350725121,1,0.6000000476798,0.200000074833141,-0.199999922943925,-0.599999947906227,-1
6.2710451741957,1,0.600000047567872,0.200000074663096,-0.199999923113663,-0.59999994801752,-1
6.28104684114019,1,0.600000047455624,0.200000074492517,-0.199999923283978,-0.599999948129221,-1
6.29104850808468,1,0.600000047343746,0.200000074322497,-0.19999992345374,-0.599999948240563,-1
6.30105017502917,1,0.600000047232955,0.200000074154162,-0.199999923621785,-0.599999948350757,-1
6.31105184197366,1,0.600000047123978,0.200000073988661,-0.199999923786926,-0.599999948458995,-1
6.32105350891815,1,0.600000047017548,0.200000073827151,-0.199999923947963,-0.599999948564464,-1
6.33105517586264,1,0.600000046914403,0.200000073670795,-0.199999924103696,-0.599999948666346,-1
6.34105684280713,1,0.600000046815266,0.200000073520737,-0.199999924252936,-0.599999948763836,-1
6.35105850975163,1,0.600000046720851,0.200000073378102,-0.19999992439452,-0.599999948856142,-1
6.36106017669612,1,0.600000046631844,0.200000073243974,-0.199999924527324,-0.5999999489425,-1
6.37106184364061,1,0.600000046548897,0.200000073119388,-0.199999924650276,-0.59999994902218,-1
6.3810635105851,1,0.600000046472623,0.20000007300531,-0.199999924762372,-0.5999999490945,-1
6.39106517752959,1,0.600000046403585,0.200000072902632,-0.19999992486269,-0.59999994915883,-1
6.40106684447408,1,0.600000046342285,0.20000007281215,-0.199999924950401,-0.599999949214608,-1
6.41106851141857,1,0.600000046289161,0.200000072734556,-0.199999925024787,-0.599999949261341,-1
6.42107017836306,1,0.600000046244574,0.200000072670426,-0.199999925085248,-0.599999949298622,-1
6.43107184530755,1,0.600000046208807,0.200000072620209,-0.199999925131315,-0.59999994932613,-1
6.44107351225204,1,0.600000046182056,0.200000072584216,-0.199999925162664,-0.599999949343641,-1
6.45107517919653,1,0.600000046164425,0.200000072562619,-0.199999925179113,-0.599999949351032,-1
6.46107684614102,1,0.600000046155926,0.200000072555437,-0.199999925180639,-0.599999949348282,-1
6.47107851308551,1,0.600000046156474,0.200000072562541,-0.199999925167371,-0.599999949335478,-1
6.48108018003,1,0.60000004616589,0.200000072583653,-0.199999925139596,-0.599999949312813,-1
6.4910818469745,1,0.600000046183901,0.200000072618344,-0.199999925097753,-0.599999949280582,-1
6.50108351391899,1,0.600000046210144,0.200000072666044,-0.199999925042427,-0.599999949239182,-1
6.51108518086348,1,0.600000046244173,0.200000072726054,-0.199999924974343,-0.599999949189101,-1
6.52108684780797,1,0.600000046285465,0.200000072797549,-0.199999924894349,-0.599999949130917,-1
6.53108851475246,1,0.600000046333428,0.200000072879597,-0.199999924803409,-0.599999949065282,-1
6.54109018169695,1,0.600000046387412,0.200000072971174,-0.199999924702581,-0.599999948992914,-1
6.55109184864144,1,0.600000046446719,0.200000073071182,-0.199999924593002,-0.599999948914584,-1
6.56109351558593,1,0.600000046510616,0.200000073178461,-0.199999924475869,-0.599999948831105,-1
6.57109518253042,1,0.600000046578345,0.200000073291818,-0.199999924352419,-0.599999948743318,-1
6.58109684947491,1,0.600000046649136,0.200000073410036,-0.19999992422391,-0.599999948652076,-1
6.5910985164194,1,0.600000046722219,0.200000073531897,-0.199999924091603,-0.599999948558237,-1
6.60110018336389,1,0.600000046796831,0.2000000736562,-0.199999923956744,-0.599999948462649,-1
6.61110185030839,1,0.60000004687223,0.200000073781772,-0.199999923820547,-0.599999948366136,-1
6.62110351725288,1,0.600000046947705,0.200000073907486,-0.199999923684181,-0.599999948269493,-1
6.63110518419737,1,0.600000047022577,0.20000007403227,-0.199999923548757,-0.599999948173477,-1
6.64110685114186,1,0.600000047096209,0.200000074155118,-0.199999923415317,-0.599999948078797,-1
6.65110851808635,1,0.600000047168012,0.200000074275097,-0.19999992328483,-0.599999947986113,-1
6.66111018503084,1,0.600000047237447,0.200000074391353,-0.199999923158184,-0.599999947896028,-1
6.67111185197533,1,0.600000047304027,0.200000074503113,-0.19999992303618,-0.59999994780909,-1
6.68111351891982,1,0.600000047367314,0.200000074609687,-0.199999922919534,-0.599999947725787,-1
6.69111518586431,1,0.600000047426927,0.200000074710468,-0.199999922808878,-0.599999947646549,-1
6.7011168528088,1,0.600000047482536,0.200000074804932,-0.199999922704757,-0.599999947571748,-1
6.71111851975329,1,0.600000047533858,0.200000074892631,-0.199999922607638,-0.599999947501703,-1
6.72112018669778,1,0.600000047580661,0.200000074973196,-0.199999922517905,-0.599999947436678,-1
6.73112185364227,1,0.600000047622757,0.200000075046326,-0.199999922435871,-0.599999947376886,-1
6.74112352058676,1,0.600000047659998,0.200000075111788,-0.199999922361781,-0.599999947322495,-1
6.75112518753126,1,0.600000047692281,0.200000075169413,-0.199999922295813,-0.599999947273627,-1
6.76112685447575,1,0.600000047719535,0.200000075219088,-0.199999922238085,-0.599999947230365,-1
6.77112852142024,1,0.600000047741723,0.200000075260754,-0.19999992218866,-0.599999947192752,-1
6.78113018836473,1,0.600000047758842,0.200000075294402,-0.199999922147551,-0.599999947160798,-1
6.79113185530922,1,0.600000047770913,0.200000075320063,-0.199999922114726,-0.599999947134484,-1
6.80113352225371,1,0.600000047777986,0.200000075337815,-0.199999922090107,-0.599999947113758,-1
6.8111351891982,1,0.600000047780133,0.200000075347769,-0.199999922073581,-0.599999947098542,-1
6.82113685614269,1,0.600000047777446,0.200000075350071,-0.199999922064997,-0.599999947088736,-1
6.83113852308718,1,0.600000047770041,0.2000000753449,-0.199999922064174,-0.599999947084218,-1
6.84114019003167,1,0.600000047758047,0.20000007533246,-0.199999922070898,-0.599999947084844,-1
6.85114185697616,1,0.600000047741613,0.200000075312984,-0.199999922084932,-0.599999947090452,-1
6.86114352392065,1,0.600000047720902,0.200000075286729,-0.199999922106009,-0.599999947100862,-1
6.87114519086514,1,0.60000004769609,0.200000075253972,-0.199999922133844,-0.599999947115881,-1
6.88114685780964,1,0.600000047667367,0.200000075215013,-0.199999922168126,-0.599999947135297,-1
6.89114852475413,1,0.600000047634936,0.20000007517017,-0.199999922208527,-0.599999947158889,-1
6.90115019169862,1,0.60000004759901,0.200000075119781,-0.199999922254698,-0.599999947186419,-1
6.91115185864311,1,0.60000004755981,0.200000075064195,-0.199999922306276,-0.59999994721764,-1
6.9211535255876,1,0.60000004751757,0.20000007500378,-0.19999992236288,-0.599999947252295,-1
6.93115519253209,1,0.600000047472531,0.200000074938918,-0.199999922424116,-0.599999947290113,-1
6.94115685947658,1,0.600000047424942,0.200000074870003,-0.199999922489574,-0.599999947330817,-1
6.95115852642107,1,0.60000004737506,0.200000074797439,-0.199999922558834,-0.599999947374122,-1
6.96116019336556,1,0.600000047323147,0.200000074721644,-0.199999922631466,-0.599999947419733,-1
6.97116186031005,1,0.600000047269471,0.20000007464304,-0.199999922707029,-0.599999947467351,-1
6.98116352725454,1,0.600000047214305,0.20000007456206,-0.199999922785075,-0.59999994751667,-1
6.99116519419903,1,0.600000047157925,0.20000007447914,-0.199999922865149,-0.599999947567382,-1
7.00116686114352,1,0.600000047100612,0.200000074394727,-0.19999992294679,-0.59999994761917,-1
7.01116852808801,1,0.600000047042645,0.200000074309264,-0.199999923029535,-0.599999947671721,-1
7.02117019503251,1,0.600000046984308,0.200000074223198,-0.19999992311292,-0.599999947724716,-1
7.031171861977,1,0.60000004692588,0.200000074136977,-0.199999923196481,-0.599999947777839,-1
7.04117352892149,1,0.600000046867643,0.200000074051043,-0.199999923279754,-0.599999947830775,-1
7.05117519586598,1,0.600000046809874,0.200000073965838,-0.199999923362283,-0.599999947883211,-1
7.06117686281047,1,0.600000046752845,0.200000073881795,-0.199999923443616,-0.599999947934838,-1
7.07117852975496,1,0.600000046696824,0.200000073799337,-0.199999923523312,-0.599999947985355,-1
7.08118019669945,1,0.600000046642072,0.200000073718881,-0.199999923600938,-0.599999948034468,-1
7.09118186364394,1,0.600000046588839,0.200000073640825,-0.199999923676077,-0.599999948081891,-1
7.10118353058843,1,0.600000046537369,0.200000073565557,-0.199999923748327,-0.599999948127347,-1
7.11118519753292,1,0.600000046487894,0.200000073493443,-0.199999923817305,-0.599999948170576,-1
7.12118686447741,1,0.60000004644063,0.20000007342483,-0.199999923882648,-0.59999994821133,-1
7.1311885314219,1,0.600000046395782,0.200000073360045,-0.199999923944017,-0.599999948249375,-1
7.14119019836639,1,0.600000046353539,0.200000073299387,-0.199999924001099,-0.599999948284498,-1
7.15119186531089,1,0.600000046314071,0.200000073243129,-0.199999924053607,-0.599999948316502,-1
7.16119353225538,1,0.600000046277531,0.200000073191514,-0.199999924101288,-0.599999948345213,-1
7.17119519919987,1,0.600000046244051,0.200000073144757,-0.199999924143919,-0.599999948370477,-1
7.18119686614436,1,0.600000046213746,0.200000073103036,-0.199999924181309,-0.599999948392165,-1
7.19119853308885,1,0.600000046186705,0.200000073066498,-0.199999924213306,-0.599999948410171,-1
7.20120020003334,1,0.600000046162998,0.200000073035252,-0.199999924239795,-0.599999948424416,-1
7.21120186697783,1,0.600000046142668,0.200000073009372,-0.199999924260699,-0.599999948434844,-1
7.22120353392232,1,0.600000046125736,0.200000072988892,-0.199999924275979,-0.599999948441431,-1
7.23120520086681,1,0.6000000461122,0.200000072973809,-0.199999924285637,-0.599999948444176,-1
7.2412068678113,1,0.600000046102033,0.200000072964082,-0.199999924289715,-0.599999948443107,-1
7.25120853475579,1,0.600000046095185,0.200000072959631,-0.199999924288294,-0.599999948438279,-1
7.26121020170028,1,0.600000046091579,0.20000007296034,-0.199999924281496,-0.599999948429773,-1
7.27121186864477,1,0.60000004609112,0.200000072966055,-0.199999924269478,-0.599999948417696,-1
7.28121353558926,1,0.600000046093688,0.200000072976587,-0.199999924252435,-0.599999948402182,-1
7.29121520253376,1,0.600000046099142,0.200000072991716,-0.199999924230597,-0.599999948383387,-1
7.30121686947825,1,0.600000046107324,0.200000073011187,-0.199999924204227,-0.599999948361489,-1
7.31121853642274,1,0.600000046118055,0.200000073034721,-0.199999924173617,-0.599999948336688,-1
7.32122020336723,1,0.600000046131141,0.200000073062008,-0.199999924139086,-0.599999948309201,-1
7.33122187031172,1,0.600000046146375,0.200000073092719,-0.199999924100979,-0.599999948279263,-1
7.34122353725621,1,0.600000046163536,0.200000073126504,-0.199999924059658,-0.599999948247123,-1
7.3512252042007,1,0.600000046182393,0.200000073162999,-0.199999924015505,-0.599999948213039,-1
7.36122687114519,1,0.60000004620271,0.200000073201825,-0.199999923968913,-0.599999948177281,-1
7.37122853808968,1,0.600000046224242,0.200000073242594,-0.199999923920284,-0.599999948140125,-1
7.38123020503417,1,0.600000046246743,0.200000073284915,-0.199999923870029,-0.599999948101849,-1
7.39123187197866,1,0.600000046269966,0.200000073328395,-0.199999923818555,-0.599999948062734,-1
7.40123353892315,1,0.600000046293664,0.200000073372642,-0.19999992376627,-0.599999948023058,-1
7.41123520586764,1,0.600000046317597,0.200000073417273,-0.199999923713577,-0.599999947983097,-1
7.42123687281213,1,0.600000046341528,0.20000007346191,-0.199999923660867,-0.599999947943119,-1
7.43123853975663,1,0.600000046365228,0.200000073506189,-0.199999923608522,-0.599999947903384,-1
7.44124020670112,1,0.600000046388478,0.200000073549762,-0.199999923556906,-0.599999947864142,-1
7.45124187364561,1,0.600000046411068,0.200000073592293,-0.199999923506366,-0.599999947825632,-1
7.4612435405901,1,0.600000046432803,0.200000073633471,-0.199999923457229,-0.599999947788077,-1
7.47124520753459,1,0.6000000464535,0.200000073673005,-0.199999923409802,-0.599999947751687,-1
7.48124687447908,1,0.600000046472989,0.200000073710622,-0.199999923364367,-0.599999947716656,-1
7.49124854142357,1,0.600000046491115,0.200000073746077,-0.199999923321182,-0.599999947683162,-1
7.50125020836806,1,0.600000046507741,0.200000073779147,-0.19999992328048,-0.599999947651363,-1
7.51125187531255,1,0.60000004652274,0.200000073809633,-0.199999923242469,-0.599999947621403,-1
7.52125354225704,1,0.600000046536007,0.200000073837364,-0.19999992320733,-0.599999947593406,-1
7.53125520920153,1,0.600000046547446,0.200000073862189,-0.199999923175218,-0.59999994756748,-1
7.54125687614602,1,0.600000046556983,0.200000073883986,-0.199999923146266,-0.599999947543714,-1
7.55125854309052,1,0.600000046564553,0.200000073902653,-0.199999923120576,-0.599999947522181,-1
7.56126021003501,1,0.60000004657011,0.200000073918114,-0.199999923098232,-0.599999947502938,-1
7.5712618769795,1,0.600000046573619,0.200000073930315,-0.19999992307929,-0.599999947486024,-1
7.58126354392399,1,0.600000046575061,0.20000007393922,-0.199999923063788,-0.599999947471465,-1
7.59126521086848,1,0.600000046574427,0.20000007394482,-0.199999923051739,-0.599999947459271,-1
7.60126687781297,1,0.600000046571723,0.200000073947118,-0.199999923043136,-0.599999947449438,-1
7.61126854475746,1,0.600000046566966,0.200000073946142,-0.199999923037954,-0.59999994744195,-1
7.62127021170195,1,0.600000046560182,0.200000073941933,-0.199999923036151,-0.599999947436777,-1
7.63127187864644,1,0.600000046551408,0.20000007393455,-0.199999923037665,-0.599999947433878,-1
7.64127354559093,1,0.600000046540691,0.200000073924065,-0.199999923042421,-0.599999947433202,-1
7.65127521253542,1,0.600000046528086,0.200000073910569,-0.199999923050327,-0.599999947434687,-1
7.66127687947991,1,0.600000046513658,0.200000073894159,-0.19999992306128,-0.599999947438262,-1
7.6712785464244,1,0.600000046497477,0.200000073874951,-0.199999923075162,-0.599999947443846,-1
7.6812802133689,1,0.60000004647962,0.200000073853066,-0.199999923091844,-0.599999947451353,-1
7.69128188031339,1,0.600000046460174,0.200000073828639,-0.199999923111187,-0.599999947460686,-1
7.70128354725788,1,0.600000046439228,0.200000073801816,-0.199999923133039,-0.599999947471742,-1
7.71128521420237,1,0.600000046416878,0.200000073772747,-0.199999923157244,-0.599999947484415,-1
7.72128688114686,1,0.600000046393224,0.200000073741592,-0.199999923183634,-0.599999947498589,-1
7.73128854809135,1,0.600000046368373,0.20000007370852,-0.199999923212035,-0.599999947514146,-1
7.74129021503584,1,0.600000046342432,0.200000073673702,-0.199999923242267,-0.599999947530961,-1
7.75129188198033,1,0.600000046315513,0.200000073637318,-0.199999923274142,-0.599999947548907,-1
7.76129354892482,1,0.600000046287732,0.20000007359955,-0.19999992330747,-0.599999947567854,-1
7.77129521586931,1,0.600000046259205,0.200000073560585,-0.199999923342054,-0.599999947587667,-1
7.7812968828138,1,0.600000046230053,0.200000073520615,-0.199999923377698,-0.599999947608209,-1
7.79129854975829,1,0.600000046200394,0.200000073479831,-0.199999923414199,-0.599999947629344,-1
7.80130021670278,1,0.60000004617035,0.200000073438425,-0.199999923451355,-0.599999947650931,-1
7.81130188364727,1,0.600000046140045,0.200000073396595,-0.199999923488962,-0.599999947672833,-1
7.82130355059177,1,0.600000046109598,0.200000073354532,-0.199999923526817,-0.599999947694908,-1
7.83130521753626,1,0.600000046079131,0.200000073312431,-0.199999923564719,-0.599999947717019,-1
7.84130688448075,1,0.600000046048763,0.200000073270482,-0.199999923602467,-0.599999947739027,-1
7.85130855142524,1,0.600000046018611,0.200000073228874,-0.199999923639864,-0.599999947760799,-1
7.86131021836973,1,0.600000045988791,0.20000007318779,-0.199999923676718,-0.599999947782201,-1
7.87131188531422,1,0.600000045959414,0.200000073147409,-0.199999923712841,-0.599999947803104,-1
7.88131355225871,1,0.600000045930589,0.200000073107905,-0.199999923748051,-0.599999947823383,-1
7.8913152192032,1,0.600000045902421,0.200000073069445,-0.199999923782172,-0.599999947842918,-1
7.90131688614769,1,0.600000045875008,0.200000073032188,-0.199999923815037,-0.599999947861592,-1
7.91131855309218,1,0.600000045848444,0.200000072996285,-0.199999923846489,-0.599999947879299,-1
7.92132022003667,1,0.600000045822817,0.200000072961875,-0.19999992387638,-0.599999947895935,-1
7.93132188698116,1,0.600000045798209,0.200000072929093,-0.19999992390457,-0.599999947911406,-1
7.94132355392565,1,0.600000045774695,0.200000072898055,-0.199999923930935,-0.599999947925625,-1
7.95132522087015,1,0.60000004575234,0.200000072868871,-0.199999923955362,-0.599999947938514,-1
7.96132688781464,1,0.600000045731206,0.200000072841636,-0.199999923977749,-0.599999947950003,-1
7.97132855475913,1,0.600000045711342,0.200000072816432,-0.199999923998009,-0.599999947960031,-1
7.98133022170362,1,0.600000045692791,0.200000072793327,-0.199999924016071,-0.599999947968551,-1
7.99133188864811,1,0.600000045675588,0.200000072772376,-0.199999924031877,-0.59999994797552,-1
8.0013335555926,1,0.600000045659756,0.20000007275362,-0.199999924045384,-0.599999947980909,-1
8.01133522253709,1,0.60000004564531,0.200000072737081,-0.199999924056566,-0.599999947984701,-1
8.02133688948158,1,0.600000045632257,0.200000072722773,-0.19999992406541,-0.599999947986886,-1
8.03133855642607,1,0.600000045620594,0.200000072710689,-0.199999924071922,-0.599999947987467,-1
8.04134022337056,1,0.600000045610307,0.200000072700812,-0.199999924076119,-0.599999947986456,-1
8.05134189031505,1,0.600000045601378,0.200000072693107,-0.199999924078038,-0.599999947983878,-1
8.06134355725954,1,0.600000045593774,0.200000072687527,-0.199999924077727,-0.599999947979766,-1
8.07134522420403,1,0.600000045587457,0.200000072684011,-0.19999992407525,-0.599999947974162,-1
8.08134689114853,1,0.60000004558238,0.200000072682482,-0.199999924070686,-0.599999947967122,-1
8.09134855809302,1,0.600000045578489,0.200000072682856,-0.199999924064123,-0.599999947958706,-1
8.10135022503751,1,0.600000045575722,0.200000072685034,-0.199999924055666,-0.599999947948986,-1
8.111351891982,1,0.600000045574011,0.200000072688907,-0.199999924045427,-0.599999947938038,-1
8.12135355892649,1,0.600000045573283,0.200000072694356,-0.199999924033531,-0.599999947925947,-1
8.13135522587098,1,0.600000045573456,0.200000072701255,-0.199999924020111,-0.599999947912806,-1
8.14135689281547,1,0.600000045574448,0.200000072709469,-0.199999924005307,-0.59999994789871,-1
8.15135855975996,1,0.600000045576169,0.200000072718857,-0.199999923989268,-0.599999947883762,-1
8.16136022670445,1,0.60000004557853,0.200000072729273,-0.199999923972146,-0.599999947868066,-1
8.17136189364894,1,0.600000045581434,0.200000072740566,-0.1999999239541,-0.599999947851732,-1
8.18136356059343,1,0.600000045584789,0.200000072752585,-0.199999923935287,-0.599999947834867,-1
8.19136522753792,1,0.600000045588497,0.200000072765175,-0.199999923915871,-0.599999947817585,-1
8.20136689448241,1,0.600000045592463,0.200000072778181,-0.199999923896012,-0.599999947799996,-1
8.21136856142691,1,0.600000045596589,0.200000072791452,-0.199999923875873,-0.599999947782211,-1
8.22137022837139,1,0.600000045600784,0.200000072804834,-0.199999923855612,-0.599999947764339,-1
8.23137189531589,1,0.600000045604953,0.200000072818181,-0.199999923835385,-0.599999947746488,-1
8.24137356226038,1,0.600000045609008,0.200000072831347,-0.199999923815344,-0.599999947728763,-1
8.25137522920487,1,0.60000004561286,0.200000072844194,-0.199999923795634,-0.599999947711263,-1
8.26137689614936,1,0.600000045616427,0.200000072856586,-0.199999923776398,-0.599999947694087,-1
8.27137856309385,1,0.600000045619631,0.200000072868399,-0.199999923757766,-0.599999947677326,-1
8.28138023003834,1,0.600000045622395,0.200000072879511,-0.199999923739868,-0.599999947661068,-1
8.29138189698283,1,0.600000045624652,0.200000072889812,-0.199999923722819,-0.599999947645393,-1
8.30138356392732,1,0.600000045626336,0.200000072899197,-0.19999992370673,-0.599999947630377,-1
8.31138523087181,1,0.600000045627388,0.200000072907571,-0.1999999236917,-0.599999947616089,-1
8.3213868978163,1,0.600000045627757,0.200000072914849,-0.199999923677819,-0.599999947602591,-1
8.33138856476079,1,0.600000045627394,0.200000072920955,-0.199999923665169,-0.59999994758994,-1
8.34139023170528,1,0.600000045626256,0.200000072925819,-0.199999923653821,-0.599999947578185,-1
8.35139189864977,1,0.600000045624309,0.200000072929387,-0.199999923643835,-0.599999947567368,-1
8.36139356559427,1,0.600000045621523,0.200000072931608,-0.199999923635262,-0.599999947557523,-1
8.37139523253876,1,0.600000045617875,0.200000072932446,-0.199999923628144,-0.59999994754868,-1
8.38139689948325,1,0.600000045613345,0.200000072931869,-0.199999923622511,-0.599999947540862,-1
8.39139856642774,1,0.600000045607922,0.200000072929859,-0.199999923618384,-0.59999994753408,-1
8.40140023337223,1,0.600000045601601,0.200000072926407,-0.199999923615775,-0.599999947528344,-1
8.41140190031672,1,0.60000004559438,0.200000072921508,-0.199999923614686,-0.599999947523657,-1
8.42140356726121,1,0.600000045586263,0.20000007291517,-0.199999923615111,-0.599999947520014,-1
8.4314052342057,1,0.60000004557726,0.200000072907408,-0.199999923617034,-0.599999947517403,-1
8.44140690115019,1,0.600000045567387,0.200000072898246,-0.199999923620431,-0.59999994751581,-1
8.45140856809468,1,0.600000045556661,0.200000072887713,-0.199999923625271,-0.599999947515212,-1
8.46141023503917,1,0.600000045545107,0.200000072875847,-0.199999923631514,-0.599999947515583,-1
8.47141190198366,1,0.600000045532751,0.200000072862693,-0.199999923639114,-0.599999947516891,-1
8.48141356892815,1,0.600000045519628,0.200000072848303,-0.199999923648016,-0.599999947519098,-1
8.49141523587265,1,0.600000045505772,0.200000072832731,-0.199999923658163,-0.599999947522165,-1
8.50141690281714,1,0.600000045491221,0.200000072816042,-0.199999923669488,-0.599999947526046,-1
8.51141856976163,1,0.600000045476019,0.200000072798302,-0.199999923681921,-0.599999947530692,-1
8.52142023670612,1,0.60000004546021,0.200000072779584,-0.199999923695387,-0.599999947536052,-1
8.53142190365061,1,0.600000045443841,0.200000072759963,-0.199999923709804,-0.599999947542071,-1
8.5414235705951,1,0.600000045426963,0.20000007273952,-0.19999992372509,-0.59999994754869,-1
8.55142523753959,1,0.600000045409626,0.200000072718337,-0.199999923741157,-0.599999947555851,-1
8.56142690448408,1,0.600000045391884,0.200000072696499,-0.199999923757917,-0.599999947563491,-1
8.57142857142857,1,0.600000045373792,0.200000072674095,-0.199999923775275,-0.599999947571546,-1
8.58143023837306,1,0.600000045355406,0.200000072651214,-0.199999923793139,-0.599999947579951,-1
8.59143190531755,1,0.60000004533678,0.200000072627946,-0.199999923811413,-0.599999947588642,-1
8.60143357226204,1,0.600000045317972,0.200000072604381,-0.199999923830001,-0.599999947597551,-1
8.61143523920653,1,0.60000004529904,0.200000072580613,-0.199999923848808,-0.599999947606612,-1
8.62143690615103,1,0.600000045280038,0.200000072556731,-0.199999923867737,-0.599999947615759,-1
8.63143857309552,1,0.600000045261024,0.200000072532826,-0.199999923886693,-0.599999947624927,-1
8.64144024004001,1,0.600000045242052,0.200000072508985,-0.199999923905583,-0.599999947634051,-1
8.6514419069845,1,0.600000045223176,0.200000072485297,-0.199999923924315,-0.599999947643068,-1
8.66144357392899,1,0.600000045204448,0.200000072461845,-0.1999999239428,-0.599999947651915,-1
8.67144524087348,1,0.60000004518592,0.200000072438711,-0.199999923960952,-0.599999947660534,-1
8.68144690781797,1,0.600000045167639,0.200000072415974,-0.199999923978688,-0.599999947668867,-1
8.69144857476246,1,0.600000045149653,0.200000072393709,-0.199999923995929,-0.599999947676859,-1
8.70145024170695,1,0.600000045132005,0.200000072371988,-0.199999924012599,-0.599999947684458,-1
8.71145190865144,1,0.600000045114737,0.200000072350876,-0.199999924028628,-0.599999947691614,-1
8.72145357559593,1,0.600000045097886,0.200000072330435,-0.199999924043951,-0.599999947698284,-1
8.73145524254042,1,0.600000045081489,0.200000072310722,-0.199999924058507,-0.599999947704425,-1
8.74145690948491,1,0.600000045065577,0.20000007229179,-0.199999924072243,-0.59999994771,-1
8.75145857642941,1,0.600000045050177,0.200000072273683,-0.199999924085109,-0.599999947714974,-1
8.76146024337389,1,0.600000045035313,0.200000072256439,-0.199999924097064,-0.59999994771932,-1
8.77146191031839,1,0.600000045021008,0.200000072240095,-0.199999924108072,-0.59999994772301,-1
8.78146357726288,1,0.600000045007279,0.200000072224678,-0.199999924118102,-0.599999947726026,-1
8.79146524420737,1,0.600000044994137,0.200000072210209,-0.199999924127134,-0.59999994772835,-1
8.80146691115186,1,0.600000044981594,0.200000072196702,-0.199999924135149,-0.599999947729973,-1
8.81146857809635,1,0.600000044969652,0.200000072184167,-0.19999992414214,-0.599999947730887,-1
8.82147024504084,1,0.600000044958314,0.200000072172606,-0.199999924148102,-0.59999994773109,-1
8.83147191198533,1,0.600000044947577,0.200000072162014,-0.199999924153041,-0.599999947730584,-1
8.84147357892982,1,0.600000044937434,0.200000072152382,-0.199999924156968,-0.599999947729377,-1
8.85147524587431,1,0.600000044927876,0.200000072143693,-0.199999924159897,-0.599999947727482,-1
8.8614769128188,1,0.600000044918889,0.200000072135926,-0.199999924161853,-0.599999947724911,-1
8.87147857976329,1,0.600000044910455,0.200000072129052,-0.199999924162864,-0.599999947721687,-1
8.88148024670778,1,0.600000044902553,0.20000007212304,-0.199999924162965,-0.599999947717832,-1
8.89148191365228,1,0.600000044895161,0.200000072117851,-0.199999924162195,-0.599999947713374,-1
8.90148358059677,1,0.600000044888251,0.200000072113443,-0.199999924160601,-0.599999947708343,-1
8.91148524754126,1,0.600000044881796,0.200000072109769,-0.199999924158228,-0.599999947702774,-1
8.92148691448575,1,0.600000044875764,0.200000072106779,-0.199999924155132,-0.599999947696703,-1
8.93148858143024,1,0.600000044870119,0.20000007210442,-0.199999924151369,-0.599999947690169,-1
8.94149024837473,1,0.600000044864829,0.200000072102633,-0.199999924146999,-0.599999947683214,-1
8.95149191531922,1,0.600000044859856,0.200000072101359,-0.199999924142085,-0.599999947675881,-1
8.96149358226371,1,0.600000044855161,0.200000072100537,-0.199999924136692,-0.599999947668216,-1
8.9714952492082,1,0.600000044850706,0.200000072100104,-0.199999924130886,-0.599999947660264,-1
8.98149691615269,1,0.600000044846449,0.200000072099994,-0.199999924124736,-0.599999947652072,-1
8.99149858309718,1,0.600000044842352,0.200000072100144,-0.199999924118311,-0.599999947643688,-1
9.00150025004167,1,0.600000044838374,0.200000072100487,-0.199999924111679,-0.59999994763516,-1
9.01150191698616,1,0.600000044834474,0.200000072100959,-0.199999924104909,-0.599999947626535,-1
9.02150358393066,1,0.600000044830613,0.200000072101496,-0.199999924098069,-0.599999947617861,-1
9.03150525087515,1,0.60000004482675,0.200000072102032,-0.199999924091228,-0.599999947609184,-1
9.04150691781964,1,0.600000044822848,0.200000072102506,-0.19999992408445,-0.59999994760055,-1
9.05150858476413,1,0.600000044818871,0.20000007210286,-0.199999924077797,-0.599999947592002,-1
9.06151025170862,1,0.600000044814782,0.200000072103034,-0.199999924071333,-0.599999947583585,-1
9.07151191865311,1,0.600000044810544,0.200000072102972,-0.199999924065118,-0.599999947575338,-1
9.0815135855976,1,0.600000044806128,0.200000072102624,-0.199999924059204,-0.599999947567299,-1
9.09151525254209,1,0.600000044801504,0.200000072101938,-0.199999924053645,-0.599999947559505,-1
9.10151691948658,1,0.600000044796641,0.200000072100868,-0.199999924048492,-0.599999947551991,-1
9.11151858643107,1,0.600000044791514,0.200000072099372,-0.199999924043788,-0.599999947544789,-1
9.12152025337556,1,0.600000044786098,0.20000007209741,-0.199999924039577,-0.599999947537927,-1
9.13152192032005,1,0.600000044780371,0.200000072094948,-0.199999924035893,-0.59999994753143,-1
9.14152358726454,1,0.600000044774315,0.200000072091952,-0.199999924032773,-0.599999947525323,-1
9.15152525420904,1,0.600000044767913,0.200000072088398,-0.199999924030243,-0.599999947519626,-1
9.16152692115353,1,0.60000004476115,0.200000072084261,-0.19999992402833,-0.599999947514356,-1
9.17152858809802,1,0.600000044754015,0.200000072079522,-0.199999924027053,-0.599999947509526,-1
9.18153025504251,1,0.600000044746499,0.200000072074166,-0.199999924026429,-0.599999947505149,-1
9.191531921987,1,0.600000044738596,0.200000072068184,-0.199999924026468,-0.599999947501232,-1
9.20153358893149,1,0.6000000447303,0.200000072061567,-0.199999924027178,-0.59999994749778,-1
9.21153525587598,1,0.600000044721611,0.200000072054314,-0.199999924028563,-0.599999947494797,-1
9.22153692282047,1,0.60000004471253,0.200000072046427,-0.199999924030619,-0.599999947492279,-1
9.23153858976496,1,0.600000044703059,0.200000072037907,-0.199999924033344,-0.599999947490225,-1
9.24154025670945,1,0.600000044693207,0.200000072028767,-0.199999924036727,-0.599999947488628,-1
9.25154192365394,1,0.600000044682977,0.200000072019018,-0.199999924040756,-0.59999994748748,-1
9.26154359059843,1,0.600000044672382,0.200000072008674,-0.199999924045415,-0.599999947486769,-1
9.27154525754292,1,0.600000044661433,0.200000071997758,-0.199999924050682,-0.59999994748648,-1
9.28154692448742,1,0.600000044650143,0.200000071986288,-0.199999924056535,-0.599999947486599,-1
9.2915485914319,1,0.600000044638527,0.200000071974291,-0.199999924062949,-0.599999947487107,-1
9.3015502583764,1,0.600000044626604,0.200000071961793,-0.199999924069893,-0.599999947487984,-1
9.31155192532089,1,0.600000044614391,0.200000071948824,-0.199999924077337,-0.599999947489209,-1
9.32155359226538,1,0.60000004460191,0.200000071935418,-0.199999924085245,-0.599999947490757,-1
9.33155525920987,1,0.600000044589179,0.200000071921608,-0.199999924093584,-0.599999947492605,-1
9.34155692615436,1,0.600000044576222,0.200000071907428,-0.199999924102314,-0.599999947494725,-1
9.35155859309885,1,0.60000004456306,0.200000071892918,-0.199999924111397,-0.599999947497091,-1
9.36156026004334,1,0.600000044549718,0.200000071878114,-0.199999924120791,-0.599999947499674,-1
9.37156192698783,1,0.600000044536222,0.200000071863058,-0.199999924130455,-0.599999947502444,-1
9.38156359393232,1,0.600000044522594,0.200000071847788,-0.199999924140348,-0.599999947505374,-1
9.39156526087681,1,0.600000044508861,0.200000071832345,-0.199999924150424,-0.599999947508433,-1
9.4015669278213,1,0.600000044495047,0.200000071816771,-0.199999924160641,-0.59999994751159,-1
9.41156859476579,1,0.600000044481179,0.200000071801106,-0.199999924170956,-0.599999947514815,-1
9.42157026171028,1,0.600000044467281,0.20000007178539,-0.199999924181325,-0.599999947518079,-1
9.43157192865478,1,0.600000044453376,0.200000071769664,-0.199999924191706,-0.599999947521353,-1
9.44157359559927,1,0.600000044439491,0.200000071753968,-0.199999924202056,-0.599999947524606,-1
9.45157526254376,1,0.600000044425647,0.20000007173834,-0.199999924212336,-0.59999994752781,-1
9.46157692948825,1,0.600000044411872,0.200000071722819,-0.199999924222505,-0.599999947530938,-1
9.47157859643274,1,0.600000044398183,0.200000071707438,-0.199999924232524,-0.599999947533962,-1
9.48158026337723,1,0.600000044384603,0.200000071692234,-0.199999924242358,-0.599999947536859,-1
9.49158193032172,1,0.600000044371153,0.200000071677238,-0.19999992425197,-0.599999947539601,-1
9.50158359726621,1,0.600000044357851,0.200000071662483,-0.199999924261328,-0.599999947542168,-1
9.5115852642107,1,0.600000044344715,0.200000071647997,-0.199999924270402,-0.599999947544537,-1
9.52158693115519,1,0.600000044331763,0.200000071633806,-0.199999924279163,-0.59999994754669,-1
9.53158859809968,1,0.600000044319008,0.200000071619936,-0.199999924287584,-0.599999947548607,-1
9.54159026504417,1,0.600000044306463,0.200000071606407,-0.199999924295643,-0.599999947550271,-1
9.55159193198866,1,0.600000044294142,0.20000007159324,-0.199999924303318,-0.59999994755167,-1
9.56159359893316,1,0.600000044282053,0.200000071580452,-0.199999924310592,-0.599999947552789,-1
9.57159526587765,1,0.600000044270207,0.200000071568056,-0.199999924317449,-0.599999947553619,-1
9.58159693282214,1,0.60000004425861,0.200000071556065,-0.199999924323876,-0.59999994755415,-1
9.59159859976663,1,0.600000044247267,0.200000071544486,-0.199999924329866,-0.599999947554376,-1
9.60160026671112,1,0.600000044236182,0.200000071533328,-0.19999992433541,-0.599999947554293,-1
9.61160193365561,1,0.600000044225357,0.20000007152259,-0.199999924340506,-0.599999947553897,-1
9.6216036006001,1,0.600000044214791,0.200000071512277,-0.199999924345152,-0.599999947553188,-1
9.63160526754459,1,0.600000044204485,0.200000071502383,-0.199999924349351,-0.599999947552168,-1
9.64160693448908,1,0.600000044194434,0.200000071492905,-0.199999924353107,-0.59999994755084,-1
9.65160860143357,1,0.600000044184634,0.200000071483837,-0.199999924356429,-0.599999947549209,-1
9.66161026837806,1,0.60000004417508,0.200000071475168,-0.199999924359325,-0.599999947547282,-1
9.67161193532255,1,0.600000044165763,0.200000071466885,-0.19999992436181,-0.599999947545068,-1
9.68161360226704,1,0.600000044156676,0.200000071458978,-0.199999924363897,-0.599999947542578,-1
9.69161526921154,1,0.600000044147806,0.200000071451426,-0.199999924365605,-0.599999947539821,-1
9.70161693615603,1,0.600000044139146,0.200000071444213,-0.199999924366951,-0.599999947536814,-1
9.71161860310052,1,0.60000004413068,0.200000071437319,-0.199999924367958,-0.59999994753357,-1
9.72162027004501,1,0.600000044122397,0.200000071430722,-0.199999924368648,-0.599999947530105,-1
9.7316219369895,1,0.600000044114281,0.200000071424399,-0.199999924369046,-0.599999947526436,-1
9.74162360393399,1,0.600000044106318,0.200000071418324,-0.199999924369177,-0.599999947522581,-1
9.75162527087848,1,0.600000044098495,0.200000071412476,-0.199999924369069,-0.599999947518558,-1
9.76162693782297,1,0.600000044090791,0.200000071406826,-0.199999924368749,-0.599999947514387,-1
9.77162860476746,1,0.600000044083191,0.200000071401345,-0.199999924368247,-0.599999947510088,-1
9.78163027171195,1,0.60000004407568,0.200000071396009,-0.19999992436759,-0.599999947505682,-1
9.79163193865644,1,0.600000044068239,0.200000071390788,-0.19999992436681,-0.599999947501189,-1
9.80163360560093,1,0.600000044060851,0.200000071385655,-0.199999924365935,-0.59999994749663,-1
9.81163527254542,1,0.600000044053501,0.200000071380585,-0.199999924364995,-0.599999947492024,-1
9.82163693948992,1,0.600000044046169,0.200000071375545,-0.19999992436402,-0.599999947487393,-1
9.83163860643441,1,0.600000044038839,0.20000007137051,-0.199999924363039,-0.599999947482758,-1
9.8416402733789,1,0.600000044031497,0.200000071365454,-0.199999924362079,-0.599999947478137,-1
9.85164194032339,1,0.600000044024123,0.200000071360351,-0.19999992436117,-0.599999947473552,-1
9.86164360726788,1,0.600000044016706,0.200000071355175,-0.199999924360337,-0.599999947469019,-1
9.87164527421237,1,0.600000044009228,0.200000071349901,-0.199999924359607,-0.599999947464557,-1
9.88164694115686,1,0.600000044001677,0.200000071344508,-0.199999924359005,-0.599999947460183,-1
9.89164860810135,1,0.600000043994038,0.200000071338972,-0.199999924358552,-0.599999947455914,-1
9.90165027504584,1,0.6000000439863,0.200000071333276,-0.199999924358272,-0.599999947451764,-1
9.91165194199033,1,0.60000004397845,0.200000071327398,-0.199999924358184,-0.599999947447749,-1
9.92165360893482,1,0.600000043970477,0.20000007132132,-0.199999924358307,-0.59999994744388,-1
9.93165527587931,1,0.600000043962372,0.200000071315029,-0.199999924358659,-0.59999994744017,-1
9.9416569428238,1,0.600000043954129,0.200000071308509,-0.199999924359253,-0.599999947436629,-1
9.95165860976829,1,0.600000043945735,0.200000071301749,-0.199999924360103,-0.599999947433268,-1
9.96166027671279,1,0.600000043937189,0.200000071294738,-0.199999924361221,-0.599999947430091,-1
9.97166194365728,1,0.600000043928482,0.200000071287465,-0.199999924362616,-0.59999994742711,-1
9.98166361060177,1,0.600000043919612,0.200000071279926,-0.199999924364297,-0.599999947424326,-1
9.99166527754626,1,0.600000043910574,0.200000071272114,-0.199999924366267,-0.599999947421745,-1
